level	page_num	par_num	block_num	line_num	word_num	left	top	width	height	conf	text
1	1	0	0	0	0	0.000000	0.000000	842.000000	595.000000	-1	###PAGE###
3	1	0	0	0	0	403.150000	17.340430	36.061025	7.387050	-1	###FLOW###
4	1	0	0	0	0	403.150000	17.340430	36.061025	7.387050	-1	###LINE###
5	1	0	0	0	0	403.15	17.34	11.81	7.39	100	Page
5	1	0	0	0	1	415.80	17.34	3.07	7.39	100	1
5	1	0	0	0	2	420.20	17.34	5.15	7.39	100	of
5	1	0	0	0	3	426.24	17.34	12.97	7.39	100	1271
3	1	1	0	0	0	256.300000	37.219630	328.502790	29.201700	-1	###FLOW###
4	1	1	0	0	0	409.200000	37.219630	23.554300	9.401700	-1	###LINE###
5	1	1	0	0	0	409.20	37.22	12.38	9.40	100	Phụ
5	1	1	0	0	1	423.49	37.22	9.26	9.40	100	lục
4	1	1	0	1	0	279.950000	47.119630	282.790200	9.401700	-1	###LINE###
5	1	1	0	1	0	279.95	47.12	17.34	9.40	100	Danh
5	1	1	0	1	1	299.20	47.12	13.67	9.40	100	mục
5	1	1	0	1	2	314.61	47.12	9.86	9.40	100	mã
5	1	1	0	1	3	326.16	47.12	16.79	9.40	100	bệnh
5	1	1	0	1	4	344.86	47.12	15.14	9.40	100	theo
5	1	1	0	1	5	361.91	47.12	16.79	9.40	100	phân
5	1	1	0	1	6	380.62	47.12	11.79	9.40	100	loại
5	1	1	0	1	7	393.82	47.12	16.43	9.40	100	quốc
5	1	1	0	1	8	411.98	47.12	6.62	9.40	100	tế
5	1	1	0	1	9	420.22	47.12	16.79	9.40	100	bệnh
5	1	1	0	1	10	438.93	47.12	11.33	9.40	100	tật,
5	1	1	0	1	11	452.12	47.12	24.49	9.40	100	nguyên
5	1	1	0	1	12	478.53	47.12	16.79	9.40	100	nhân
5	1	1	0	1	13	497.23	47.12	7.73	9.40	100	tử
5	1	1	0	1	14	506.58	47.12	16.31	9.40	100	vong
5	1	1	0	1	15	524.73	47.12	15.14	9.40	100	theo
5	1	1	0	1	16	541.78	47.12	20.96	9.40	100	ICD-10
4	1	1	0	2	0	256.300000	57.019630	100.179310	9.401700	-1	###LINE###
5	1	1	0	2	0	256.30	57.02	14.41	9.40	100	(Ban
5	1	1	0	2	1	272.25	57.02	15.50	9.40	100	hành
5	1	1	0	2	2	289.29	57.02	13.24	9.40	100	kèm
5	1	1	0	2	3	304.15	57.02	14.39	9.40	100	theo
5	1	1	0	2	4	320.09	57.02	19.35	9.40	100	Thông
5	1	1	0	2	5	340.98	57.02	7.30	9.40	100	tư
5	1	1	0	2	6	349.78	57.02	6.70	9.40	100	số
4	1	1	0	3	0	377.868370	57.019630	59.514840	9.401700	-1	###LINE###
5	1	1	0	3	0	377.87	57.02	42.78	9.40	100	/2026/TT-BYT
5	1	1	0	3	1	422.40	57.02	14.98	9.40	100	ngày
4	1	1	0	4	0	452.121010	57.019630	132.681780	9.401700	-1	###LINE###
5	1	1	0	4	0	452.12	57.02	18.25	9.40	100	tháng
5	1	1	0	4	1	481.83	57.02	13.79	9.40	100	năm
5	1	1	0	4	2	497.23	57.02	15.45	9.40	100	2026
5	1	1	0	4	3	514.27	57.02	11.11	9.40	100	của
5	1	1	0	4	4	526.92	57.02	8.35	9.40	100	Bộ
5	1	1	0	4	5	536.83	57.02	22.10	9.40	100	trưởng
5	1	1	0	4	6	560.47	57.02	8.35	9.40	100	Bộ
5	1	1	0	4	7	570.37	57.02	3.75	9.40	100	Y
5	1	1	0	4	8	575.88	57.02	8.93	9.40	100	tế)
3	1	2	0	0	0	439.500000	55.289727	13.000000	12.067717	-1	###FLOW###
4	1	2	0	0	0	439.500000	55.289727	13.000000	12.067717	-1	###LINE###
5	1	2	0	0	0	439.50	55.29	13.00	12.07	100	02
3	1	3	0	0	0	361.500000	56.491000	13.000000	11.804000	-1	###FLOW###
4	1	3	0	0	0	361.500000	56.491000	13.000000	11.804000	-1	###LINE###
5	1	3	0	0	0	361.50	56.49	13.00	11.80	100	06
3	1	4	0	0	0	22.000000	70.061230	6.578000	5.372400	-1	###FLOW###
4	1	4	0	0	0	22.000000	70.061230	6.578000	5.372400	-1	###LINE###
5	1	4	0	0	0	22.00	70.06	6.58	5.37	100	STT
3	1	5	0	0	0	32.450000	70.061230	32.995600	23.522400	-1	###FLOW###
4	1	5	0	0	0	37.400000	70.061230	6.578000	5.372400	-1	###LINE###
5	1	5	0	0	0	37.40	70.06	6.58	5.37	100	STT
4	1	5	0	1	0	53.900000	70.061230	11.545600	5.372400	-1	###LINE###
5	1	5	0	1	0	53.90	70.06	11.55	5.37	100	PHẠM
4	1	5	0	2	0	32.450000	76.111230	32.916400	5.372400	-1	###LINE###
5	1	5	0	2	0	32.45	76.11	17.10	5.37	100	CHƯƠNG
5	1	5	0	2	1	53.90	76.11	3.92	5.37	100	VI
5	1	5	0	2	2	58.85	76.11	6.52	5.37	100	MÃ
4	1	5	0	3	0	53.350000	82.161230	12.095600	5.372400	-1	###LINE###
5	1	5	0	3	0	53.35	82.16	12.10	5.37	100	NHÓM
4	1	5	0	4	0	55.000000	88.211230	9.926400	5.372400	-1	###LINE###
5	1	5	0	4	0	55.00	88.21	9.93	5.37	100	BỆNH
3	1	6	0	0	0	24.200000	106.911230	2.230800	5.372400	-1	###FLOW###
4	1	6	0	0	0	24.200000	106.911230	2.230800	5.372400	-1	###LINE###
5	1	6	0	0	0	24.20	106.91	2.23	5.37	100	1
3	1	7	0	0	0	40.150000	106.911230	2.230800	5.372400	-1	###FLOW###
4	1	7	0	0	0	40.150000	106.911230	2.230800	5.372400	-1	###LINE###
5	1	7	0	0	0	40.15	106.91	2.23	5.37	100	2
3	1	8	0	0	0	19.250000	114.611230	2.230800	5.372400	-1	###FLOW###
4	1	8	0	0	0	19.250000	114.611230	2.230800	5.372400	-1	###LINE###
5	1	8	0	0	0	19.25	114.61	2.23	5.37	100	1
3	1	9	0	0	0	32.450000	114.611230	1.108800	5.372400	-1	###FLOW###
4	1	9	0	0	0	32.450000	114.611230	1.108800	5.372400	-1	###LINE###
5	1	9	0	0	0	32.45	114.61	1.11	5.37	100	I
3	1	10	0	0	0	19.250000	126.711230	2.230800	5.372400	-1	###FLOW###
4	1	10	0	0	0	19.250000	126.711230	2.230800	5.372400	-1	###LINE###
5	1	10	0	0	0	19.25	126.71	2.23	5.37	100	2
3	1	11	0	0	0	32.450000	126.711230	1.108800	5.372400	-1	###FLOW###
4	1	11	0	0	0	32.450000	126.711230	1.108800	5.372400	-1	###LINE###
5	1	11	0	0	0	32.45	126.71	1.11	5.37	100	I
3	1	12	0	0	0	19.250000	144.861230	2.230800	5.372400	-1	###FLOW###
4	1	12	0	0	0	19.250000	144.861230	2.230800	5.372400	-1	###LINE###
5	1	12	0	0	0	19.25	144.86	2.23	5.37	100	3
3	1	13	0	0	0	58.850000	106.911230	2.230800	5.372400	-1	###FLOW###
4	1	13	0	0	0	58.850000	106.911230	2.230800	5.372400	-1	###LINE###
5	1	13	0	0	0	58.85	106.91	2.23	5.37	100	3
3	1	14	0	0	0	77.000000	70.061230	29.647200	5.372400	-1	###FLOW###
4	1	14	0	0	0	77.000000	70.061230	29.647200	5.372400	-1	###LINE###
5	1	14	0	0	0	77.00	70.06	16.78	5.37	100	CHAPTER
5	1	14	0	0	1	95.15	70.06	11.50	5.37	100	NAME
3	1	15	0	0	0	90.750000	106.911230	2.230800	5.372400	-1	###FLOW###
4	1	15	0	0	0	90.750000	106.911230	2.230800	5.372400	-1	###LINE###
5	1	15	0	0	0	90.75	106.91	2.23	5.37	100	4
3	1	16	0	0	0	123.200000	70.061230	25.352800	5.372400	-1	###FLOW###
4	1	16	0	0	0	123.200000	70.061230	25.352800	5.372400	-1	###LINE###
5	1	16	0	0	0	123.20	70.06	7.30	5.37	100	TÊN
5	1	16	0	0	1	131.45	70.06	17.10	5.37	100	CHƯƠNG
3	1	17	0	0	0	158.400000	70.061230	16.574800	5.372400	-1	###FLOW###
4	1	17	0	0	0	158.400000	70.061230	16.574800	5.372400	-1	###LINE###
5	1	17	0	0	0	158.40	70.06	6.52	5.37	100	MÃ
5	1	17	0	0	1	166.10	70.06	8.87	5.37	100	KHỐI
3	1	18	0	0	0	134.750000	106.911230	2.230800	5.372400	-1	###FLOW###
4	1	18	0	0	0	134.750000	106.911230	2.230800	5.372400	-1	###LINE###
5	1	18	0	0	0	134.75	106.91	2.23	5.37	100	5
3	1	19	0	0	0	165.550000	106.911230	2.230800	5.372400	-1	###FLOW###
4	1	19	0	0	0	165.550000	106.911230	2.230800	5.372400	-1	###LINE###
5	1	19	0	0	0	165.55	106.91	2.23	5.37	100	6
3	1	20	0	0	0	184.250000	70.061230	23.597200	5.372400	-1	###FLOW###
4	1	20	0	0	0	184.250000	70.061230	23.597200	5.372400	-1	###LINE###
5	1	20	0	0	0	184.25	70.06	11.21	5.37	100	BLOCK
5	1	20	0	0	1	196.35	70.06	11.50	5.37	100	NAME
3	1	21	0	0	0	194.700000	106.911230	2.230800	5.372400	-1	###FLOW###
4	1	21	0	0	0	194.700000	106.911230	2.230800	5.372400	-1	###LINE###
5	1	21	0	0	0	194.70	106.91	2.23	5.37	100	7
3	1	22	0	0	0	229.350000	70.061230	17.124800	5.372400	-1	###FLOW###
4	1	22	0	0	0	229.350000	70.061230	17.124800	5.372400	-1	###LINE###
5	1	22	0	0	0	229.35	70.06	7.30	5.37	100	TÊN
5	1	22	0	0	1	237.60	70.06	8.87	5.37	100	KHỐI
3	1	23	0	0	0	237.050000	106.911230	2.230800	5.372400	-1	###FLOW###
4	1	23	0	0	0	237.050000	106.911230	2.230800	5.372400	-1	###LINE###
5	1	23	0	0	0	237.05	106.91	2.23	5.37	100	8
3	1	24	0	0	0	260.700000	70.061230	61.190800	17.472400	-1	###FLOW###
4	1	24	0	0	0	260.700000	70.061230	61.173200	5.372400	-1	###LINE###
5	1	24	0	0	0	260.70	70.06	6.52	5.37	100	MÃ
5	1	24	0	0	1	268.40	70.06	8.37	5.37	100	TIỂU
5	1	24	0	0	2	281.05	70.06	10.43	5.37	100	FIRST
5	1	24	0	0	3	292.60	70.06	8.50	5.37	100	SUB-
5	1	24	0	0	4	305.25	70.06	7.30	5.37	100	TÊN
5	1	24	0	0	5	313.50	70.06	8.37	5.37	100	TIỂU
4	1	24	0	1	0	264.550000	76.111230	8.874800	5.372400	-1	###LINE###
5	1	24	0	1	0	264.55	76.11	8.87	5.37	100	KHỐI
4	1	24	0	2	0	282.150000	76.111230	39.740800	5.372400	-1	###LINE###
5	1	24	0	2	0	282.15	76.11	16.65	5.37	100	DIVISION
5	1	24	0	2	1	304.70	76.11	8.87	5.37	100	KHỐI
5	1	24	0	2	2	314.60	76.11	7.29	5.37	100	CẤP
4	1	24	0	3	0	264.000000	82.161230	10.480800	5.372400	-1	###LINE###
5	1	24	0	3	0	264.00	82.16	7.29	5.37	100	CẤP
5	1	24	0	3	1	272.25	82.16	2.23	5.37	100	1
4	1	24	0	4	0	285.450000	82.161230	11.497200	5.372400	-1	###LINE###
5	1	24	0	4	0	285.45	82.16	11.50	5.37	100	NAME
4	1	24	0	5	0	312.950000	82.161230	2.230800	5.372400	-1	###LINE###
5	1	24	0	5	0	312.95	82.16	2.23	5.37	100	1
3	1	25	0	0	0	267.850000	106.911230	2.230800	5.372400	-1	###FLOW###
4	1	25	0	0	0	267.850000	106.911230	2.230800	5.372400	-1	###LINE###
5	1	25	0	0	0	267.85	106.91	2.23	5.37	100	9
3	1	26	0	0	0	288.750000	106.911230	4.430800	5.372400	-1	###FLOW###
4	1	26	0	0	0	288.750000	106.911230	4.430800	5.372400	-1	###LINE###
5	1	26	0	0	0	288.75	106.91	4.43	5.37	100	10
3	1	27	0	0	0	311.850000	106.911230	4.430800	5.372400	-1	###FLOW###
4	1	27	0	0	0	311.850000	106.911230	4.430800	5.372400	-1	###LINE###
5	1	27	0	0	0	311.85	106.91	4.43	5.37	100	11
3	1	28	0	0	0	327.800000	70.061230	10.480800	23.522400	-1	###FLOW###
4	1	28	0	0	0	329.450000	70.061230	6.516400	5.372400	-1	###LINE###
5	1	28	0	0	0	329.45	70.06	6.52	5.37	100	MÃ
4	1	28	0	1	0	328.350000	76.111230	8.373200	5.372400	-1	###LINE###
5	1	28	0	1	0	328.35	76.11	8.37	5.37	100	TIỂU
4	1	28	0	2	0	328.350000	82.161230	8.874800	5.372400	-1	###LINE###
5	1	28	0	2	0	328.35	82.16	8.87	5.37	100	KHỐI
4	1	28	0	3	0	327.800000	88.211230	10.480800	5.372400	-1	###LINE###
5	1	28	0	3	0	327.80	88.21	7.29	5.37	100	CẤP
5	1	28	0	3	1	336.05	88.21	2.23	5.37	100	2
3	1	29	0	0	0	345.950000	70.061230	16.649600	23.522400	-1	###FLOW###
4	1	29	0	0	0	347.050000	70.061230	14.872000	5.372400	-1	###LINE###
5	1	29	0	0	0	347.05	70.06	14.87	5.37	100	SECOND
4	1	29	0	1	0	350.900000	76.111230	8.496400	5.372400	-1	###LINE###
5	1	29	0	1	0	350.90	76.11	8.50	5.37	100	SUB-
4	1	29	0	2	0	345.950000	82.161230	16.649600	5.372400	-1	###LINE###
5	1	29	0	2	0	345.95	82.16	16.65	5.37	100	DIVISION
4	1	29	0	3	0	349.250000	88.211230	11.497200	5.372400	-1	###LINE###
5	1	29	0	3	0	349.25	88.21	11.50	5.37	100	NAME
3	1	30	0	0	0	331.100000	106.911230	4.430800	5.372400	-1	###FLOW###
4	1	30	0	0	0	331.100000	106.911230	4.430800	5.372400	-1	###LINE###
5	1	30	0	0	0	331.10	106.91	4.43	5.37	100	12
3	1	31	0	0	0	352.550000	106.911230	4.430800	5.372400	-1	###FLOW###
4	1	31	0	0	0	352.550000	106.911230	4.430800	5.372400	-1	###LINE###
5	1	31	0	0	0	352.55	106.91	4.43	5.37	100	13
3	1	32	0	0	0	368.500000	70.061230	33.580800	23.522400	-1	###FLOW###
4	1	32	0	0	0	369.050000	70.061230	29.616400	5.372400	-1	###LINE###
5	1	32	0	0	0	369.05	70.06	7.30	5.37	100	TÊN
5	1	32	0	0	1	377.30	70.06	8.37	5.37	100	TIỂU
5	1	32	0	0	2	392.15	70.06	6.52	5.37	100	MÃ
4	1	32	0	1	0	368.500000	76.111230	32.995600	5.372400	-1	###LINE###
5	1	32	0	1	0	368.50	76.11	8.87	5.37	100	KHỐI
5	1	32	0	1	1	378.40	76.11	7.29	5.37	100	CẤP
5	1	32	0	1	2	389.40	76.11	12.10	5.37	100	NHÓM
4	1	32	0	2	0	376.750000	82.161230	2.230800	5.372400	-1	###LINE###
5	1	32	0	2	0	376.75	82.16	2.23	5.37	100	2
4	1	32	0	3	0	388.850000	82.161230	13.230800	5.372400	-1	###LINE###
5	1	32	0	3	0	388.85	82.16	9.93	5.37	100	BỆNH
5	1	32	0	3	1	399.85	82.16	2.23	5.37	100	3
4	1	32	0	4	0	390.500000	88.211230	11.048400	5.372400	-1	###LINE###
5	1	32	0	4	0	390.50	88.21	4.49	5.37	100	KÝ
5	1	32	0	4	1	396.00	88.21	5.55	5.37	100	TỰ
3	1	33	0	0	0	375.100000	106.911230	4.430800	5.372400	-1	###FLOW###
4	1	33	0	0	0	375.100000	106.911230	4.430800	5.372400	-1	###LINE###
5	1	33	0	0	0	375.10	106.91	4.43	5.37	100	14
3	1	34	0	0	0	408.100000	70.061230	28.138000	17.472400	-1	###FLOW###
4	1	34	0	0	0	409.200000	70.061230	25.577200	5.372400	-1	###LINE###
5	1	34	0	0	0	409.20	70.06	25.58	5.37	100	3-CHARACTER
4	1	34	0	1	0	408.100000	76.111230	28.138000	5.372400	-1	###LINE###
5	1	34	0	1	0	408.10	76.11	28.14	5.37	100	SUB-CATEGORY
4	1	34	0	2	0	416.900000	82.161230	11.497200	5.372400	-1	###LINE###
5	1	34	0	2	0	416.90	82.16	11.50	5.37	100	NAME
3	1	35	0	0	0	393.800000	106.911230	4.430800	5.372400	-1	###FLOW###
4	1	35	0	0	0	393.800000	106.911230	4.430800	5.372400	-1	###LINE###
5	1	35	0	0	0	393.80	106.91	4.43	5.37	100	15
3	1	36	0	0	0	420.200000	106.911230	4.430800	5.372400	-1	###FLOW###
4	1	36	0	0	0	420.200000	106.911230	4.430800	5.372400	-1	###LINE###
5	1	36	0	0	0	420.20	106.91	4.43	5.37	100	16
3	1	37	0	0	0	472.500000	56.289727	6.500000	12.067717	-1	###FLOW###
4	1	37	0	0	0	472.500000	56.289727	6.500000	12.067717	-1	###LINE###
5	1	37	0	0	0	472.50	56.29	6.50	12.07	100	4
3	1	38	0	0	0	443.850000	70.061230	25.348400	11.422400	-1	###FLOW###
4	1	38	0	0	0	446.050000	70.061230	20.345600	5.372400	-1	###LINE###
5	1	38	0	0	0	446.05	70.06	7.30	5.37	100	TÊN
5	1	38	0	0	1	454.30	70.06	12.10	5.37	100	NHÓM
4	1	38	0	1	0	443.850000	76.111230	25.348400	5.372400	-1	###LINE###
5	1	38	0	1	0	443.85	76.11	9.93	5.37	100	BỆNH
5	1	38	0	1	1	454.85	76.11	2.23	5.37	100	3
5	1	38	0	1	2	458.15	76.11	4.49	5.37	100	KÝ
5	1	38	0	1	3	463.65	76.11	5.55	5.37	100	TỰ
3	1	39	0	0	0	454.300000	106.911230	4.430800	5.372400	-1	###FLOW###
4	1	39	0	0	0	454.300000	106.911230	4.430800	5.372400	-1	###LINE###
5	1	39	0	0	0	454.30	106.91	4.43	5.37	100	17
3	1	40	0	0	0	475.750000	70.061230	9.926400	11.422400	-1	###FLOW###
4	1	40	0	0	0	476.850000	70.061230	6.516400	5.372400	-1	###LINE###
5	1	40	0	0	0	476.85	70.06	6.52	5.37	100	MÃ
4	1	40	0	1	0	475.750000	76.111230	9.926400	5.372400	-1	###LINE###
5	1	40	0	1	0	475.75	76.11	9.93	5.37	100	BỆNH
3	1	41	0	0	0	478.500000	106.911230	4.430800	5.372400	-1	###FLOW###
4	1	41	0	0	0	478.500000	106.911230	4.430800	5.372400	-1	###LINE###
5	1	41	0	0	0	478.50	106.91	4.43	5.37	100	18
3	1	42	0	0	0	491.700000	70.061230	13.252800	23.522400	-1	###FLOW###
4	1	42	0	0	0	495.000000	70.061230	6.516400	5.372400	-1	###LINE###
5	1	42	0	0	0	495.00	70.06	6.52	5.37	100	MÃ
4	1	42	0	1	0	493.350000	76.111230	9.926400	5.372400	-1	###LINE###
5	1	42	0	1	0	493.35	76.11	9.93	5.37	100	BỆNH
4	1	42	0	2	0	491.700000	82.161230	13.252800	5.372400	-1	###LINE###
5	1	42	0	2	0	491.70	82.16	13.25	5.37	100	KHÔNG
4	1	42	0	3	0	495.000000	88.211230	8.373200	5.372400	-1	###LINE###
5	1	42	0	3	0	495.00	88.21	8.37	5.37	100	DẤU
3	1	43	0	0	0	513.150000	70.061230	27.997200	17.472400	-1	###FLOW###
4	1	43	0	0	0	513.150000	70.061230	27.997200	5.372400	-1	###LINE###
5	1	43	0	0	0	513.15	70.06	15.35	5.37	100	DISEASE
5	1	43	0	0	1	529.65	70.06	11.50	5.37	100	NAME
4	1	43	0	1	0	517.550000	76.111230	19.280800	5.372400	-1	###LINE###
5	1	43	0	1	0	517.55	76.11	9.57	5.37	100	WHO
5	1	43	0	1	1	528.00	76.11	8.83	5.37	100	2019
4	1	43	0	2	0	519.200000	82.161230	17.872800	5.372400	-1	###LINE###
5	1	43	0	2	0	519.20	82.16	17.87	5.37	100	(ENGLISH)
3	1	44	0	0	0	547.800000	70.061230	39.630800	17.472400	-1	###FLOW###
4	1	44	0	0	0	548.900000	70.061230	38.002800	5.372400	-1	###LINE###
5	1	44	0	0	0	548.90	70.06	22.76	5.37	100	ADDITIONAL
5	1	44	0	0	1	572.55	70.06	14.35	5.37	100	CODING
4	1	44	0	1	0	547.800000	76.111230	39.630800	5.372400	-1	###LINE###
5	1	44	0	1	0	547.80	76.11	19.20	5.37	100	GUIDANCE
5	1	44	0	1	1	568.15	76.11	9.57	5.37	100	WHO
5	1	44	0	1	2	578.60	76.11	8.83	5.37	100	2019
4	1	44	0	2	0	559.350000	82.161230	17.872800	5.372400	-1	###LINE###
5	1	44	0	2	0	559.35	82.16	17.87	5.37	100	(ENGLISH)
3	1	45	0	0	0	525.250000	106.911230	4.430800	5.372400	-1	###FLOW###
4	1	45	0	0	0	525.250000	106.911230	4.430800	5.372400	-1	###LINE###
5	1	45	0	0	0	525.25	106.91	4.43	5.37	100	20
3	1	46	0	0	0	565.950000	106.911230	4.430800	5.372400	-1	###FLOW###
4	1	46	0	0	0	565.950000	106.911230	4.430800	5.372400	-1	###LINE###
5	1	46	0	0	0	565.95	106.91	4.43	5.37	100	21
3	1	47	0	0	0	496.650000	106.911230	4.430800	5.372400	-1	###FLOW###
4	1	47	0	0	0	496.650000	106.911230	4.430800	5.372400	-1	###LINE###
5	1	47	0	0	0	496.65	106.91	4.43	5.37	100	19
3	1	48	0	0	0	606.650000	70.061230	18.176400	5.372400	-1	###FLOW###
4	1	48	0	0	0	606.650000	70.061230	18.176400	5.372400	-1	###LINE###
5	1	48	0	0	0	606.65	70.06	7.30	5.37	100	TÊN
5	1	48	0	0	1	614.90	70.06	9.93	5.37	100	BỆNH
3	1	49	0	0	0	642.400000	70.061230	31.816400	17.472400	-1	###FLOW###
4	1	49	0	0	0	642.400000	70.061230	31.816400	5.372400	-1	###LINE###
5	1	49	0	0	0	642.40	70.06	14.90	5.37	100	HƯỚNG
5	1	49	0	0	1	658.35	70.06	8.40	5.37	100	DẪN
5	1	49	0	0	2	667.70	70.06	6.52	5.37	100	MÃ
4	1	49	0	1	0	645.700000	76.111230	25.902800	5.372400	-1	###LINE###
5	1	49	0	1	0	645.70	76.11	8.17	5.37	100	HÓA
5	1	49	0	1	1	655.05	76.11	5.17	5.37	100	BỔ
5	1	49	0	1	2	661.10	76.11	10.50	5.37	100	SUNG
4	1	49	0	2	0	645.150000	82.161230	28.080800	5.372400	-1	###LINE###
5	1	49	0	2	0	645.15	82.16	7.62	5.37	100	CỦA
5	1	49	0	2	1	653.95	82.16	9.57	5.37	100	WHO
5	1	49	0	2	2	664.40	82.16	8.83	5.37	100	2019
3	1	50	0	0	0	613.250000	106.911230	4.430800	5.372400	-1	###FLOW###
4	1	50	0	0	0	613.250000	106.911230	4.430800	5.372400	-1	###LINE###
5	1	50	0	0	0	613.25	106.91	4.43	5.37	100	22
3	1	51	0	0	0	656.700000	106.911230	4.430800	5.372400	-1	###FLOW###
4	1	51	0	0	0	656.700000	106.911230	4.430800	5.372400	-1	###LINE###
5	1	51	0	0	0	656.70	106.91	4.43	5.37	100	23
3	1	52	0	0	0	51.700000	114.611230	57.860000	23.522400	-1	###FLOW###
4	1	52	0	0	0	51.700000	114.611230	57.860000	5.372400	-1	###LINE###
5	1	52	0	0	0	51.70	114.61	14.88	5.37	100	A00-B99
5	1	52	0	0	1	70.40	114.61	13.31	5.37	100	Certain
5	1	52	0	0	2	84.70	114.61	17.12	5.37	100	infectious
5	1	52	0	0	3	102.85	114.61	6.71	5.37	100	and
4	1	52	0	1	0	70.400000	120.661230	31.420400	5.372400	-1	###LINE###
5	1	52	0	1	0	70.40	120.66	15.61	5.37	100	parasitic
5	1	52	0	1	1	86.90	120.66	14.92	5.37	100	diseases
4	1	52	0	2	0	51.700000	126.711230	57.860000	5.372400	-1	###LINE###
5	1	52	0	2	0	51.70	126.71	14.88	5.37	100	A00-B99
5	1	52	0	2	1	70.40	126.71	13.31	5.37	100	Certain
5	1	52	0	2	2	84.70	126.71	17.12	5.37	100	infectious
5	1	52	0	2	3	102.85	126.71	6.71	5.37	100	and
4	1	52	0	3	0	70.400000	132.761230	31.420400	5.372400	-1	###LINE###
5	1	52	0	3	0	70.40	132.76	15.61	5.37	100	parasitic
5	1	52	0	3	1	86.90	132.76	14.92	5.37	100	diseases
3	1	53	0	0	0	115.500000	114.611230	57.780800	23.522400	-1	###FLOW###
4	1	53	0	0	0	115.500000	114.611230	57.780800	5.372400	-1	###LINE###
5	1	53	0	0	0	115.50	114.61	8.91	5.37	100	Bệnh
5	1	53	0	0	1	125.40	114.61	12.21	5.37	100	truyền
5	1	53	0	0	2	138.60	114.61	11.22	5.37	100	nhiễm
5	1	53	0	0	3	150.70	114.61	4.31	5.37	100	và
5	1	53	0	0	4	157.85	114.61	15.43	5.37	100	A00-A09
4	1	53	0	1	0	115.500000	120.661230	23.522400	5.372400	-1	###LINE###
5	1	53	0	1	0	115.50	120.66	4.19	5.37	100	ký
5	1	53	0	1	1	121.00	120.66	7.26	5.37	100	sinh
5	1	53	0	1	2	129.25	120.66	9.77	5.37	100	trùng
4	1	53	0	2	0	115.500000	126.711230	57.780800	5.372400	-1	###LINE###
5	1	53	0	2	0	115.50	126.71	8.91	5.37	100	Bệnh
5	1	53	0	2	1	125.40	126.71	12.21	5.37	100	truyền
5	1	53	0	2	2	138.60	126.71	11.22	5.37	100	nhiễm
5	1	53	0	2	3	150.70	126.71	4.31	5.37	100	và
5	1	53	0	2	4	157.85	126.71	15.43	5.37	100	A00-A09
4	1	53	0	3	0	115.500000	132.761230	23.522400	5.372400	-1	###LINE###
5	1	53	0	3	0	115.50	132.76	4.19	5.37	100	ký
5	1	53	0	3	1	121.00	132.76	7.26	5.37	100	sinh
5	1	53	0	3	2	129.25	132.76	9.77	5.37	100	trùng
3	1	54	0	0	0	176.550000	114.611230	35.270400	23.522400	-1	###FLOW###
4	1	54	0	0	0	176.550000	114.611230	35.270400	5.372400	-1	###LINE###
5	1	54	0	0	0	176.55	114.61	16.96	5.37	100	Intestinal
5	1	54	0	0	1	194.70	114.61	17.12	5.37	100	infectious
4	1	54	0	1	0	176.550000	120.661230	14.920400	5.372400	-1	###LINE###
5	1	54	0	1	0	176.55	120.66	14.92	5.37	100	diseases
4	1	54	0	2	0	176.550000	126.711230	35.270400	5.372400	-1	###LINE###
5	1	54	0	2	0	176.55	126.71	16.96	5.37	100	Intestinal
5	1	54	0	2	1	194.70	126.71	17.12	5.37	100	infectious
4	1	54	0	3	0	176.550000	132.761230	14.920400	5.372400	-1	###LINE###
5	1	54	0	3	0	176.55	132.76	14.92	5.37	100	diseases
3	1	55	0	0	0	217.250000	114.611230	34.315600	23.522400	-1	###FLOW###
4	1	55	0	0	0	217.250000	114.611230	34.315600	5.372400	-1	###LINE###
5	1	55	0	0	0	217.25	114.61	8.91	5.37	100	Bệnh
5	1	55	0	0	1	227.15	114.61	12.21	5.37	100	truyền
5	1	55	0	0	2	240.35	114.61	11.22	5.37	100	nhiễm
4	1	55	0	1	0	217.250000	120.661230	20.724000	5.372400	-1	###LINE###
5	1	55	0	1	0	217.25	120.66	11.97	5.37	100	đường
5	1	55	0	1	1	230.45	120.66	7.52	5.37	100	ruột
4	1	55	0	2	0	217.250000	126.711230	34.315600	5.372400	-1	###LINE###
5	1	55	0	2	0	217.25	126.71	8.91	5.37	100	Bệnh
5	1	55	0	2	1	227.15	126.71	12.21	5.37	100	truyền
5	1	55	0	2	2	240.35	126.71	11.22	5.37	100	nhiễm
4	1	55	0	3	0	217.250000	132.761230	20.724000	5.372400	-1	###LINE###
5	1	55	0	3	0	217.25	132.76	11.97	5.37	100	đường
5	1	55	0	3	1	230.45	132.76	7.52	5.37	100	ruột
3	1	56	0	0	0	388.850000	114.611230	7.180800	5.372400	-1	###FLOW###
4	1	56	0	0	0	388.850000	114.611230	7.180800	5.372400	-1	###LINE###
5	1	56	0	0	0	388.85	114.61	7.18	5.37	100	A00
3	1	57	0	0	0	405.350000	114.611230	13.657600	5.372400	-1	###FLOW###
4	1	57	0	0	0	405.350000	114.611230	13.657600	5.372400	-1	###LINE###
5	1	57	0	0	0	405.35	114.61	13.66	5.37	100	Cholera
3	1	58	0	0	0	441.650000	114.611230	13.657600	5.372400	-1	###FLOW###
4	1	58	0	0	0	441.650000	114.611230	13.657600	5.372400	-1	###LINE###
5	1	58	0	0	0	441.65	114.61	8.91	5.37	100	Bệnh
5	1	58	0	0	1	451.55	114.61	3.76	5.37	100	tả
3	1	59	0	0	0	473.000000	114.611230	7.180800	5.372400	-1	###FLOW###
4	1	59	0	0	0	473.000000	114.611230	7.180800	5.372400	-1	###LINE###
5	1	59	0	0	0	473.00	114.61	7.18	5.37	100	A00
3	1	60	0	0	0	490.050000	114.611230	7.180800	5.372400	-1	###FLOW###
4	1	60	0	0	0	490.050000	114.611230	7.180800	5.372400	-1	###LINE###
5	1	60	0	0	0	490.05	114.61	7.18	5.37	100	A00
3	1	61	0	0	0	509.850000	114.611230	13.657600	5.372400	-1	###FLOW###
4	1	61	0	0	0	509.850000	114.611230	13.657600	5.372400	-1	###LINE###
5	1	61	0	0	0	509.85	114.61	13.66	5.37	100	Cholera
3	1	62	0	0	0	591.250000	114.611230	13.657600	5.372400	-1	###FLOW###
4	1	62	0	0	0	591.250000	114.611230	13.657600	5.372400	-1	###LINE###
5	1	62	0	0	0	591.25	114.61	8.91	5.37	100	Bệnh
5	1	62	0	0	1	601.15	114.61	3.76	5.37	100	tả
3	1	63	0	0	0	388.850000	126.711230	7.180800	5.372400	-1	###FLOW###
4	1	63	0	0	0	388.850000	126.711230	7.180800	5.372400	-1	###LINE###
5	1	63	0	0	0	388.85	126.71	7.18	5.37	100	A00
3	1	64	0	0	0	405.350000	126.711230	13.657600	5.372400	-1	###FLOW###
4	1	64	0	0	0	405.350000	126.711230	13.657600	5.372400	-1	###LINE###
5	1	64	0	0	0	405.35	126.71	13.66	5.37	100	Cholera
3	1	65	0	0	0	441.650000	126.711230	13.657600	5.372400	-1	###FLOW###
4	1	65	0	0	0	441.650000	126.711230	13.657600	5.372400	-1	###LINE###
5	1	65	0	0	0	441.65	126.71	8.91	5.37	100	Bệnh
5	1	65	0	0	1	451.55	126.71	3.76	5.37	100	tả
3	1	66	0	0	0	473.000000	126.711230	10.480800	5.372400	-1	###FLOW###
4	1	66	0	0	0	473.000000	126.711230	10.480800	5.372400	-1	###LINE###
5	1	66	0	0	0	473.00	126.71	10.48	5.37	100	A00.0
3	1	67	0	0	0	490.050000	126.711230	9.380800	5.372400	-1	###FLOW###
4	1	67	0	0	0	490.050000	126.711230	9.380800	5.372400	-1	###LINE###
5	1	67	0	0	0	490.05	126.71	9.38	5.37	100	A000
3	1	68	0	0	0	32.450000	144.861230	1.108800	5.372400	-1	###FLOW###
4	1	68	0	0	0	32.450000	144.861230	1.108800	5.372400	-1	###LINE###
5	1	68	0	0	0	32.45	144.86	1.11	5.37	100	I
3	1	69	0	0	0	51.700000	144.861230	57.860000	11.422400	-1	###FLOW###
4	1	69	0	0	0	51.700000	144.861230	57.860000	5.372400	-1	###LINE###
5	1	69	0	0	0	51.70	144.86	14.88	5.37	100	A00-B99
5	1	69	0	0	1	70.40	144.86	13.31	5.37	100	Certain
5	1	69	0	0	2	84.70	144.86	17.12	5.37	100	infectious
5	1	69	0	0	3	102.85	144.86	6.71	5.37	100	and
4	1	69	0	1	0	70.400000	150.911230	31.420400	5.372400	-1	###LINE###
5	1	69	0	1	0	70.40	150.91	15.61	5.37	100	parasitic
5	1	69	0	1	1	86.90	150.91	14.92	5.37	100	diseases
3	1	70	0	0	0	115.500000	144.861230	96.320400	11.422400	-1	###FLOW###
4	1	70	0	0	0	115.500000	144.861230	96.320400	5.372400	-1	###LINE###
5	1	70	0	0	0	115.50	144.86	8.91	5.37	100	Bệnh
5	1	70	0	0	1	125.40	144.86	12.21	5.37	100	truyền
5	1	70	0	0	2	138.60	144.86	11.22	5.37	100	nhiễm
5	1	70	0	0	3	150.70	144.86	4.31	5.37	100	và
5	1	70	0	0	4	157.85	144.86	15.43	5.37	100	A00-A09
5	1	70	0	0	5	176.55	144.86	16.96	5.37	100	Intestinal
5	1	70	0	0	6	194.70	144.86	17.12	5.37	100	infectious
4	1	70	0	1	0	115.500000	150.911230	23.522400	5.372400	-1	###LINE###
5	1	70	0	1	0	115.50	150.91	4.19	5.37	100	ký
5	1	70	0	1	1	121.00	150.91	7.26	5.37	100	sinh
5	1	70	0	1	2	129.25	150.91	9.77	5.37	100	trùng
4	1	70	0	2	0	176.550000	150.911230	14.920400	5.372400	-1	###LINE###
5	1	70	0	2	0	176.55	150.91	14.92	5.37	100	diseases
3	1	71	0	0	0	217.250000	144.861230	34.315600	11.422400	-1	###FLOW###
4	1	71	0	0	0	217.250000	144.861230	34.315600	5.372400	-1	###LINE###
5	1	71	0	0	0	217.25	144.86	8.91	5.37	100	Bệnh
5	1	71	0	0	1	227.15	144.86	12.21	5.37	100	truyền
5	1	71	0	0	2	240.35	144.86	11.22	5.37	100	nhiễm
4	1	71	0	1	0	217.250000	150.911230	20.724000	5.372400	-1	###LINE###
5	1	71	0	1	0	217.25	150.91	11.97	5.37	100	đường
5	1	71	0	1	1	230.45	150.91	7.52	5.37	100	ruột
3	1	72	0	0	0	388.850000	144.861230	7.180800	5.372400	-1	###FLOW###
4	1	72	0	0	0	388.850000	144.861230	7.180800	5.372400	-1	###LINE###
5	1	72	0	0	0	388.85	144.86	7.18	5.37	100	A00
3	1	73	0	0	0	405.350000	144.861230	13.657600	5.372400	-1	###FLOW###
4	1	73	0	0	0	405.350000	144.861230	13.657600	5.372400	-1	###LINE###
5	1	73	0	0	0	405.35	144.86	13.66	5.37	100	Cholera
3	1	74	0	0	0	441.650000	144.861230	13.657600	5.372400	-1	###FLOW###
4	1	74	0	0	0	441.650000	144.861230	13.657600	5.372400	-1	###LINE###
5	1	74	0	0	0	441.65	144.86	8.91	5.37	100	Bệnh
5	1	74	0	0	1	451.55	144.86	3.76	5.37	100	tả
3	1	75	0	0	0	473.000000	144.861230	10.480800	5.372400	-1	###FLOW###
4	1	75	0	0	0	473.000000	144.861230	10.480800	5.372400	-1	###LINE###
5	1	75	0	0	0	473.00	144.86	10.48	5.37	100	A00.1
3	1	76	0	0	0	490.050000	144.861230	9.380800	5.372400	-1	###FLOW###
4	1	76	0	0	0	490.050000	144.861230	9.380800	5.372400	-1	###LINE###
5	1	76	0	0	0	490.05	144.86	9.38	5.37	100	A001
3	1	77	0	0	0	591.250000	126.711230	78.210000	29.572400	-1	###FLOW###
4	1	77	0	0	0	591.250000	126.711230	78.210000	5.372400	-1	###LINE###
5	1	77	0	0	0	591.25	126.71	8.91	5.37	100	Bệnh
5	1	77	0	0	1	601.15	126.71	3.76	5.37	100	tả
5	1	77	0	0	2	606.10	126.71	4.52	5.37	100	do
5	1	77	0	0	3	611.60	126.71	3.21	5.37	100	vi
5	1	77	0	0	4	616.00	126.71	11.11	5.37	100	khuẩn
5	1	77	0	0	5	628.10	126.71	11.12	5.37	100	Vibrio
5	1	77	0	0	6	641.85	126.71	8.91	5.37	100	Bệnh
5	1	77	0	0	7	651.75	126.71	3.76	5.37	100	tả
5	1	77	0	0	8	656.70	126.71	3.97	5.37	100	cổ
5	1	77	0	0	9	661.65	126.71	7.81	5.37	100	điển
4	1	77	0	1	0	591.250000	132.761230	43.661200	5.372400	-1	###LINE###
5	1	77	0	1	0	591.25	132.76	15.39	5.37	100	cholerae
5	1	77	0	1	1	607.75	132.76	5.50	5.37	100	01,
5	1	77	0	1	2	614.35	132.76	5.06	5.37	100	típ
5	1	77	0	1	3	620.40	132.76	7.26	5.37	100	sinh
5	1	77	0	1	4	628.65	132.76	6.26	5.37	100	học
4	1	77	0	2	0	591.250000	138.811230	15.391200	5.372400	-1	###LINE###
5	1	77	0	2	0	591.25	138.81	15.39	5.37	100	cholerae
4	1	77	0	3	0	591.250000	144.861230	74.135600	5.372400	-1	###LINE###
5	1	77	0	3	0	591.25	144.86	8.91	5.37	100	Bệnh
5	1	77	0	3	1	601.15	144.86	3.76	5.37	100	tả
5	1	77	0	3	2	606.10	144.86	4.52	5.37	100	do
5	1	77	0	3	3	611.60	144.86	11.12	5.37	100	Vibrio
5	1	77	0	3	4	623.70	144.86	15.39	5.37	100	cholerae
5	1	77	0	3	5	641.85	144.86	8.91	5.37	100	Bệnh
5	1	77	0	3	6	651.75	144.86	3.76	5.37	100	tả
5	1	77	0	3	7	656.70	144.86	8.69	5.37	100	eltor
4	1	77	0	4	0	591.250000	150.911230	36.735600	5.372400	-1	###LINE###
5	1	77	0	4	0	591.25	150.91	5.50	5.37	100	01,
5	1	77	0	4	1	597.85	150.91	5.06	5.37	100	típ
5	1	77	0	4	2	603.90	150.91	7.26	5.37	100	sinh
5	1	77	0	4	3	612.15	150.91	6.26	5.37	100	học
5	1	77	0	4	4	619.30	150.91	8.69	5.37	100	eltor
3	1	78	0	0	0	19.250000	163.011230	2.230800	5.372400	-1	###FLOW###
4	1	78	0	0	0	19.250000	163.011230	2.230800	5.372400	-1	###LINE###
5	1	78	0	0	0	19.25	163.01	2.23	5.37	100	4
3	1	79	0	0	0	32.450000	163.011230	1.108800	5.372400	-1	###FLOW###
4	1	79	0	0	0	32.450000	163.011230	1.108800	5.372400	-1	###LINE###
5	1	79	0	0	0	32.45	163.01	1.11	5.37	100	I
3	1	80	0	0	0	176.550000	163.011230	35.270400	23.522400	-1	###FLOW###
4	1	80	0	0	0	176.550000	163.011230	35.270400	5.372400	-1	###LINE###
5	1	80	0	0	0	176.55	163.01	16.96	5.37	100	Intestinal
5	1	80	0	0	1	194.70	163.01	17.12	5.37	100	infectious
4	1	80	0	1	0	176.550000	169.061230	14.920400	5.372400	-1	###LINE###
5	1	80	0	1	0	176.55	169.06	14.92	5.37	100	diseases
4	1	80	0	2	0	176.550000	175.111230	35.270400	5.372400	-1	###LINE###
5	1	80	0	2	0	176.55	175.11	16.96	5.37	100	Intestinal
5	1	80	0	2	1	194.70	175.11	17.12	5.37	100	infectious
4	1	80	0	3	0	176.550000	181.161230	14.920400	5.372400	-1	###LINE###
5	1	80	0	3	0	176.55	181.16	14.92	5.37	100	diseases
3	1	81	0	0	0	217.250000	163.011230	34.315600	23.522400	-1	###FLOW###
4	1	81	0	0	0	217.250000	163.011230	34.315600	5.372400	-1	###LINE###
5	1	81	0	0	0	217.25	163.01	8.91	5.37	100	Bệnh
5	1	81	0	0	1	227.15	163.01	12.21	5.37	100	truyền
5	1	81	0	0	2	240.35	163.01	11.22	5.37	100	nhiễm
4	1	81	0	1	0	217.250000	169.061230	20.724000	5.372400	-1	###LINE###
5	1	81	0	1	0	217.25	169.06	11.97	5.37	100	đường
5	1	81	0	1	1	230.45	169.06	7.52	5.37	100	ruột
4	1	81	0	2	0	217.250000	175.111230	34.315600	5.372400	-1	###LINE###
5	1	81	0	2	0	217.25	175.11	8.91	5.37	100	Bệnh
5	1	81	0	2	1	227.15	175.11	12.21	5.37	100	truyền
5	1	81	0	2	2	240.35	175.11	11.22	5.37	100	nhiễm
4	1	81	0	3	0	217.250000	181.161230	20.724000	5.372400	-1	###LINE###
5	1	81	0	3	0	217.25	181.16	11.97	5.37	100	đường
5	1	81	0	3	1	230.45	181.16	7.52	5.37	100	ruột
3	1	82	0	0	0	405.350000	163.011230	13.657600	5.372400	-1	###FLOW###
4	1	82	0	0	0	405.350000	163.011230	13.657600	5.372400	-1	###LINE###
5	1	82	0	0	0	405.35	163.01	13.66	5.37	100	Cholera
3	1	83	0	0	0	441.650000	163.011230	13.657600	5.372400	-1	###FLOW###
4	1	83	0	0	0	441.650000	163.011230	13.657600	5.372400	-1	###LINE###
5	1	83	0	0	0	441.65	163.01	8.91	5.37	100	Bệnh
5	1	83	0	0	1	451.55	163.01	3.76	5.37	100	tả
3	1	84	0	0	0	473.000000	163.011230	10.480800	5.372400	-1	###FLOW###
4	1	84	0	0	0	473.000000	163.011230	10.480800	5.372400	-1	###LINE###
5	1	84	0	0	0	473.00	163.01	10.48	5.37	100	A00.9
3	1	85	0	0	0	490.050000	163.011230	9.380800	5.372400	-1	###FLOW###
4	1	85	0	0	0	490.050000	163.011230	9.380800	5.372400	-1	###LINE###
5	1	85	0	0	0	490.05	163.01	9.38	5.37	100	A009
3	1	86	0	0	0	32.450000	175.111230	1.108800	5.372400	-1	###FLOW###
4	1	86	0	0	0	32.450000	175.111230	1.108800	5.372400	-1	###LINE###
5	1	86	0	0	0	32.45	175.11	1.11	5.37	100	I
3	1	87	0	0	0	115.500000	163.011230	57.780800	23.522400	-1	###FLOW###
4	1	87	0	0	0	115.500000	163.011230	57.780800	5.372400	-1	###LINE###
5	1	87	0	0	0	115.50	163.01	8.91	5.37	100	Bệnh
5	1	87	0	0	1	125.40	163.01	12.21	5.37	100	truyền
5	1	87	0	0	2	138.60	163.01	11.22	5.37	100	nhiễm
5	1	87	0	0	3	150.70	163.01	4.31	5.37	100	và
5	1	87	0	0	4	157.85	163.01	15.43	5.37	100	A00-A09
4	1	87	0	1	0	115.500000	169.061230	23.522400	5.372400	-1	###LINE###
5	1	87	0	1	0	115.50	169.06	4.19	5.37	100	ký
5	1	87	0	1	1	121.00	169.06	7.26	5.37	100	sinh
5	1	87	0	1	2	129.25	169.06	9.77	5.37	100	trùng
4	1	87	0	2	0	115.500000	175.111230	57.780800	5.372400	-1	###LINE###
5	1	87	0	2	0	115.50	175.11	8.91	5.37	100	Bệnh
5	1	87	0	2	1	125.40	175.11	12.21	5.37	100	truyền
5	1	87	0	2	2	138.60	175.11	11.22	5.37	100	nhiễm
5	1	87	0	2	3	150.70	175.11	4.31	5.37	100	và
5	1	87	0	2	4	157.85	175.11	15.43	5.37	100	A00-A09
4	1	87	0	3	0	115.500000	181.161230	23.522400	5.372400	-1	###LINE###
5	1	87	0	3	0	115.50	181.16	4.19	5.37	100	ký
5	1	87	0	3	1	121.00	181.16	7.26	5.37	100	sinh
5	1	87	0	3	2	129.25	181.16	9.77	5.37	100	trùng
3	1	88	0	0	0	388.850000	163.011230	7.180800	5.372400	-1	###FLOW###
4	1	88	0	0	0	388.850000	163.011230	7.180800	5.372400	-1	###LINE###
5	1	88	0	0	0	388.85	163.01	7.18	5.37	100	A00
3	1	89	0	0	0	19.250000	175.111230	2.230800	5.372400	-1	###FLOW###
4	1	89	0	0	0	19.250000	175.111230	2.230800	5.372400	-1	###LINE###
5	1	89	0	0	0	19.25	175.11	2.23	5.37	100	5
3	1	90	0	0	0	51.700000	163.011230	57.860000	23.522400	-1	###FLOW###
4	1	90	0	0	0	51.700000	163.011230	57.860000	5.372400	-1	###LINE###
5	1	90	0	0	0	51.70	163.01	14.88	5.37	100	A00-B99
5	1	90	0	0	1	70.40	163.01	13.31	5.37	100	Certain
5	1	90	0	0	2	84.70	163.01	17.12	5.37	100	infectious
5	1	90	0	0	3	102.85	163.01	6.71	5.37	100	and
4	1	90	0	1	0	70.400000	169.061230	31.420400	5.372400	-1	###LINE###
5	1	90	0	1	0	70.40	169.06	15.61	5.37	100	parasitic
5	1	90	0	1	1	86.90	169.06	14.92	5.37	100	diseases
4	1	90	0	2	0	51.700000	175.111230	57.860000	5.372400	-1	###LINE###
5	1	90	0	2	0	51.70	175.11	14.88	5.37	100	A00-B99
5	1	90	0	2	1	70.40	175.11	13.31	5.37	100	Certain
5	1	90	0	2	2	84.70	175.11	17.12	5.37	100	infectious
5	1	90	0	2	3	102.85	175.11	6.71	5.37	100	and
4	1	90	0	3	0	70.400000	181.161230	31.420400	5.372400	-1	###LINE###
5	1	90	0	3	0	70.40	181.16	15.61	5.37	100	parasitic
5	1	90	0	3	1	86.90	181.16	14.92	5.37	100	diseases
3	1	91	0	0	0	509.850000	126.711230	66.457600	41.672400	-1	###FLOW###
4	1	91	0	0	0	509.850000	126.711230	26.518800	5.372400	-1	###LINE###
5	1	91	0	0	0	509.85	126.71	13.66	5.37	100	Cholera
5	1	91	0	0	1	524.70	126.71	6.59	5.37	100	due
5	1	91	0	0	2	532.40	126.71	3.97	5.37	100	to
4	1	91	0	1	0	547.250000	126.711230	29.057600	5.372400	-1	###LINE###
5	1	91	0	1	0	547.25	126.71	14.76	5.37	100	Classical
5	1	91	0	1	1	563.20	126.71	13.11	5.37	100	cholera
4	1	91	0	2	0	509.850000	132.761230	34.100000	5.372400	-1	###LINE###
5	1	91	0	2	0	509.85	132.76	11.12	5.37	100	Vibrio
5	1	91	0	2	1	521.95	132.76	15.39	5.37	100	cholerae
5	1	91	0	2	2	538.45	132.76	5.50	5.37	100	01,
4	1	91	0	3	0	509.850000	138.811230	28.041200	5.372400	-1	###LINE###
5	1	91	0	3	0	509.85	138.81	11.44	5.37	100	biovar
5	1	91	0	3	1	522.50	138.81	15.39	5.37	100	cholerae
4	1	91	0	4	0	509.850000	144.861230	26.518800	5.372400	-1	###LINE###
5	1	91	0	4	0	509.85	144.86	13.66	5.37	100	Cholera
5	1	91	0	4	1	524.70	144.86	6.59	5.37	100	due
5	1	91	0	4	2	532.40	144.86	3.97	5.37	100	to
4	1	91	0	5	0	547.250000	144.861230	23.535600	5.372400	-1	###LINE###
5	1	91	0	5	0	547.25	144.86	13.66	5.37	100	Cholera
5	1	91	0	5	1	562.10	144.86	8.69	5.37	100	eltor
4	1	91	0	6	0	509.850000	150.911230	34.100000	5.372400	-1	###LINE###
5	1	91	0	6	0	509.85	150.91	11.12	5.37	100	Vibrio
5	1	91	0	6	1	521.95	150.91	15.39	5.37	100	cholerae
5	1	91	0	6	2	538.45	150.91	5.50	5.37	100	01,
4	1	91	0	7	0	509.850000	156.961230	21.335600	5.372400	-1	###LINE###
5	1	91	0	7	0	509.85	156.96	11.44	5.37	100	biovar
5	1	91	0	7	1	522.50	156.96	8.69	5.37	100	eltor
4	1	91	0	8	0	509.850000	163.011230	35.860000	5.372400	-1	###LINE###
5	1	91	0	8	0	509.85	163.01	14.85	5.37	100	Cholera,
5	1	91	0	8	1	525.80	163.01	19.91	5.37	100	unspecified
3	1	92	0	0	0	388.850000	175.111230	7.180800	5.372400	-1	###FLOW###
4	1	92	0	0	0	388.850000	175.111230	7.180800	5.372400	-1	###LINE###
5	1	92	0	0	0	388.85	175.11	7.18	5.37	100	A01
3	1	93	0	0	0	490.050000	175.111230	7.180800	5.372400	-1	###FLOW###
4	1	93	0	0	0	490.050000	175.111230	7.180800	5.372400	-1	###LINE###
5	1	93	0	0	0	490.05	175.11	7.18	5.37	100	A01
3	1	94	0	0	0	509.850000	175.111230	34.170400	11.422400	-1	###FLOW###
4	1	94	0	0	0	509.850000	175.111230	22.110000	5.372400	-1	###LINE###
5	1	94	0	0	0	509.85	175.11	14.41	5.37	100	Typhoid
5	1	94	0	0	1	525.25	175.11	6.71	5.37	100	and
4	1	94	0	1	0	509.850000	181.161230	34.170400	5.372400	-1	###LINE###
5	1	94	0	1	0	509.85	181.16	22.11	5.37	100	paratyphoid
5	1	94	0	1	1	532.95	181.16	11.07	5.37	100	fevers
3	1	95	0	0	0	591.250000	175.111230	46.961200	11.422400	-1	###FLOW###
4	1	95	0	0	0	591.250000	175.111230	46.961200	5.372400	-1	###LINE###
5	1	95	0	0	0	591.25	175.11	8.91	5.37	100	Bệnh
5	1	95	0	0	1	601.15	175.11	13.62	5.37	100	thương
5	1	95	0	0	2	616.00	175.11	6.71	5.37	100	hàn
5	1	95	0	0	3	623.70	175.11	14.51	5.37	100	và/hoặc
4	1	95	0	1	0	591.250000	181.161230	39.160000	5.372400	-1	###LINE###
5	1	95	0	1	0	591.25	181.16	8.91	5.37	100	bệnh
5	1	95	0	1	1	601.15	181.16	6.72	5.37	100	phó
5	1	95	0	1	2	608.85	181.16	13.62	5.37	100	thương
5	1	95	0	1	3	623.70	181.16	6.71	5.37	100	hàn
3	1	96	0	0	0	19.250000	199.311230	2.230800	5.372400	-1	###FLOW###
4	1	96	0	0	0	19.250000	199.311230	2.230800	5.372400	-1	###LINE###
5	1	96	0	0	0	19.25	199.31	2.23	5.37	100	6
3	1	97	0	0	0	32.450000	199.311230	1.108800	5.372400	-1	###FLOW###
4	1	97	0	0	0	32.450000	199.311230	1.108800	5.372400	-1	###LINE###
5	1	97	0	0	0	32.45	199.31	1.11	5.37	100	I
3	1	98	0	0	0	51.700000	199.311230	57.860000	11.422400	-1	###FLOW###
4	1	98	0	0	0	51.700000	199.311230	57.860000	5.372400	-1	###LINE###
5	1	98	0	0	0	51.70	199.31	14.88	5.37	100	A00-B99
5	1	98	0	0	1	70.40	199.31	13.31	5.37	100	Certain
5	1	98	0	0	2	84.70	199.31	17.12	5.37	100	infectious
5	1	98	0	0	3	102.85	199.31	6.71	5.37	100	and
4	1	98	0	1	0	70.400000	205.361230	31.420400	5.372400	-1	###LINE###
5	1	98	0	1	0	70.40	205.36	15.61	5.37	100	parasitic
5	1	98	0	1	1	86.90	205.36	14.92	5.37	100	diseases
3	1	99	0	0	0	115.500000	199.311230	96.320400	11.422400	-1	###FLOW###
4	1	99	0	0	0	115.500000	199.311230	96.320400	5.372400	-1	###LINE###
5	1	99	0	0	0	115.50	199.31	8.91	5.37	100	Bệnh
5	1	99	0	0	1	125.40	199.31	12.21	5.37	100	truyền
5	1	99	0	0	2	138.60	199.31	11.22	5.37	100	nhiễm
5	1	99	0	0	3	150.70	199.31	4.31	5.37	100	và
5	1	99	0	0	4	157.85	199.31	15.43	5.37	100	A00-A09
5	1	99	0	0	5	176.55	199.31	16.96	5.37	100	Intestinal
5	1	99	0	0	6	194.70	199.31	17.12	5.37	100	infectious
4	1	99	0	1	0	115.500000	205.361230	23.522400	5.372400	-1	###LINE###
5	1	99	0	1	0	115.50	205.36	4.19	5.37	100	ký
5	1	99	0	1	1	121.00	205.36	7.26	5.37	100	sinh
5	1	99	0	1	2	129.25	205.36	9.77	5.37	100	trùng
4	1	99	0	2	0	176.550000	205.361230	14.920400	5.372400	-1	###LINE###
5	1	99	0	2	0	176.55	205.36	14.92	5.37	100	diseases
3	1	100	0	0	0	217.250000	199.311230	34.315600	11.422400	-1	###FLOW###
4	1	100	0	0	0	217.250000	199.311230	34.315600	5.372400	-1	###LINE###
5	1	100	0	0	0	217.25	199.31	8.91	5.37	100	Bệnh
5	1	100	0	0	1	227.15	199.31	12.21	5.37	100	truyền
5	1	100	0	0	2	240.35	199.31	11.22	5.37	100	nhiễm
4	1	100	0	1	0	217.250000	205.361230	20.724000	5.372400	-1	###LINE###
5	1	100	0	1	0	217.25	205.36	11.97	5.37	100	đường
5	1	100	0	1	1	230.45	205.36	7.52	5.37	100	ruột
3	1	101	0	0	0	388.850000	199.311230	7.180800	5.372400	-1	###FLOW###
4	1	101	0	0	0	388.850000	199.311230	7.180800	5.372400	-1	###LINE###
5	1	101	0	0	0	388.85	199.31	7.18	5.37	100	A01
3	1	102	0	0	0	490.050000	199.311230	9.380800	5.372400	-1	###FLOW###
4	1	102	0	0	0	490.050000	199.311230	9.380800	5.372400	-1	###LINE###
5	1	102	0	0	0	490.05	199.31	9.38	5.37	100	A010
3	1	103	0	0	0	509.850000	199.311230	24.635600	5.372400	-1	###FLOW###
4	1	103	0	0	0	509.850000	199.311230	24.635600	5.372400	-1	###LINE###
5	1	103	0	0	0	509.85	199.31	14.41	5.37	100	Typhoid
5	1	103	0	0	1	525.25	199.31	9.24	5.37	100	fever
3	1	104	0	0	0	19.250000	223.511230	2.230800	5.372400	-1	###FLOW###
4	1	104	0	0	0	19.250000	223.511230	2.230800	5.372400	-1	###LINE###
5	1	104	0	0	0	19.25	223.51	2.23	5.37	100	7
3	1	105	0	0	0	32.450000	223.511230	1.108800	5.372400	-1	###FLOW###
4	1	105	0	0	0	32.450000	223.511230	1.108800	5.372400	-1	###LINE###
5	1	105	0	0	0	32.45	223.51	1.11	5.37	100	I
3	1	106	0	0	0	51.700000	223.511230	57.860000	11.422400	-1	###FLOW###
4	1	106	0	0	0	51.700000	223.511230	57.860000	5.372400	-1	###LINE###
5	1	106	0	0	0	51.70	223.51	14.88	5.37	100	A00-B99
5	1	106	0	0	1	70.40	223.51	13.31	5.37	100	Certain
5	1	106	0	0	2	84.70	223.51	17.12	5.37	100	infectious
5	1	106	0	0	3	102.85	223.51	6.71	5.37	100	and
4	1	106	0	1	0	70.400000	229.561230	31.420400	5.372400	-1	###LINE###
5	1	106	0	1	0	70.40	229.56	15.61	5.37	100	parasitic
5	1	106	0	1	1	86.90	229.56	14.92	5.37	100	diseases
3	1	107	0	0	0	115.500000	223.511230	96.320400	11.422400	-1	###FLOW###
4	1	107	0	0	0	115.500000	223.511230	96.320400	5.372400	-1	###LINE###
5	1	107	0	0	0	115.50	223.51	8.91	5.37	100	Bệnh
5	1	107	0	0	1	125.40	223.51	12.21	5.37	100	truyền
5	1	107	0	0	2	138.60	223.51	11.22	5.37	100	nhiễm
5	1	107	0	0	3	150.70	223.51	4.31	5.37	100	và
5	1	107	0	0	4	157.85	223.51	15.43	5.37	100	A00-A09
5	1	107	0	0	5	176.55	223.51	16.96	5.37	100	Intestinal
5	1	107	0	0	6	194.70	223.51	17.12	5.37	100	infectious
4	1	107	0	1	0	115.500000	229.561230	23.522400	5.372400	-1	###LINE###
5	1	107	0	1	0	115.50	229.56	4.19	5.37	100	ký
5	1	107	0	1	1	121.00	229.56	7.26	5.37	100	sinh
5	1	107	0	1	2	129.25	229.56	9.77	5.37	100	trùng
4	1	107	0	2	0	176.550000	229.561230	14.920400	5.372400	-1	###LINE###
5	1	107	0	2	0	176.55	229.56	14.92	5.37	100	diseases
3	1	108	0	0	0	217.250000	223.511230	34.315600	11.422400	-1	###FLOW###
4	1	108	0	0	0	217.250000	223.511230	34.315600	5.372400	-1	###LINE###
5	1	108	0	0	0	217.25	223.51	8.91	5.37	100	Bệnh
5	1	108	0	0	1	227.15	223.51	12.21	5.37	100	truyền
5	1	108	0	0	2	240.35	223.51	11.22	5.37	100	nhiễm
4	1	108	0	1	0	217.250000	229.561230	20.724000	5.372400	-1	###LINE###
5	1	108	0	1	0	217.25	229.56	11.97	5.37	100	đường
5	1	108	0	1	1	230.45	229.56	7.52	5.37	100	ruột
3	1	109	0	0	0	388.850000	223.511230	7.180800	5.372400	-1	###FLOW###
4	1	109	0	0	0	388.850000	223.511230	7.180800	5.372400	-1	###LINE###
5	1	109	0	0	0	388.85	223.51	7.18	5.37	100	A01
3	1	110	0	0	0	490.050000	223.511230	9.380800	5.372400	-1	###FLOW###
4	1	110	0	0	0	490.050000	223.511230	9.380800	5.372400	-1	###LINE###
5	1	110	0	0	0	490.05	223.51	9.38	5.37	100	A011
3	1	111	0	0	0	509.850000	223.511230	32.335600	11.422400	-1	###FLOW###
4	1	111	0	0	0	509.850000	223.511230	32.335600	5.372400	-1	###LINE###
5	1	111	0	0	0	509.85	223.51	22.11	5.37	100	Paratyphoid
5	1	111	0	0	1	532.95	223.51	9.24	5.37	100	fever
4	1	111	0	1	0	509.850000	229.561230	2.547600	5.372400	-1	###LINE###
5	1	111	0	1	0	509.85	229.56	2.55	5.37	100	A
3	1	112	0	0	0	591.250000	223.511230	42.697600	5.372400	-1	###FLOW###
4	1	112	0	0	0	591.250000	223.511230	42.697600	5.372400	-1	###LINE###
5	1	112	0	0	0	591.25	223.51	8.91	5.37	100	Bệnh
5	1	112	0	0	1	601.15	223.51	6.72	5.37	100	phó
5	1	112	0	0	2	608.85	223.51	13.62	5.37	100	thương
5	1	112	0	0	3	623.70	223.51	6.71	5.37	100	hàn
5	1	112	0	0	4	631.40	223.51	2.55	5.37	100	A
3	1	113	0	0	0	19.250000	247.711230	2.230800	5.372400	-1	###FLOW###
4	1	113	0	0	0	19.250000	247.711230	2.230800	5.372400	-1	###LINE###
5	1	113	0	0	0	19.25	247.71	2.23	5.37	100	8
3	1	114	0	0	0	32.450000	247.711230	1.108800	5.372400	-1	###FLOW###
4	1	114	0	0	0	32.450000	247.711230	1.108800	5.372400	-1	###LINE###
5	1	114	0	0	0	32.45	247.71	1.11	5.37	100	I
3	1	115	0	0	0	51.700000	247.711230	57.860000	11.422400	-1	###FLOW###
4	1	115	0	0	0	51.700000	247.711230	57.860000	5.372400	-1	###LINE###
5	1	115	0	0	0	51.70	247.71	14.88	5.37	100	A00-B99
5	1	115	0	0	1	70.40	247.71	13.31	5.37	100	Certain
5	1	115	0	0	2	84.70	247.71	17.12	5.37	100	infectious
5	1	115	0	0	3	102.85	247.71	6.71	5.37	100	and
4	1	115	0	1	0	70.400000	253.761230	31.420400	5.372400	-1	###LINE###
5	1	115	0	1	0	70.40	253.76	15.61	5.37	100	parasitic
5	1	115	0	1	1	86.90	253.76	14.92	5.37	100	diseases
3	1	116	0	0	0	115.500000	247.711230	96.320400	11.422400	-1	###FLOW###
4	1	116	0	0	0	115.500000	247.711230	96.320400	5.372400	-1	###LINE###
5	1	116	0	0	0	115.50	247.71	8.91	5.37	100	Bệnh
5	1	116	0	0	1	125.40	247.71	12.21	5.37	100	truyền
5	1	116	0	0	2	138.60	247.71	11.22	5.37	100	nhiễm
5	1	116	0	0	3	150.70	247.71	4.31	5.37	100	và
5	1	116	0	0	4	157.85	247.71	15.43	5.37	100	A00-A09
5	1	116	0	0	5	176.55	247.71	16.96	5.37	100	Intestinal
5	1	116	0	0	6	194.70	247.71	17.12	5.37	100	infectious
4	1	116	0	1	0	115.500000	253.761230	23.522400	5.372400	-1	###LINE###
5	1	116	0	1	0	115.50	253.76	4.19	5.37	100	ký
5	1	116	0	1	1	121.00	253.76	7.26	5.37	100	sinh
5	1	116	0	1	2	129.25	253.76	9.77	5.37	100	trùng
4	1	116	0	2	0	176.550000	253.761230	14.920400	5.372400	-1	###LINE###
5	1	116	0	2	0	176.55	253.76	14.92	5.37	100	diseases
3	1	117	0	0	0	217.250000	247.711230	34.315600	11.422400	-1	###FLOW###
4	1	117	0	0	0	217.250000	247.711230	34.315600	5.372400	-1	###LINE###
5	1	117	0	0	0	217.25	247.71	8.91	5.37	100	Bệnh
5	1	117	0	0	1	227.15	247.71	12.21	5.37	100	truyền
5	1	117	0	0	2	240.35	247.71	11.22	5.37	100	nhiễm
4	1	117	0	1	0	217.250000	253.761230	20.724000	5.372400	-1	###LINE###
5	1	117	0	1	0	217.25	253.76	11.97	5.37	100	đường
5	1	117	0	1	1	230.45	253.76	7.52	5.37	100	ruột
3	1	118	0	0	0	388.850000	247.711230	7.180800	5.372400	-1	###FLOW###
4	1	118	0	0	0	388.850000	247.711230	7.180800	5.372400	-1	###LINE###
5	1	118	0	0	0	388.85	247.71	7.18	5.37	100	A01
3	1	119	0	0	0	490.050000	247.711230	9.380800	5.372400	-1	###FLOW###
4	1	119	0	0	0	490.050000	247.711230	9.380800	5.372400	-1	###LINE###
5	1	119	0	0	0	490.05	247.71	9.38	5.37	100	A012
3	1	120	0	0	0	509.850000	247.711230	35.943600	5.372400	-1	###FLOW###
4	1	120	0	0	0	509.850000	247.711230	35.943600	5.372400	-1	###LINE###
5	1	120	0	0	0	509.85	247.71	22.11	5.37	100	Paratyphoid
5	1	120	0	0	1	532.95	247.71	9.24	5.37	100	fever
5	1	120	0	0	2	543.40	247.71	2.39	5.37	100	B
3	1	121	0	0	0	591.250000	247.711230	42.543600	5.372400	-1	###FLOW###
4	1	121	0	0	0	591.250000	247.711230	42.543600	5.372400	-1	###LINE###
5	1	121	0	0	0	591.25	247.71	8.91	5.37	100	Bệnh
5	1	121	0	0	1	601.15	247.71	6.72	5.37	100	phó
5	1	121	0	0	2	608.85	247.71	13.62	5.37	100	thương
5	1	121	0	0	3	623.70	247.71	6.71	5.37	100	hàn
5	1	121	0	0	4	631.40	247.71	2.39	5.37	100	B
3	1	122	0	0	0	19.250000	271.911230	2.230800	5.372400	-1	###FLOW###
4	1	122	0	0	0	19.250000	271.911230	2.230800	5.372400	-1	###LINE###
5	1	122	0	0	0	19.25	271.91	2.23	5.37	100	9
3	1	123	0	0	0	32.450000	271.911230	1.108800	5.372400	-1	###FLOW###
4	1	123	0	0	0	32.450000	271.911230	1.108800	5.372400	-1	###LINE###
5	1	123	0	0	0	32.45	271.91	1.11	5.37	100	I
3	1	124	0	0	0	51.700000	271.911230	57.860000	11.422400	-1	###FLOW###
4	1	124	0	0	0	51.700000	271.911230	57.860000	5.372400	-1	###LINE###
5	1	124	0	0	0	51.70	271.91	14.88	5.37	100	A00-B99
5	1	124	0	0	1	70.40	271.91	13.31	5.37	100	Certain
5	1	124	0	0	2	84.70	271.91	17.12	5.37	100	infectious
5	1	124	0	0	3	102.85	271.91	6.71	5.37	100	and
4	1	124	0	1	0	70.400000	277.961230	31.420400	5.372400	-1	###LINE###
5	1	124	0	1	0	70.40	277.96	15.61	5.37	100	parasitic
5	1	124	0	1	1	86.90	277.96	14.92	5.37	100	diseases
3	1	125	0	0	0	115.500000	271.911230	96.320400	11.422400	-1	###FLOW###
4	1	125	0	0	0	115.500000	271.911230	96.320400	5.372400	-1	###LINE###
5	1	125	0	0	0	115.50	271.91	8.91	5.37	100	Bệnh
5	1	125	0	0	1	125.40	271.91	12.21	5.37	100	truyền
5	1	125	0	0	2	138.60	271.91	11.22	5.37	100	nhiễm
5	1	125	0	0	3	150.70	271.91	4.31	5.37	100	và
5	1	125	0	0	4	157.85	271.91	15.43	5.37	100	A00-A09
5	1	125	0	0	5	176.55	271.91	16.96	5.37	100	Intestinal
5	1	125	0	0	6	194.70	271.91	17.12	5.37	100	infectious
4	1	125	0	1	0	115.500000	277.961230	23.522400	5.372400	-1	###LINE###
5	1	125	0	1	0	115.50	277.96	4.19	5.37	100	ký
5	1	125	0	1	1	121.00	277.96	7.26	5.37	100	sinh
5	1	125	0	1	2	129.25	277.96	9.77	5.37	100	trùng
4	1	125	0	2	0	176.550000	277.961230	14.920400	5.372400	-1	###LINE###
5	1	125	0	2	0	176.55	277.96	14.92	5.37	100	diseases
3	1	126	0	0	0	217.250000	271.911230	34.315600	11.422400	-1	###FLOW###
4	1	126	0	0	0	217.250000	271.911230	34.315600	5.372400	-1	###LINE###
5	1	126	0	0	0	217.25	271.91	8.91	5.37	100	Bệnh
5	1	126	0	0	1	227.15	271.91	12.21	5.37	100	truyền
5	1	126	0	0	2	240.35	271.91	11.22	5.37	100	nhiễm
4	1	126	0	1	0	217.250000	277.961230	20.724000	5.372400	-1	###LINE###
5	1	126	0	1	0	217.25	277.96	11.97	5.37	100	đường
5	1	126	0	1	1	230.45	277.96	7.52	5.37	100	ruột
3	1	127	0	0	0	388.850000	271.911230	7.180800	5.372400	-1	###FLOW###
4	1	127	0	0	0	388.850000	271.911230	7.180800	5.372400	-1	###LINE###
5	1	127	0	0	0	388.85	271.91	7.18	5.37	100	A01
3	1	128	0	0	0	490.050000	271.911230	9.380800	5.372400	-1	###FLOW###
4	1	128	0	0	0	490.050000	271.911230	9.380800	5.372400	-1	###LINE###
5	1	128	0	0	0	490.05	271.91	9.38	5.37	100	A013
3	1	129	0	0	0	509.850000	271.911230	35.895200	5.372400	-1	###FLOW###
4	1	129	0	0	0	509.850000	271.911230	35.895200	5.372400	-1	###LINE###
5	1	129	0	0	0	509.85	271.91	22.11	5.37	100	Paratyphoid
5	1	129	0	0	1	532.95	271.91	9.24	5.37	100	fever
5	1	129	0	0	2	543.40	271.91	2.35	5.37	100	C
3	1	130	0	0	0	591.250000	271.911230	42.495200	5.372400	-1	###FLOW###
4	1	130	0	0	0	591.250000	271.911230	42.495200	5.372400	-1	###LINE###
5	1	130	0	0	0	591.25	271.91	8.91	5.37	100	Bệnh
5	1	130	0	0	1	601.15	271.91	6.72	5.37	100	phó
5	1	130	0	0	2	608.85	271.91	13.62	5.37	100	thương
5	1	130	0	0	3	623.70	271.91	6.71	5.37	100	hàn
5	1	130	0	0	4	631.40	271.91	2.35	5.37	100	C
3	1	131	0	0	0	19.250000	296.111230	4.430800	5.372400	-1	###FLOW###
4	1	131	0	0	0	19.250000	296.111230	4.430800	5.372400	-1	###LINE###
5	1	131	0	0	0	19.25	296.11	4.43	5.37	100	10
3	1	132	0	0	0	32.450000	296.111230	1.108800	5.372400	-1	###FLOW###
4	1	132	0	0	0	32.450000	296.111230	1.108800	5.372400	-1	###LINE###
5	1	132	0	0	0	32.45	296.11	1.11	5.37	100	I
3	1	133	0	0	0	51.700000	296.111230	57.860000	11.422400	-1	###FLOW###
4	1	133	0	0	0	51.700000	296.111230	57.860000	5.372400	-1	###LINE###
5	1	133	0	0	0	51.70	296.11	14.88	5.37	100	A00-B99
5	1	133	0	0	1	70.40	296.11	13.31	5.37	100	Certain
5	1	133	0	0	2	84.70	296.11	17.12	5.37	100	infectious
5	1	133	0	0	3	102.85	296.11	6.71	5.37	100	and
4	1	133	0	1	0	70.400000	302.161230	31.420400	5.372400	-1	###LINE###
5	1	133	0	1	0	70.40	302.16	15.61	5.37	100	parasitic
5	1	133	0	1	1	86.90	302.16	14.92	5.37	100	diseases
3	1	134	0	0	0	115.500000	296.111230	96.320400	11.422400	-1	###FLOW###
4	1	134	0	0	0	115.500000	296.111230	96.320400	5.372400	-1	###LINE###
5	1	134	0	0	0	115.50	296.11	8.91	5.37	100	Bệnh
5	1	134	0	0	1	125.40	296.11	12.21	5.37	100	truyền
5	1	134	0	0	2	138.60	296.11	11.22	5.37	100	nhiễm
5	1	134	0	0	3	150.70	296.11	4.31	5.37	100	và
5	1	134	0	0	4	157.85	296.11	15.43	5.37	100	A00-A09
5	1	134	0	0	5	176.55	296.11	16.96	5.37	100	Intestinal
5	1	134	0	0	6	194.70	296.11	17.12	5.37	100	infectious
4	1	134	0	1	0	115.500000	302.161230	23.522400	5.372400	-1	###LINE###
5	1	134	0	1	0	115.50	302.16	4.19	5.37	100	ký
5	1	134	0	1	1	121.00	302.16	7.26	5.37	100	sinh
5	1	134	0	1	2	129.25	302.16	9.77	5.37	100	trùng
4	1	134	0	2	0	176.550000	302.161230	14.920400	5.372400	-1	###LINE###
5	1	134	0	2	0	176.55	302.16	14.92	5.37	100	diseases
3	1	135	0	0	0	217.250000	296.111230	34.315600	11.422400	-1	###FLOW###
4	1	135	0	0	0	217.250000	296.111230	34.315600	5.372400	-1	###LINE###
5	1	135	0	0	0	217.25	296.11	8.91	5.37	100	Bệnh
5	1	135	0	0	1	227.15	296.11	12.21	5.37	100	truyền
5	1	135	0	0	2	240.35	296.11	11.22	5.37	100	nhiễm
4	1	135	0	1	0	217.250000	302.161230	20.724000	5.372400	-1	###LINE###
5	1	135	0	1	0	217.25	302.16	11.97	5.37	100	đường
5	1	135	0	1	1	230.45	302.16	7.52	5.37	100	ruột
3	1	136	0	0	0	388.850000	296.111230	7.180800	5.372400	-1	###FLOW###
4	1	136	0	0	0	388.850000	296.111230	7.180800	5.372400	-1	###LINE###
5	1	136	0	0	0	388.85	296.11	7.18	5.37	100	A01
3	1	137	0	0	0	490.050000	296.111230	9.380800	5.372400	-1	###FLOW###
4	1	137	0	0	0	490.050000	296.111230	9.380800	5.372400	-1	###LINE###
5	1	137	0	0	0	490.05	296.11	9.38	5.37	100	A014
3	1	138	0	0	0	509.850000	296.111230	75.807600	17.472400	-1	###FLOW###
4	1	138	0	0	0	509.850000	296.111230	65.568800	5.372400	-1	###LINE###
5	1	138	0	0	0	509.85	296.11	22.11	5.37	100	Paratyphoid
5	1	138	0	0	1	532.95	296.11	10.45	5.37	100	fever,
5	1	138	0	0	2	547.25	296.11	15.51	5.37	100	Infection
5	1	138	0	0	3	563.75	296.11	6.59	5.37	100	due
5	1	138	0	0	4	571.45	296.11	3.97	5.37	100	to
4	1	138	0	1	0	509.850000	302.161230	19.910000	5.372400	-1	###LINE###
5	1	138	0	1	0	509.85	302.16	19.91	5.37	100	unspecified
4	1	138	0	2	0	547.250000	302.161230	38.407600	5.372400	-1	###LINE###
5	1	138	0	2	0	547.25	302.16	19.71	5.37	100	Salmonella
5	1	138	0	2	1	568.15	302.16	17.51	5.37	100	paratyphi
4	1	138	0	3	0	547.250000	308.211230	7.519600	5.372400	-1	###LINE###
5	1	138	0	3	0	547.25	308.21	7.52	5.37	100	NOS
3	1	139	0	0	0	591.250000	296.111230	40.150000	11.422400	-1	###FLOW###
4	1	139	0	0	0	591.250000	296.111230	40.150000	5.372400	-1	###LINE###
5	1	139	0	0	0	591.25	296.11	8.91	5.37	100	Bệnh
5	1	139	0	0	1	601.15	296.11	6.72	5.37	100	phó
5	1	139	0	0	2	608.85	296.11	13.62	5.37	100	thương
5	1	139	0	0	3	623.70	296.11	7.70	5.37	100	hàn,
4	1	139	0	1	0	591.250000	302.161230	26.510000	5.372400	-1	###LINE###
5	1	139	0	1	0	591.25	302.16	10.87	5.37	100	không
5	1	139	0	1	1	603.35	302.16	5.71	5.37	100	xác
5	1	139	0	1	2	609.95	302.16	7.81	5.37	100	định
3	1	140	0	0	0	19.250000	320.311230	4.430800	5.372400	-1	###FLOW###
4	1	140	0	0	0	19.250000	320.311230	4.430800	5.372400	-1	###LINE###
5	1	140	0	0	0	19.25	320.31	4.43	5.37	100	11
3	1	141	0	0	0	32.450000	320.311230	1.108800	5.372400	-1	###FLOW###
4	1	141	0	0	0	32.450000	320.311230	1.108800	5.372400	-1	###LINE###
5	1	141	0	0	0	32.45	320.31	1.11	5.37	100	I
3	1	142	0	0	0	51.700000	320.311230	57.860000	11.422400	-1	###FLOW###
4	1	142	0	0	0	51.700000	320.311230	57.860000	5.372400	-1	###LINE###
5	1	142	0	0	0	51.70	320.31	14.88	5.37	100	A00-B99
5	1	142	0	0	1	70.40	320.31	13.31	5.37	100	Certain
5	1	142	0	0	2	84.70	320.31	17.12	5.37	100	infectious
5	1	142	0	0	3	102.85	320.31	6.71	5.37	100	and
4	1	142	0	1	0	70.400000	326.361230	31.420400	5.372400	-1	###LINE###
5	1	142	0	1	0	70.40	326.36	15.61	5.37	100	parasitic
5	1	142	0	1	1	86.90	326.36	14.92	5.37	100	diseases
3	1	143	0	0	0	115.500000	320.311230	96.320400	11.422400	-1	###FLOW###
4	1	143	0	0	0	115.500000	320.311230	96.320400	5.372400	-1	###LINE###
5	1	143	0	0	0	115.50	320.31	8.91	5.37	100	Bệnh
5	1	143	0	0	1	125.40	320.31	12.21	5.37	100	truyền
5	1	143	0	0	2	138.60	320.31	11.22	5.37	100	nhiễm
5	1	143	0	0	3	150.70	320.31	4.31	5.37	100	và
5	1	143	0	0	4	157.85	320.31	15.43	5.37	100	A00-A09
5	1	143	0	0	5	176.55	320.31	16.96	5.37	100	Intestinal
5	1	143	0	0	6	194.70	320.31	17.12	5.37	100	infectious
4	1	143	0	1	0	115.500000	326.361230	23.522400	5.372400	-1	###LINE###
5	1	143	0	1	0	115.50	326.36	4.19	5.37	100	ký
5	1	143	0	1	1	121.00	326.36	7.26	5.37	100	sinh
5	1	143	0	1	2	129.25	326.36	9.77	5.37	100	trùng
4	1	143	0	2	0	176.550000	326.361230	14.920400	5.372400	-1	###LINE###
5	1	143	0	2	0	176.55	326.36	14.92	5.37	100	diseases
3	1	144	0	0	0	217.250000	320.311230	34.315600	11.422400	-1	###FLOW###
4	1	144	0	0	0	217.250000	320.311230	34.315600	5.372400	-1	###LINE###
5	1	144	0	0	0	217.25	320.31	8.91	5.37	100	Bệnh
5	1	144	0	0	1	227.15	320.31	12.21	5.37	100	truyền
5	1	144	0	0	2	240.35	320.31	11.22	5.37	100	nhiễm
4	1	144	0	1	0	217.250000	326.361230	20.724000	5.372400	-1	###LINE###
5	1	144	0	1	0	217.25	326.36	11.97	5.37	100	đường
5	1	144	0	1	1	230.45	326.36	7.52	5.37	100	ruột
3	1	145	0	0	0	388.850000	320.311230	7.180800	5.372400	-1	###FLOW###
4	1	145	0	0	0	388.850000	320.311230	7.180800	5.372400	-1	###LINE###
5	1	145	0	0	0	388.85	320.31	7.18	5.37	100	A02
3	1	146	0	0	0	405.350000	175.111230	78.130800	156.622400	-1	###FLOW###
4	1	146	0	0	0	405.350000	175.111230	22.110000	5.372400	-1	###LINE###
5	1	146	0	0	0	405.35	175.11	14.41	5.37	100	Typhoid
5	1	146	0	0	1	420.75	175.11	6.71	5.37	100	and
4	1	146	0	1	0	441.650000	175.111230	23.522400	5.372400	-1	###LINE###
5	1	146	0	1	0	441.65	175.11	8.91	5.37	100	Bệnh
5	1	146	0	1	1	451.55	175.11	13.62	5.37	100	thương
4	1	146	0	2	0	473.000000	175.111230	7.180800	5.372400	-1	###LINE###
5	1	146	0	2	0	473.00	175.11	7.18	5.37	100	A01
4	1	146	0	3	0	405.350000	181.161230	58.511200	5.372400	-1	###LINE###
5	1	146	0	3	0	405.35	181.16	22.11	5.37	100	paratyphoid
5	1	146	0	3	1	428.45	181.16	11.07	5.37	100	fevers
5	1	146	0	3	2	441.65	181.16	6.71	5.37	100	hàn
5	1	146	0	3	3	449.35	181.16	14.51	5.37	100	và/hoặc
4	1	146	0	4	0	441.650000	187.211230	16.618800	5.372400	-1	###LINE###
5	1	146	0	4	0	441.65	187.21	8.91	5.37	100	bệnh
5	1	146	0	4	1	451.55	187.21	6.72	5.37	100	phó
4	1	146	0	5	0	441.650000	193.261230	21.560000	5.372400	-1	###LINE###
5	1	146	0	5	0	441.65	193.26	13.62	5.37	100	thương
5	1	146	0	5	1	456.50	193.26	6.71	5.37	100	hàn
4	1	146	0	6	0	405.350000	199.311230	22.110000	5.372400	-1	###LINE###
5	1	146	0	6	0	405.35	199.31	14.41	5.37	100	Typhoid
5	1	146	0	6	1	420.75	199.31	6.71	5.37	100	and
4	1	146	0	7	0	441.650000	199.311230	23.522400	5.372400	-1	###LINE###
5	1	146	0	7	0	441.65	199.31	8.91	5.37	100	Bệnh
5	1	146	0	7	1	451.55	199.31	13.62	5.37	100	thương
4	1	146	0	8	0	473.000000	199.311230	10.480800	5.372400	-1	###LINE###
5	1	146	0	8	0	473.00	199.31	10.48	5.37	100	A01.0
4	1	146	0	9	0	405.350000	205.361230	58.511200	5.372400	-1	###LINE###
5	1	146	0	9	0	405.35	205.36	22.11	5.37	100	paratyphoid
5	1	146	0	9	1	428.45	205.36	11.07	5.37	100	fevers
5	1	146	0	9	2	441.65	205.36	6.71	5.37	100	hàn
5	1	146	0	9	3	449.35	205.36	14.51	5.37	100	và/hoặc
4	1	146	0	10	0	441.650000	211.411230	16.618800	5.372400	-1	###LINE###
5	1	146	0	10	0	441.65	211.41	8.91	5.37	100	bệnh
5	1	146	0	10	1	451.55	211.41	6.72	5.37	100	phó
4	1	146	0	11	0	441.650000	217.461230	21.560000	5.372400	-1	###LINE###
5	1	146	0	11	0	441.65	217.46	13.62	5.37	100	thương
5	1	146	0	11	1	456.50	217.46	6.71	5.37	100	hàn
4	1	146	0	12	0	405.350000	223.511230	22.110000	5.372400	-1	###LINE###
5	1	146	0	12	0	405.35	223.51	14.41	5.37	100	Typhoid
5	1	146	0	12	1	420.75	223.51	6.71	5.37	100	and
4	1	146	0	13	0	441.650000	223.511230	23.522400	5.372400	-1	###LINE###
5	1	146	0	13	0	441.65	223.51	8.91	5.37	100	Bệnh
5	1	146	0	13	1	451.55	223.51	13.62	5.37	100	thương
4	1	146	0	14	0	473.000000	223.511230	10.480800	5.372400	-1	###LINE###
5	1	146	0	14	0	473.00	223.51	10.48	5.37	100	A01.1
4	1	146	0	15	0	405.350000	229.561230	58.511200	5.372400	-1	###LINE###
5	1	146	0	15	0	405.35	229.56	22.11	5.37	100	paratyphoid
5	1	146	0	15	1	428.45	229.56	11.07	5.37	100	fevers
5	1	146	0	15	2	441.65	229.56	6.71	5.37	100	hàn
5	1	146	0	15	3	449.35	229.56	14.51	5.37	100	và/hoặc
4	1	146	0	16	0	441.650000	235.611230	16.618800	5.372400	-1	###LINE###
5	1	146	0	16	0	441.65	235.61	8.91	5.37	100	bệnh
5	1	146	0	16	1	451.55	235.61	6.72	5.37	100	phó
4	1	146	0	17	0	441.650000	241.661230	21.560000	5.372400	-1	###LINE###
5	1	146	0	17	0	441.65	241.66	13.62	5.37	100	thương
5	1	146	0	17	1	456.50	241.66	6.71	5.37	100	hàn
4	1	146	0	18	0	405.350000	247.711230	22.110000	5.372400	-1	###LINE###
5	1	146	0	18	0	405.35	247.71	14.41	5.37	100	Typhoid
5	1	146	0	18	1	420.75	247.71	6.71	5.37	100	and
4	1	146	0	19	0	441.650000	247.711230	23.522400	5.372400	-1	###LINE###
5	1	146	0	19	0	441.65	247.71	8.91	5.37	100	Bệnh
5	1	146	0	19	1	451.55	247.71	13.62	5.37	100	thương
4	1	146	0	20	0	473.000000	247.711230	10.480800	5.372400	-1	###LINE###
5	1	146	0	20	0	473.00	247.71	10.48	5.37	100	A01.2
4	1	146	0	21	0	405.350000	253.761230	58.511200	5.372400	-1	###LINE###
5	1	146	0	21	0	405.35	253.76	22.11	5.37	100	paratyphoid
5	1	146	0	21	1	428.45	253.76	11.07	5.37	100	fevers
5	1	146	0	21	2	441.65	253.76	6.71	5.37	100	hàn
5	1	146	0	21	3	449.35	253.76	14.51	5.37	100	và/hoặc
4	1	146	0	22	0	441.650000	259.811230	16.618800	5.372400	-1	###LINE###
5	1	146	0	22	0	441.65	259.81	8.91	5.37	100	bệnh
5	1	146	0	22	1	451.55	259.81	6.72	5.37	100	phó
4	1	146	0	23	0	441.650000	265.861230	21.560000	5.372400	-1	###LINE###
5	1	146	0	23	0	441.65	265.86	13.62	5.37	100	thương
5	1	146	0	23	1	456.50	265.86	6.71	5.37	100	hàn
4	1	146	0	24	0	405.350000	271.911230	22.110000	5.372400	-1	###LINE###
5	1	146	0	24	0	405.35	271.91	14.41	5.37	100	Typhoid
5	1	146	0	24	1	420.75	271.91	6.71	5.37	100	and
4	1	146	0	25	0	441.650000	271.911230	23.522400	5.372400	-1	###LINE###
5	1	146	0	25	0	441.65	271.91	8.91	5.37	100	Bệnh
5	1	146	0	25	1	451.55	271.91	13.62	5.37	100	thương
4	1	146	0	26	0	473.000000	271.911230	10.480800	5.372400	-1	###LINE###
5	1	146	0	26	0	473.00	271.91	10.48	5.37	100	A01.3
4	1	146	0	27	0	405.350000	277.961230	58.511200	5.372400	-1	###LINE###
5	1	146	0	27	0	405.35	277.96	22.11	5.37	100	paratyphoid
5	1	146	0	27	1	428.45	277.96	11.07	5.37	100	fevers
5	1	146	0	27	2	441.65	277.96	6.71	5.37	100	hàn
5	1	146	0	27	3	449.35	277.96	14.51	5.37	100	và/hoặc
4	1	146	0	28	0	441.650000	284.011230	16.618800	5.372400	-1	###LINE###
5	1	146	0	28	0	441.65	284.01	8.91	5.37	100	bệnh
5	1	146	0	28	1	451.55	284.01	6.72	5.37	100	phó
4	1	146	0	29	0	441.650000	290.061230	21.560000	5.372400	-1	###LINE###
5	1	146	0	29	0	441.65	290.06	13.62	5.37	100	thương
5	1	146	0	29	1	456.50	290.06	6.71	5.37	100	hàn
4	1	146	0	30	0	405.350000	296.111230	22.110000	5.372400	-1	###LINE###
5	1	146	0	30	0	405.35	296.11	14.41	5.37	100	Typhoid
5	1	146	0	30	1	420.75	296.11	6.71	5.37	100	and
4	1	146	0	31	0	441.650000	296.111230	23.522400	5.372400	-1	###LINE###
5	1	146	0	31	0	441.65	296.11	8.91	5.37	100	Bệnh
5	1	146	0	31	1	451.55	296.11	13.62	5.37	100	thương
4	1	146	0	32	0	473.000000	296.111230	10.480800	5.372400	-1	###LINE###
5	1	146	0	32	0	473.00	296.11	10.48	5.37	100	A01.4
4	1	146	0	33	0	405.350000	302.161230	58.511200	5.372400	-1	###LINE###
5	1	146	0	33	0	405.35	302.16	22.11	5.37	100	paratyphoid
5	1	146	0	33	1	428.45	302.16	11.07	5.37	100	fevers
5	1	146	0	33	2	441.65	302.16	6.71	5.37	100	hàn
5	1	146	0	33	3	449.35	302.16	14.51	5.37	100	và/hoặc
4	1	146	0	34	0	441.650000	308.211230	16.618800	5.372400	-1	###LINE###
5	1	146	0	34	0	441.65	308.21	8.91	5.37	100	bệnh
5	1	146	0	34	1	451.55	308.21	6.72	5.37	100	phó
4	1	146	0	35	0	441.650000	314.261230	21.560000	5.372400	-1	###LINE###
5	1	146	0	35	0	441.65	314.26	13.62	5.37	100	thương
5	1	146	0	35	1	456.50	314.26	6.71	5.37	100	hàn
4	1	146	0	36	0	405.350000	320.311230	48.065600	5.372400	-1	###LINE###
5	1	146	0	36	0	405.35	320.31	10.34	5.37	100	Other
5	1	146	0	36	1	416.90	320.31	19.16	5.37	100	salmonella
5	1	146	0	36	2	441.65	320.31	11.77	5.37	100	Nhiễm
4	1	146	0	37	0	473.000000	320.311230	7.180800	5.372400	-1	###LINE###
5	1	146	0	37	0	473.00	320.31	7.18	5.37	100	A02
4	1	146	0	38	0	405.350000	326.361230	17.120400	5.372400	-1	###LINE###
5	1	146	0	38	0	405.35	326.36	17.12	5.37	100	infections
4	1	146	0	39	0	441.650000	326.361230	29.361200	5.372400	-1	###LINE###
5	1	146	0	39	0	441.65	326.36	19.71	5.37	100	Salmonella
5	1	146	0	39	1	462.55	326.36	8.46	5.37	100	khác
3	1	147	0	0	0	490.050000	320.311230	7.180800	5.372400	-1	###FLOW###
4	1	147	0	0	0	490.050000	320.311230	7.180800	5.372400	-1	###LINE###
5	1	147	0	0	0	490.05	320.31	7.18	5.37	100	A02
3	1	148	0	0	0	509.850000	320.311230	30.707600	11.422400	-1	###FLOW###
4	1	148	0	0	0	509.850000	320.311230	30.707600	5.372400	-1	###LINE###
5	1	148	0	0	0	509.85	320.31	10.34	5.37	100	Other
5	1	148	0	0	1	521.40	320.31	19.16	5.37	100	salmonella
4	1	148	0	1	0	509.850000	326.361230	17.120400	5.372400	-1	###LINE###
5	1	148	0	1	0	509.85	326.36	17.12	5.37	100	infections
3	1	149	0	0	0	547.250000	320.311230	86.011200	29.572400	-1	###FLOW###
4	1	149	0	0	0	547.250000	320.311230	29.585600	5.372400	-1	###LINE###
5	1	149	0	0	0	547.25	320.31	8.33	5.37	100	Incl.:
5	1	149	0	0	1	556.60	320.31	15.51	5.37	100	infection
5	1	149	0	0	2	573.10	320.31	3.74	5.37	100	or
4	1	149	0	1	0	591.250000	320.311230	42.011200	5.372400	-1	###LINE###
5	1	149	0	1	0	591.25	320.31	11.77	5.37	100	Nhiễm
5	1	149	0	1	1	603.90	320.31	19.71	5.37	100	Salmonella
5	1	149	0	1	2	624.80	320.31	8.46	5.37	100	khác
4	1	149	0	2	0	547.250000	326.361230	40.260000	5.372400	-1	###LINE###
5	1	149	0	2	0	547.25	326.36	18.14	5.37	100	foodborne
5	1	149	0	2	1	566.50	326.36	21.01	5.37	100	intoxication
4	1	149	0	3	0	547.250000	332.411230	40.057600	5.372400	-1	###LINE###
5	1	149	0	3	0	547.25	332.41	6.59	5.37	100	due
5	1	149	0	3	1	554.95	332.41	3.97	5.37	100	to
5	1	149	0	3	2	559.90	332.41	6.39	5.37	100	any
5	1	149	0	3	3	567.60	332.41	19.71	5.37	100	Salmonella
4	1	149	0	4	0	547.250000	338.461230	37.408800	5.372400	-1	###LINE###
5	1	149	0	4	0	547.25	338.46	12.72	5.37	100	species
5	1	149	0	4	1	561.00	338.46	9.79	5.37	100	other
5	1	149	0	4	2	572.00	338.46	8.36	5.37	100	than
5	1	149	0	4	3	581.35	338.46	3.31	5.37	100	S.
4	1	149	0	5	0	547.250000	344.511230	40.057600	5.372400	-1	###LINE###
5	1	149	0	5	0	547.25	344.51	9.26	5.37	100	typhi
5	1	149	0	5	1	557.70	344.51	6.71	5.37	100	and
5	1	149	0	5	2	565.40	344.51	3.31	5.37	100	S.
5	1	149	0	5	3	569.80	344.51	17.51	5.37	100	paratyphi
3	1	150	0	0	0	19.250000	363.211230	4.430800	5.372400	-1	###FLOW###
4	1	150	0	0	0	19.250000	363.211230	4.430800	5.372400	-1	###LINE###
5	1	150	0	0	0	19.25	363.21	4.43	5.37	100	12
3	1	151	0	0	0	32.450000	363.211230	1.108800	5.372400	-1	###FLOW###
4	1	151	0	0	0	32.450000	363.211230	1.108800	5.372400	-1	###LINE###
5	1	151	0	0	0	32.45	363.21	1.11	5.37	100	I
3	1	152	0	0	0	51.700000	363.211230	57.860000	11.422400	-1	###FLOW###
4	1	152	0	0	0	51.700000	363.211230	57.860000	5.372400	-1	###LINE###
5	1	152	0	0	0	51.70	363.21	14.88	5.37	100	A00-B99
5	1	152	0	0	1	70.40	363.21	13.31	5.37	100	Certain
5	1	152	0	0	2	84.70	363.21	17.12	5.37	100	infectious
5	1	152	0	0	3	102.85	363.21	6.71	5.37	100	and
4	1	152	0	1	0	70.400000	369.261230	31.420400	5.372400	-1	###LINE###
5	1	152	0	1	0	70.40	369.26	15.61	5.37	100	parasitic
5	1	152	0	1	1	86.90	369.26	14.92	5.37	100	diseases
3	1	153	0	0	0	115.500000	363.211230	96.320400	11.422400	-1	###FLOW###
4	1	153	0	0	0	115.500000	363.211230	96.320400	5.372400	-1	###LINE###
5	1	153	0	0	0	115.50	363.21	8.91	5.37	100	Bệnh
5	1	153	0	0	1	125.40	363.21	12.21	5.37	100	truyền
5	1	153	0	0	2	138.60	363.21	11.22	5.37	100	nhiễm
5	1	153	0	0	3	150.70	363.21	4.31	5.37	100	và
5	1	153	0	0	4	157.85	363.21	15.43	5.37	100	A00-A09
5	1	153	0	0	5	176.55	363.21	16.96	5.37	100	Intestinal
5	1	153	0	0	6	194.70	363.21	17.12	5.37	100	infectious
4	1	153	0	1	0	115.500000	369.261230	23.522400	5.372400	-1	###LINE###
5	1	153	0	1	0	115.50	369.26	4.19	5.37	100	ký
5	1	153	0	1	1	121.00	369.26	7.26	5.37	100	sinh
5	1	153	0	1	2	129.25	369.26	9.77	5.37	100	trùng
4	1	153	0	2	0	176.550000	369.261230	14.920400	5.372400	-1	###LINE###
5	1	153	0	2	0	176.55	369.26	14.92	5.37	100	diseases
3	1	154	0	0	0	217.250000	363.211230	34.315600	11.422400	-1	###FLOW###
4	1	154	0	0	0	217.250000	363.211230	34.315600	5.372400	-1	###LINE###
5	1	154	0	0	0	217.25	363.21	8.91	5.37	100	Bệnh
5	1	154	0	0	1	227.15	363.21	12.21	5.37	100	truyền
5	1	154	0	0	2	240.35	363.21	11.22	5.37	100	nhiễm
4	1	154	0	1	0	217.250000	369.261230	20.724000	5.372400	-1	###LINE###
5	1	154	0	1	0	217.25	369.26	11.97	5.37	100	đường
5	1	154	0	1	1	230.45	369.26	7.52	5.37	100	ruột
3	1	155	0	0	0	388.850000	363.211230	7.180800	5.372400	-1	###FLOW###
4	1	155	0	0	0	388.850000	363.211230	7.180800	5.372400	-1	###LINE###
5	1	155	0	0	0	388.85	363.21	7.18	5.37	100	A02
3	1	156	0	0	0	405.350000	363.211230	30.707600	11.422400	-1	###FLOW###
4	1	156	0	0	0	405.350000	363.211230	30.707600	5.372400	-1	###LINE###
5	1	156	0	0	0	405.35	363.21	10.34	5.37	100	Other
5	1	156	0	0	1	416.90	363.21	19.16	5.37	100	salmonella
4	1	156	0	1	0	405.350000	369.261230	17.120400	5.372400	-1	###LINE###
5	1	156	0	1	0	405.35	369.26	17.12	5.37	100	infections
3	1	157	0	0	0	441.650000	363.211230	41.830800	11.422400	-1	###FLOW###
4	1	157	0	0	0	441.650000	363.211230	11.765600	5.372400	-1	###LINE###
5	1	157	0	0	0	441.65	363.21	11.77	5.37	100	Nhiễm
4	1	157	0	1	0	473.000000	363.211230	10.480800	5.372400	-1	###LINE###
5	1	157	0	1	0	473.00	363.21	10.48	5.37	100	A02.0
4	1	157	0	2	0	441.650000	369.261230	29.361200	5.372400	-1	###LINE###
5	1	157	0	2	0	441.65	369.26	19.71	5.37	100	Salmonella
5	1	157	0	2	1	462.55	369.26	8.46	5.37	100	khác
3	1	158	0	0	0	490.050000	363.211230	9.380800	5.372400	-1	###FLOW###
4	1	158	0	0	0	490.050000	363.211230	9.380800	5.372400	-1	###LINE###
5	1	158	0	0	0	490.05	363.21	9.38	5.37	100	A020
3	1	159	0	0	0	509.850000	363.211230	19.707600	11.422400	-1	###FLOW###
4	1	159	0	0	0	509.850000	363.211230	19.707600	5.372400	-1	###LINE###
5	1	159	0	0	0	509.85	363.21	19.71	5.37	100	Salmonella
4	1	159	0	1	0	509.850000	369.261230	15.470400	5.372400	-1	###LINE###
5	1	159	0	1	0	509.85	369.26	15.47	5.37	100	enteritis
3	1	160	0	0	0	547.250000	363.211230	24.270400	5.372400	-1	###FLOW###
4	1	160	0	0	0	547.250000	363.211230	24.270400	5.372400	-1	###LINE###
5	1	160	0	0	0	547.25	363.21	24.27	5.37	100	Salmonellosis
3	1	161	0	0	0	19.250000	381.361230	4.430800	5.372400	-1	###FLOW###
4	1	161	0	0	0	19.250000	381.361230	4.430800	5.372400	-1	###LINE###
5	1	161	0	0	0	19.25	381.36	4.43	5.37	100	13
3	1	162	0	0	0	32.450000	381.361230	1.108800	5.372400	-1	###FLOW###
4	1	162	0	0	0	32.450000	381.361230	1.108800	5.372400	-1	###LINE###
5	1	162	0	0	0	32.45	381.36	1.11	5.37	100	I
3	1	163	0	0	0	51.700000	381.361230	57.860000	11.422400	-1	###FLOW###
4	1	163	0	0	0	51.700000	381.361230	57.860000	5.372400	-1	###LINE###
5	1	163	0	0	0	51.70	381.36	14.88	5.37	100	A00-B99
5	1	163	0	0	1	70.40	381.36	13.31	5.37	100	Certain
5	1	163	0	0	2	84.70	381.36	17.12	5.37	100	infectious
5	1	163	0	0	3	102.85	381.36	6.71	5.37	100	and
4	1	163	0	1	0	70.400000	387.411230	31.420400	5.372400	-1	###LINE###
5	1	163	0	1	0	70.40	387.41	15.61	5.37	100	parasitic
5	1	163	0	1	1	86.90	387.41	14.92	5.37	100	diseases
3	1	164	0	0	0	115.500000	381.361230	96.320400	11.422400	-1	###FLOW###
4	1	164	0	0	0	115.500000	381.361230	96.320400	5.372400	-1	###LINE###
5	1	164	0	0	0	115.50	381.36	8.91	5.37	100	Bệnh
5	1	164	0	0	1	125.40	381.36	12.21	5.37	100	truyền
5	1	164	0	0	2	138.60	381.36	11.22	5.37	100	nhiễm
5	1	164	0	0	3	150.70	381.36	4.31	5.37	100	và
5	1	164	0	0	4	157.85	381.36	15.43	5.37	100	A00-A09
5	1	164	0	0	5	176.55	381.36	16.96	5.37	100	Intestinal
5	1	164	0	0	6	194.70	381.36	17.12	5.37	100	infectious
4	1	164	0	1	0	115.500000	387.411230	23.522400	5.372400	-1	###LINE###
5	1	164	0	1	0	115.50	387.41	4.19	5.37	100	ký
5	1	164	0	1	1	121.00	387.41	7.26	5.37	100	sinh
5	1	164	0	1	2	129.25	387.41	9.77	5.37	100	trùng
4	1	164	0	2	0	176.550000	387.411230	14.920400	5.372400	-1	###LINE###
5	1	164	0	2	0	176.55	387.41	14.92	5.37	100	diseases
3	1	165	0	0	0	217.250000	381.361230	34.315600	11.422400	-1	###FLOW###
4	1	165	0	0	0	217.250000	381.361230	34.315600	5.372400	-1	###LINE###
5	1	165	0	0	0	217.25	381.36	8.91	5.37	100	Bệnh
5	1	165	0	0	1	227.15	381.36	12.21	5.37	100	truyền
5	1	165	0	0	2	240.35	381.36	11.22	5.37	100	nhiễm
4	1	165	0	1	0	217.250000	387.411230	20.724000	5.372400	-1	###LINE###
5	1	165	0	1	0	217.25	387.41	11.97	5.37	100	đường
5	1	165	0	1	1	230.45	387.41	7.52	5.37	100	ruột
3	1	166	0	0	0	388.850000	381.361230	7.180800	5.372400	-1	###FLOW###
4	1	166	0	0	0	388.850000	381.361230	7.180800	5.372400	-1	###LINE###
5	1	166	0	0	0	388.85	381.36	7.18	5.37	100	A02
3	1	167	0	0	0	405.350000	381.361230	30.707600	11.422400	-1	###FLOW###
4	1	167	0	0	0	405.350000	381.361230	30.707600	5.372400	-1	###LINE###
5	1	167	0	0	0	405.35	381.36	10.34	5.37	100	Other
5	1	167	0	0	1	416.90	381.36	19.16	5.37	100	salmonella
4	1	167	0	1	0	405.350000	387.411230	17.120400	5.372400	-1	###LINE###
5	1	167	0	1	0	405.35	387.41	17.12	5.37	100	infections
3	1	168	0	0	0	441.650000	381.361230	41.830800	11.422400	-1	###FLOW###
4	1	168	0	0	0	441.650000	381.361230	11.765600	5.372400	-1	###LINE###
5	1	168	0	0	0	441.65	381.36	11.77	5.37	100	Nhiễm
4	1	168	0	1	0	473.000000	381.361230	10.480800	5.372400	-1	###LINE###
5	1	168	0	1	0	473.00	381.36	10.48	5.37	100	A02.1
4	1	168	0	2	0	441.650000	387.411230	29.361200	5.372400	-1	###LINE###
5	1	168	0	2	0	441.65	387.41	19.71	5.37	100	Salmonella
5	1	168	0	2	1	462.55	387.41	8.46	5.37	100	khác
3	1	169	0	0	0	490.050000	381.361230	9.380800	5.372400	-1	###FLOW###
4	1	169	0	0	0	490.050000	381.361230	9.380800	5.372400	-1	###LINE###
5	1	169	0	0	0	490.05	381.36	9.38	5.37	100	A021
3	1	170	0	0	0	509.850000	381.361230	31.420400	5.372400	-1	###FLOW###
4	1	170	0	0	0	509.850000	381.361230	31.420400	5.372400	-1	###LINE###
5	1	170	0	0	0	509.85	381.36	19.71	5.37	100	Salmonella
5	1	170	0	0	1	530.75	381.36	10.52	5.37	100	sepsis
3	1	171	0	0	0	19.250000	399.511230	4.430800	5.372400	-1	###FLOW###
4	1	171	0	0	0	19.250000	399.511230	4.430800	5.372400	-1	###LINE###
5	1	171	0	0	0	19.25	399.51	4.43	5.37	100	14
3	1	172	0	0	0	32.450000	399.511230	1.108800	5.372400	-1	###FLOW###
4	1	172	0	0	0	32.450000	399.511230	1.108800	5.372400	-1	###LINE###
5	1	172	0	0	0	32.45	399.51	1.11	5.37	100	I
3	1	173	0	0	0	51.700000	399.511230	57.860000	11.422400	-1	###FLOW###
4	1	173	0	0	0	51.700000	399.511230	57.860000	5.372400	-1	###LINE###
5	1	173	0	0	0	51.70	399.51	14.88	5.37	100	A00-B99
5	1	173	0	0	1	70.40	399.51	13.31	5.37	100	Certain
5	1	173	0	0	2	84.70	399.51	17.12	5.37	100	infectious
5	1	173	0	0	3	102.85	399.51	6.71	5.37	100	and
4	1	173	0	1	0	70.400000	405.561230	31.420400	5.372400	-1	###LINE###
5	1	173	0	1	0	70.40	405.56	15.61	5.37	100	parasitic
5	1	173	0	1	1	86.90	405.56	14.92	5.37	100	diseases
3	1	174	0	0	0	115.500000	399.511230	96.320400	11.422400	-1	###FLOW###
4	1	174	0	0	0	115.500000	399.511230	96.320400	5.372400	-1	###LINE###
5	1	174	0	0	0	115.50	399.51	8.91	5.37	100	Bệnh
5	1	174	0	0	1	125.40	399.51	12.21	5.37	100	truyền
5	1	174	0	0	2	138.60	399.51	11.22	5.37	100	nhiễm
5	1	174	0	0	3	150.70	399.51	4.31	5.37	100	và
5	1	174	0	0	4	157.85	399.51	15.43	5.37	100	A00-A09
5	1	174	0	0	5	176.55	399.51	16.96	5.37	100	Intestinal
5	1	174	0	0	6	194.70	399.51	17.12	5.37	100	infectious
4	1	174	0	1	0	115.500000	405.561230	23.522400	5.372400	-1	###LINE###
5	1	174	0	1	0	115.50	405.56	4.19	5.37	100	ký
5	1	174	0	1	1	121.00	405.56	7.26	5.37	100	sinh
5	1	174	0	1	2	129.25	405.56	9.77	5.37	100	trùng
4	1	174	0	2	0	176.550000	405.561230	14.920400	5.372400	-1	###LINE###
5	1	174	0	2	0	176.55	405.56	14.92	5.37	100	diseases
3	1	175	0	0	0	217.250000	399.511230	34.315600	11.422400	-1	###FLOW###
4	1	175	0	0	0	217.250000	399.511230	34.315600	5.372400	-1	###LINE###
5	1	175	0	0	0	217.25	399.51	8.91	5.37	100	Bệnh
5	1	175	0	0	1	227.15	399.51	12.21	5.37	100	truyền
5	1	175	0	0	2	240.35	399.51	11.22	5.37	100	nhiễm
4	1	175	0	1	0	217.250000	405.561230	20.724000	5.372400	-1	###LINE###
5	1	175	0	1	0	217.25	405.56	11.97	5.37	100	đường
5	1	175	0	1	1	230.45	405.56	7.52	5.37	100	ruột
3	1	176	0	0	0	388.850000	399.511230	7.180800	5.372400	-1	###FLOW###
4	1	176	0	0	0	388.850000	399.511230	7.180800	5.372400	-1	###LINE###
5	1	176	0	0	0	388.85	399.51	7.18	5.37	100	A02
3	1	177	0	0	0	405.350000	399.511230	30.707600	11.422400	-1	###FLOW###
4	1	177	0	0	0	405.350000	399.511230	30.707600	5.372400	-1	###LINE###
5	1	177	0	0	0	405.35	399.51	10.34	5.37	100	Other
5	1	177	0	0	1	416.90	399.51	19.16	5.37	100	salmonella
4	1	177	0	1	0	405.350000	405.561230	17.120400	5.372400	-1	###LINE###
5	1	177	0	1	0	405.35	405.56	17.12	5.37	100	infections
3	1	178	0	0	0	441.650000	399.511230	41.830800	11.422400	-1	###FLOW###
4	1	178	0	0	0	441.650000	399.511230	11.765600	5.372400	-1	###LINE###
5	1	178	0	0	0	441.65	399.51	11.77	5.37	100	Nhiễm
4	1	178	0	1	0	473.000000	399.511230	10.480800	5.372400	-1	###LINE###
5	1	178	0	1	0	473.00	399.51	10.48	5.37	100	A02.2
4	1	178	0	2	0	441.650000	405.561230	29.361200	5.372400	-1	###LINE###
5	1	178	0	2	0	441.65	405.56	19.71	5.37	100	Salmonella
5	1	178	0	2	1	462.55	405.56	8.46	5.37	100	khác
3	1	179	0	0	0	490.050000	399.511230	9.380800	5.372400	-1	###FLOW###
4	1	179	0	0	0	490.050000	399.511230	9.380800	5.372400	-1	###LINE###
5	1	179	0	0	0	490.05	399.51	9.38	5.37	100	A022
3	1	180	0	0	0	509.850000	399.511230	19.157600	17.472400	-1	###FLOW###
4	1	180	0	0	0	509.850000	399.511230	16.060000	5.372400	-1	###LINE###
5	1	180	0	0	0	509.85	399.51	16.06	5.37	100	Localized
4	1	180	0	1	0	509.850000	405.561230	19.157600	5.372400	-1	###LINE###
5	1	180	0	1	0	509.85	405.56	19.16	5.37	100	salmonella
4	1	180	0	2	0	509.850000	411.611230	17.120400	5.372400	-1	###LINE###
5	1	180	0	2	0	509.85	411.61	17.12	5.37	100	infections
3	1	181	0	0	0	19.250000	461.111230	4.430800	5.372400	-1	###FLOW###
4	1	181	0	0	0	19.250000	461.111230	4.430800	5.372400	-1	###LINE###
5	1	181	0	0	0	19.25	461.11	4.43	5.37	100	15
3	1	182	0	0	0	32.450000	461.111230	1.108800	5.372400	-1	###FLOW###
4	1	182	0	0	0	32.450000	461.111230	1.108800	5.372400	-1	###LINE###
5	1	182	0	0	0	32.45	461.11	1.11	5.37	100	I
3	1	183	0	0	0	51.700000	461.111230	57.860000	11.422400	-1	###FLOW###
4	1	183	0	0	0	51.700000	461.111230	57.860000	5.372400	-1	###LINE###
5	1	183	0	0	0	51.70	461.11	14.88	5.37	100	A00-B99
5	1	183	0	0	1	70.40	461.11	13.31	5.37	100	Certain
5	1	183	0	0	2	84.70	461.11	17.12	5.37	100	infectious
5	1	183	0	0	3	102.85	461.11	6.71	5.37	100	and
4	1	183	0	1	0	70.400000	467.161230	31.420400	5.372400	-1	###LINE###
5	1	183	0	1	0	70.40	467.16	15.61	5.37	100	parasitic
5	1	183	0	1	1	86.90	467.16	14.92	5.37	100	diseases
3	1	184	0	0	0	115.500000	461.111230	96.320400	11.422400	-1	###FLOW###
4	1	184	0	0	0	115.500000	461.111230	96.320400	5.372400	-1	###LINE###
5	1	184	0	0	0	115.50	461.11	8.91	5.37	100	Bệnh
5	1	184	0	0	1	125.40	461.11	12.21	5.37	100	truyền
5	1	184	0	0	2	138.60	461.11	11.22	5.37	100	nhiễm
5	1	184	0	0	3	150.70	461.11	4.31	5.37	100	và
5	1	184	0	0	4	157.85	461.11	15.43	5.37	100	A00-A09
5	1	184	0	0	5	176.55	461.11	16.96	5.37	100	Intestinal
5	1	184	0	0	6	194.70	461.11	17.12	5.37	100	infectious
4	1	184	0	1	0	115.500000	467.161230	23.522400	5.372400	-1	###LINE###
5	1	184	0	1	0	115.50	467.16	4.19	5.37	100	ký
5	1	184	0	1	1	121.00	467.16	7.26	5.37	100	sinh
5	1	184	0	1	2	129.25	467.16	9.77	5.37	100	trùng
4	1	184	0	2	0	176.550000	467.161230	14.920400	5.372400	-1	###LINE###
5	1	184	0	2	0	176.55	467.16	14.92	5.37	100	diseases
3	1	185	0	0	0	217.250000	461.111230	34.315600	11.422400	-1	###FLOW###
4	1	185	0	0	0	217.250000	461.111230	34.315600	5.372400	-1	###LINE###
5	1	185	0	0	0	217.25	461.11	8.91	5.37	100	Bệnh
5	1	185	0	0	1	227.15	461.11	12.21	5.37	100	truyền
5	1	185	0	0	2	240.35	461.11	11.22	5.37	100	nhiễm
4	1	185	0	1	0	217.250000	467.161230	20.724000	5.372400	-1	###LINE###
5	1	185	0	1	0	217.25	467.16	11.97	5.37	100	đường
5	1	185	0	1	1	230.45	467.16	7.52	5.37	100	ruột
3	1	186	0	0	0	388.850000	461.111230	7.180800	5.372400	-1	###FLOW###
4	1	186	0	0	0	388.850000	461.111230	7.180800	5.372400	-1	###LINE###
5	1	186	0	0	0	388.85	461.11	7.18	5.37	100	A02
3	1	187	0	0	0	405.350000	461.111230	30.707600	11.422400	-1	###FLOW###
4	1	187	0	0	0	405.350000	461.111230	30.707600	5.372400	-1	###LINE###
5	1	187	0	0	0	405.35	461.11	10.34	5.37	100	Other
5	1	187	0	0	1	416.90	461.11	19.16	5.37	100	salmonella
4	1	187	0	1	0	405.350000	467.161230	17.120400	5.372400	-1	###LINE###
5	1	187	0	1	0	405.35	467.16	17.12	5.37	100	infections
3	1	188	0	0	0	441.650000	461.111230	41.830800	11.422400	-1	###FLOW###
4	1	188	0	0	0	441.650000	461.111230	11.765600	5.372400	-1	###LINE###
5	1	188	0	0	0	441.65	461.11	11.77	5.37	100	Nhiễm
4	1	188	0	1	0	473.000000	461.111230	10.480800	5.372400	-1	###LINE###
5	1	188	0	1	0	473.00	461.11	10.48	5.37	100	A02.8
4	1	188	0	2	0	441.650000	467.161230	29.361200	5.372400	-1	###LINE###
5	1	188	0	2	0	441.65	467.16	19.71	5.37	100	Salmonella
5	1	188	0	2	1	462.55	467.16	8.46	5.37	100	khác
3	1	189	0	0	0	490.050000	461.111230	9.380800	5.372400	-1	###FLOW###
4	1	189	0	0	0	490.050000	461.111230	9.380800	5.372400	-1	###LINE###
5	1	189	0	0	0	490.05	461.11	9.38	5.37	100	A028
3	1	190	0	0	0	19.250000	479.261230	4.430800	5.372400	-1	###FLOW###
4	1	190	0	0	0	19.250000	479.261230	4.430800	5.372400	-1	###LINE###
5	1	190	0	0	0	19.25	479.26	4.43	5.37	100	16
3	1	191	0	0	0	32.450000	479.261230	1.108800	5.372400	-1	###FLOW###
4	1	191	0	0	0	32.450000	479.261230	1.108800	5.372400	-1	###LINE###
5	1	191	0	0	0	32.45	479.26	1.11	5.37	100	I
3	1	192	0	0	0	51.700000	479.261230	57.860000	11.422400	-1	###FLOW###
4	1	192	0	0	0	51.700000	479.261230	57.860000	5.372400	-1	###LINE###
5	1	192	0	0	0	51.70	479.26	14.88	5.37	100	A00-B99
5	1	192	0	0	1	70.40	479.26	13.31	5.37	100	Certain
5	1	192	0	0	2	84.70	479.26	17.12	5.37	100	infectious
5	1	192	0	0	3	102.85	479.26	6.71	5.37	100	and
4	1	192	0	1	0	70.400000	485.311230	31.420400	5.372400	-1	###LINE###
5	1	192	0	1	0	70.40	485.31	15.61	5.37	100	parasitic
5	1	192	0	1	1	86.90	485.31	14.92	5.37	100	diseases
3	1	193	0	0	0	115.500000	479.261230	96.320400	11.422400	-1	###FLOW###
4	1	193	0	0	0	115.500000	479.261230	96.320400	5.372400	-1	###LINE###
5	1	193	0	0	0	115.50	479.26	8.91	5.37	100	Bệnh
5	1	193	0	0	1	125.40	479.26	12.21	5.37	100	truyền
5	1	193	0	0	2	138.60	479.26	11.22	5.37	100	nhiễm
5	1	193	0	0	3	150.70	479.26	4.31	5.37	100	và
5	1	193	0	0	4	157.85	479.26	15.43	5.37	100	A00-A09
5	1	193	0	0	5	176.55	479.26	16.96	5.37	100	Intestinal
5	1	193	0	0	6	194.70	479.26	17.12	5.37	100	infectious
4	1	193	0	1	0	115.500000	485.311230	23.522400	5.372400	-1	###LINE###
5	1	193	0	1	0	115.50	485.31	4.19	5.37	100	ký
5	1	193	0	1	1	121.00	485.31	7.26	5.37	100	sinh
5	1	193	0	1	2	129.25	485.31	9.77	5.37	100	trùng
4	1	193	0	2	0	176.550000	485.311230	14.920400	5.372400	-1	###LINE###
5	1	193	0	2	0	176.55	485.31	14.92	5.37	100	diseases
3	1	194	0	0	0	217.250000	479.261230	34.315600	11.422400	-1	###FLOW###
4	1	194	0	0	0	217.250000	479.261230	34.315600	5.372400	-1	###LINE###
5	1	194	0	0	0	217.25	479.26	8.91	5.37	100	Bệnh
5	1	194	0	0	1	227.15	479.26	12.21	5.37	100	truyền
5	1	194	0	0	2	240.35	479.26	11.22	5.37	100	nhiễm
4	1	194	0	1	0	217.250000	485.311230	20.724000	5.372400	-1	###LINE###
5	1	194	0	1	0	217.25	485.31	11.97	5.37	100	đường
5	1	194	0	1	1	230.45	485.31	7.52	5.37	100	ruột
3	1	195	0	0	0	388.850000	479.261230	7.180800	5.372400	-1	###FLOW###
4	1	195	0	0	0	388.850000	479.261230	7.180800	5.372400	-1	###LINE###
5	1	195	0	0	0	388.85	479.26	7.18	5.37	100	A02
3	1	196	0	0	0	405.350000	479.261230	30.707600	11.422400	-1	###FLOW###
4	1	196	0	0	0	405.350000	479.261230	30.707600	5.372400	-1	###LINE###
5	1	196	0	0	0	405.35	479.26	10.34	5.37	100	Other
5	1	196	0	0	1	416.90	479.26	19.16	5.37	100	salmonella
4	1	196	0	1	0	405.350000	485.311230	17.120400	5.372400	-1	###LINE###
5	1	196	0	1	0	405.35	485.31	17.12	5.37	100	infections
3	1	197	0	0	0	441.650000	479.261230	41.830800	11.422400	-1	###FLOW###
4	1	197	0	0	0	441.650000	479.261230	11.765600	5.372400	-1	###LINE###
5	1	197	0	0	0	441.65	479.26	11.77	5.37	100	Nhiễm
4	1	197	0	1	0	473.000000	479.261230	10.480800	5.372400	-1	###LINE###
5	1	197	0	1	0	473.00	479.26	10.48	5.37	100	A02.9
4	1	197	0	2	0	441.650000	485.311230	29.361200	5.372400	-1	###LINE###
5	1	197	0	2	0	441.65	485.31	19.71	5.37	100	Salmonella
5	1	197	0	2	1	462.55	485.31	8.46	5.37	100	khác
3	1	198	0	0	0	490.050000	479.261230	9.380800	5.372400	-1	###FLOW###
4	1	198	0	0	0	490.050000	479.261230	9.380800	5.372400	-1	###LINE###
5	1	198	0	0	0	490.05	479.26	9.38	5.37	100	A029
3	1	199	0	0	0	19.250000	497.411230	4.430800	5.372400	-1	###FLOW###
4	1	199	0	0	0	19.250000	497.411230	4.430800	5.372400	-1	###LINE###
5	1	199	0	0	0	19.25	497.41	4.43	5.37	100	17
3	1	200	0	0	0	32.450000	497.411230	1.108800	5.372400	-1	###FLOW###
4	1	200	0	0	0	32.450000	497.411230	1.108800	5.372400	-1	###LINE###
5	1	200	0	0	0	32.45	497.41	1.11	5.37	100	I
3	1	201	0	0	0	176.550000	497.411230	35.270400	23.522400	-1	###FLOW###
4	1	201	0	0	0	176.550000	497.411230	35.270400	5.372400	-1	###LINE###
5	1	201	0	0	0	176.55	497.41	16.96	5.37	100	Intestinal
5	1	201	0	0	1	194.70	497.41	17.12	5.37	100	infectious
4	1	201	0	1	0	176.550000	503.461230	14.920400	5.372400	-1	###LINE###
5	1	201	0	1	0	176.55	503.46	14.92	5.37	100	diseases
4	1	201	0	2	0	176.550000	509.511230	35.270400	5.372400	-1	###LINE###
5	1	201	0	2	0	176.55	509.51	16.96	5.37	100	Intestinal
5	1	201	0	2	1	194.70	509.51	17.12	5.37	100	infectious
4	1	201	0	3	0	176.550000	515.561230	14.920400	5.372400	-1	###LINE###
5	1	201	0	3	0	176.55	515.56	14.92	5.37	100	diseases
3	1	202	0	0	0	217.250000	497.411230	34.315600	23.522400	-1	###FLOW###
4	1	202	0	0	0	217.250000	497.411230	34.315600	5.372400	-1	###LINE###
5	1	202	0	0	0	217.25	497.41	8.91	5.37	100	Bệnh
5	1	202	0	0	1	227.15	497.41	12.21	5.37	100	truyền
5	1	202	0	0	2	240.35	497.41	11.22	5.37	100	nhiễm
4	1	202	0	1	0	217.250000	503.461230	20.724000	5.372400	-1	###LINE###
5	1	202	0	1	0	217.25	503.46	11.97	5.37	100	đường
5	1	202	0	1	1	230.45	503.46	7.52	5.37	100	ruột
4	1	202	0	2	0	217.250000	509.511230	34.315600	5.372400	-1	###LINE###
5	1	202	0	2	0	217.25	509.51	8.91	5.37	100	Bệnh
5	1	202	0	2	1	227.15	509.51	12.21	5.37	100	truyền
5	1	202	0	2	2	240.35	509.51	11.22	5.37	100	nhiễm
4	1	202	0	3	0	217.250000	515.561230	20.724000	5.372400	-1	###LINE###
5	1	202	0	3	0	217.25	515.56	11.97	5.37	100	đường
5	1	202	0	3	1	230.45	515.56	7.52	5.37	100	ruột
3	1	203	0	0	0	405.350000	497.411230	18.770400	5.372400	-1	###FLOW###
4	1	203	0	0	0	405.350000	497.411230	18.770400	5.372400	-1	###LINE###
5	1	203	0	0	0	405.35	497.41	18.77	5.37	100	Shigellosis
3	1	204	0	0	0	490.050000	497.411230	7.180800	5.372400	-1	###FLOW###
4	1	204	0	0	0	490.050000	497.411230	7.180800	5.372400	-1	###LINE###
5	1	204	0	0	0	490.05	497.41	7.18	5.37	100	A03
3	1	205	0	0	0	388.850000	509.511230	7.180800	5.372400	-1	###FLOW###
4	1	205	0	0	0	388.850000	509.511230	7.180800	5.372400	-1	###LINE###
5	1	205	0	0	0	388.85	509.51	7.18	5.37	100	A03
3	1	206	0	0	0	405.350000	509.511230	18.770400	5.372400	-1	###FLOW###
4	1	206	0	0	0	405.350000	509.511230	18.770400	5.372400	-1	###LINE###
5	1	206	0	0	0	405.35	509.51	18.77	5.37	100	Shigellosis
3	1	207	0	0	0	441.650000	497.411230	22.211200	23.522400	-1	###FLOW###
4	1	207	0	0	0	441.650000	497.411230	22.211200	5.372400	-1	###LINE###
5	1	207	0	0	0	441.65	497.41	8.91	5.37	100	Bệnh
5	1	207	0	0	1	451.55	497.41	3.09	5.37	100	lỵ
5	1	207	0	0	2	455.95	497.41	7.91	5.37	100	trực
4	1	207	0	1	0	441.650000	503.461230	11.110000	5.372400	-1	###LINE###
5	1	207	0	1	0	441.65	503.46	11.11	5.37	100	khuẩn
4	1	207	0	2	0	441.650000	509.511230	22.211200	5.372400	-1	###LINE###
5	1	207	0	2	0	441.65	509.51	8.91	5.37	100	Bệnh
5	1	207	0	2	1	451.55	509.51	3.09	5.37	100	lỵ
5	1	207	0	2	2	455.95	509.51	7.91	5.37	100	trực
4	1	207	0	3	0	441.650000	515.561230	11.110000	5.372400	-1	###LINE###
5	1	207	0	3	0	441.65	515.56	11.11	5.37	100	khuẩn
3	1	208	0	0	0	473.000000	497.411230	7.180800	5.372400	-1	###FLOW###
4	1	208	0	0	0	473.000000	497.411230	7.180800	5.372400	-1	###LINE###
5	1	208	0	0	0	473.00	497.41	7.18	5.37	100	A03
3	1	209	0	0	0	32.450000	509.511230	1.108800	5.372400	-1	###FLOW###
4	1	209	0	0	0	32.450000	509.511230	1.108800	5.372400	-1	###LINE###
5	1	209	0	0	0	32.45	509.51	1.11	5.37	100	I
3	1	210	0	0	0	115.500000	497.411230	57.780800	23.522400	-1	###FLOW###
4	1	210	0	0	0	115.500000	497.411230	57.780800	5.372400	-1	###LINE###
5	1	210	0	0	0	115.50	497.41	8.91	5.37	100	Bệnh
5	1	210	0	0	1	125.40	497.41	12.21	5.37	100	truyền
5	1	210	0	0	2	138.60	497.41	11.22	5.37	100	nhiễm
5	1	210	0	0	3	150.70	497.41	4.31	5.37	100	và
5	1	210	0	0	4	157.85	497.41	15.43	5.37	100	A00-A09
4	1	210	0	1	0	115.500000	503.461230	23.522400	5.372400	-1	###LINE###
5	1	210	0	1	0	115.50	503.46	4.19	5.37	100	ký
5	1	210	0	1	1	121.00	503.46	7.26	5.37	100	sinh
5	1	210	0	1	2	129.25	503.46	9.77	5.37	100	trùng
4	1	210	0	2	0	115.500000	509.511230	57.780800	5.372400	-1	###LINE###
5	1	210	0	2	0	115.50	509.51	8.91	5.37	100	Bệnh
5	1	210	0	2	1	125.40	509.51	12.21	5.37	100	truyền
5	1	210	0	2	2	138.60	509.51	11.22	5.37	100	nhiễm
5	1	210	0	2	3	150.70	509.51	4.31	5.37	100	và
5	1	210	0	2	4	157.85	509.51	15.43	5.37	100	A00-A09
4	1	210	0	3	0	115.500000	515.561230	23.522400	5.372400	-1	###LINE###
5	1	210	0	3	0	115.50	515.56	4.19	5.37	100	ký
5	1	210	0	3	1	121.00	515.56	7.26	5.37	100	sinh
5	1	210	0	3	2	129.25	515.56	9.77	5.37	100	trùng
3	1	211	0	0	0	388.850000	497.411230	7.180800	5.372400	-1	###FLOW###
4	1	211	0	0	0	388.850000	497.411230	7.180800	5.372400	-1	###LINE###
5	1	211	0	0	0	388.85	497.41	7.18	5.37	100	A03
3	1	212	0	0	0	19.250000	509.511230	4.430800	5.372400	-1	###FLOW###
4	1	212	0	0	0	19.250000	509.511230	4.430800	5.372400	-1	###LINE###
5	1	212	0	0	0	19.25	509.51	4.43	5.37	100	18
3	1	213	0	0	0	51.700000	497.411230	57.860000	23.522400	-1	###FLOW###
4	1	213	0	0	0	51.700000	497.411230	57.860000	5.372400	-1	###LINE###
5	1	213	0	0	0	51.70	497.41	14.88	5.37	100	A00-B99
5	1	213	0	0	1	70.40	497.41	13.31	5.37	100	Certain
5	1	213	0	0	2	84.70	497.41	17.12	5.37	100	infectious
5	1	213	0	0	3	102.85	497.41	6.71	5.37	100	and
4	1	213	0	1	0	70.400000	503.461230	31.420400	5.372400	-1	###LINE###
5	1	213	0	1	0	70.40	503.46	15.61	5.37	100	parasitic
5	1	213	0	1	1	86.90	503.46	14.92	5.37	100	diseases
4	1	213	0	2	0	51.700000	509.511230	57.860000	5.372400	-1	###LINE###
5	1	213	0	2	0	51.70	509.51	14.88	5.37	100	A00-B99
5	1	213	0	2	1	70.40	509.51	13.31	5.37	100	Certain
5	1	213	0	2	2	84.70	509.51	17.12	5.37	100	infectious
5	1	213	0	2	3	102.85	509.51	6.71	5.37	100	and
4	1	213	0	3	0	70.400000	515.561230	31.420400	5.372400	-1	###LINE###
5	1	213	0	3	0	70.40	515.56	15.61	5.37	100	parasitic
5	1	213	0	3	1	86.90	515.56	14.92	5.37	100	diseases
3	1	214	0	0	0	509.850000	461.111230	27.060000	41.672400	-1	###FLOW###
4	1	214	0	0	0	509.850000	461.111230	27.060000	5.372400	-1	###LINE###
5	1	214	0	0	0	509.85	461.11	10.34	5.37	100	Other
5	1	214	0	0	1	521.40	461.11	15.51	5.37	100	specified
4	1	214	0	1	0	509.850000	467.161230	19.157600	5.372400	-1	###LINE###
5	1	214	0	1	0	509.85	467.16	19.16	5.37	100	salmonella
4	1	214	0	2	0	509.850000	473.211230	17.120400	5.372400	-1	###LINE###
5	1	214	0	2	0	509.85	473.21	17.12	5.37	100	infections
4	1	214	0	3	0	509.850000	479.261230	19.707600	5.372400	-1	###LINE###
5	1	214	0	3	0	509.85	479.26	19.71	5.37	100	Salmonella
4	1	214	0	4	0	509.850000	485.311230	16.500000	5.372400	-1	###LINE###
5	1	214	0	4	0	509.85	485.31	16.50	5.37	100	infection,
4	1	214	0	5	0	509.850000	491.361230	19.910000	5.372400	-1	###LINE###
5	1	214	0	5	0	509.85	491.36	19.91	5.37	100	unspecified
4	1	214	0	6	0	509.850000	497.411230	18.770400	5.372400	-1	###LINE###
5	1	214	0	6	0	509.85	497.41	18.77	5.37	100	Shigellosis
3	1	215	0	0	0	473.000000	509.511230	10.480800	5.372400	-1	###FLOW###
4	1	215	0	0	0	473.000000	509.511230	10.480800	5.372400	-1	###LINE###
5	1	215	0	0	0	473.00	509.51	10.48	5.37	100	A03.0
3	1	216	0	0	0	490.050000	509.511230	9.380800	5.372400	-1	###FLOW###
4	1	216	0	0	0	490.050000	509.511230	9.380800	5.372400	-1	###LINE###
5	1	216	0	0	0	490.05	509.51	9.38	5.37	100	A030
3	1	217	0	0	0	19.250000	527.661230	4.430800	5.372400	-1	###FLOW###
4	1	217	0	0	0	19.250000	527.661230	4.430800	5.372400	-1	###LINE###
5	1	217	0	0	0	19.25	527.66	4.43	5.37	100	19
3	1	218	0	0	0	32.450000	527.661230	1.108800	5.372400	-1	###FLOW###
4	1	218	0	0	0	32.450000	527.661230	1.108800	5.372400	-1	###LINE###
5	1	218	0	0	0	32.45	527.66	1.11	5.37	100	I
3	1	219	0	0	0	490.050000	527.661230	9.380800	5.372400	-1	###FLOW###
4	1	219	0	0	0	490.050000	527.661230	9.380800	5.372400	-1	###LINE###
5	1	219	0	0	0	490.05	527.66	9.38	5.37	100	A031
3	1	220	0	0	0	473.000000	539.761230	10.480800	5.372400	-1	###FLOW###
4	1	220	0	0	0	473.000000	539.761230	10.480800	5.372400	-1	###LINE###
5	1	220	0	0	0	473.00	539.76	10.48	5.37	100	A03.2
3	1	221	0	0	0	490.050000	539.761230	9.380800	5.372400	-1	###FLOW###
4	1	221	0	0	0	490.050000	539.761230	9.380800	5.372400	-1	###LINE###
5	1	221	0	0	0	490.05	539.76	9.38	5.37	100	A032
3	1	222	0	0	0	388.850000	551.861230	7.180800	5.372400	-1	###FLOW###
4	1	222	0	0	0	388.850000	551.861230	7.180800	5.372400	-1	###LINE###
5	1	222	0	0	0	388.85	551.86	7.18	5.37	100	A03
3	1	223	0	0	0	405.350000	551.861230	18.770400	5.372400	-1	###FLOW###
4	1	223	0	0	0	405.350000	551.861230	18.770400	5.372400	-1	###LINE###
5	1	223	0	0	0	405.35	551.86	18.77	5.37	100	Shigellosis
3	1	224	0	0	0	473.000000	551.861230	10.480800	5.372400	-1	###FLOW###
4	1	224	0	0	0	473.000000	551.861230	10.480800	5.372400	-1	###LINE###
5	1	224	0	0	0	473.00	551.86	10.48	5.37	100	A03.3
3	1	225	0	0	0	490.050000	551.861230	9.380800	5.372400	-1	###FLOW###
4	1	225	0	0	0	490.050000	551.861230	9.380800	5.372400	-1	###LINE###
5	1	225	0	0	0	490.05	551.86	9.38	5.37	100	A033
3	1	226	0	0	0	32.450000	563.961230	1.108800	5.372400	-1	###FLOW###
4	1	226	0	0	0	32.450000	563.961230	1.108800	5.372400	-1	###LINE###
5	1	226	0	0	0	32.45	563.96	1.11	5.37	100	I
3	1	227	0	0	0	388.850000	563.961230	7.180800	5.372400	-1	###FLOW###
4	1	227	0	0	0	388.850000	563.961230	7.180800	5.372400	-1	###LINE###
5	1	227	0	0	0	388.85	563.96	7.18	5.37	100	A03
3	1	228	0	0	0	405.350000	563.961230	18.770400	5.372400	-1	###FLOW###
4	1	228	0	0	0	405.350000	563.961230	18.770400	5.372400	-1	###LINE###
5	1	228	0	0	0	405.35	563.96	18.77	5.37	100	Shigellosis
3	1	229	0	0	0	441.650000	527.661230	22.211200	47.722400	-1	###FLOW###
4	1	229	0	0	0	441.650000	527.661230	22.211200	5.372400	-1	###LINE###
5	1	229	0	0	0	441.65	527.66	8.91	5.37	100	Bệnh
5	1	229	0	0	1	451.55	527.66	3.09	5.37	100	lỵ
5	1	229	0	0	2	455.95	527.66	7.91	5.37	100	trực
4	1	229	0	1	0	441.650000	533.711230	11.110000	5.372400	-1	###LINE###
5	1	229	0	1	0	441.65	533.71	11.11	5.37	100	khuẩn
4	1	229	0	2	0	441.650000	539.761230	22.211200	5.372400	-1	###LINE###
5	1	229	0	2	0	441.65	539.76	8.91	5.37	100	Bệnh
5	1	229	0	2	1	451.55	539.76	3.09	5.37	100	lỵ
5	1	229	0	2	2	455.95	539.76	7.91	5.37	100	trực
4	1	229	0	3	0	441.650000	545.811230	11.110000	5.372400	-1	###LINE###
5	1	229	0	3	0	441.65	545.81	11.11	5.37	100	khuẩn
4	1	229	0	4	0	441.650000	551.861230	22.211200	5.372400	-1	###LINE###
5	1	229	0	4	0	441.65	551.86	8.91	5.37	100	Bệnh
5	1	229	0	4	1	451.55	551.86	3.09	5.37	100	lỵ
5	1	229	0	4	2	455.95	551.86	7.91	5.37	100	trực
4	1	229	0	5	0	441.650000	557.911230	11.110000	5.372400	-1	###LINE###
5	1	229	0	5	0	441.65	557.91	11.11	5.37	100	khuẩn
4	1	229	0	6	0	441.650000	563.961230	22.211200	5.372400	-1	###LINE###
5	1	229	0	6	0	441.65	563.96	8.91	5.37	100	Bệnh
5	1	229	0	6	1	451.55	563.96	3.09	5.37	100	lỵ
5	1	229	0	6	2	455.95	563.96	7.91	5.37	100	trực
4	1	229	0	7	0	441.650000	570.011230	11.110000	5.372400	-1	###LINE###
5	1	229	0	7	0	441.65	570.01	11.11	5.37	100	khuẩn
3	1	230	0	0	0	473.000000	527.661230	10.480800	5.372400	-1	###FLOW###
4	1	230	0	0	0	473.000000	527.661230	10.480800	5.372400	-1	###LINE###
5	1	230	0	0	0	473.00	527.66	10.48	5.37	100	A03.1
3	1	231	0	0	0	32.450000	551.861230	1.108800	5.372400	-1	###FLOW###
4	1	231	0	0	0	32.450000	551.861230	1.108800	5.372400	-1	###LINE###
5	1	231	0	0	0	32.45	551.86	1.11	5.37	100	I
3	1	232	0	0	0	217.250000	527.661230	34.315600	47.722400	-1	###FLOW###
4	1	232	0	0	0	217.250000	527.661230	34.315600	5.372400	-1	###LINE###
5	1	232	0	0	0	217.25	527.66	8.91	5.37	100	Bệnh
5	1	232	0	0	1	227.15	527.66	12.21	5.37	100	truyền
5	1	232	0	0	2	240.35	527.66	11.22	5.37	100	nhiễm
4	1	232	0	1	0	217.250000	533.711230	20.724000	5.372400	-1	###LINE###
5	1	232	0	1	0	217.25	533.71	11.97	5.37	100	đường
5	1	232	0	1	1	230.45	533.71	7.52	5.37	100	ruột
4	1	232	0	2	0	217.250000	539.761230	34.315600	5.372400	-1	###LINE###
5	1	232	0	2	0	217.25	539.76	8.91	5.37	100	Bệnh
5	1	232	0	2	1	227.15	539.76	12.21	5.37	100	truyền
5	1	232	0	2	2	240.35	539.76	11.22	5.37	100	nhiễm
4	1	232	0	3	0	217.250000	545.811230	20.724000	5.372400	-1	###LINE###
5	1	232	0	3	0	217.25	545.81	11.97	5.37	100	đường
5	1	232	0	3	1	230.45	545.81	7.52	5.37	100	ruột
4	1	232	0	4	0	217.250000	551.861230	34.315600	5.372400	-1	###LINE###
5	1	232	0	4	0	217.25	551.86	8.91	5.37	100	Bệnh
5	1	232	0	4	1	227.15	551.86	12.21	5.37	100	truyền
5	1	232	0	4	2	240.35	551.86	11.22	5.37	100	nhiễm
4	1	232	0	5	0	217.250000	557.911230	20.724000	5.372400	-1	###LINE###
5	1	232	0	5	0	217.25	557.91	11.97	5.37	100	đường
5	1	232	0	5	1	230.45	557.91	7.52	5.37	100	ruột
4	1	232	0	6	0	217.250000	563.961230	34.315600	5.372400	-1	###LINE###
5	1	232	0	6	0	217.25	563.96	8.91	5.37	100	Bệnh
5	1	232	0	6	1	227.15	563.96	12.21	5.37	100	truyền
5	1	232	0	6	2	240.35	563.96	11.22	5.37	100	nhiễm
4	1	232	0	7	0	217.250000	570.011230	20.724000	5.372400	-1	###LINE###
5	1	232	0	7	0	217.25	570.01	11.97	5.37	100	đường
5	1	232	0	7	1	230.45	570.01	7.52	5.37	100	ruột
3	1	233	0	0	0	405.350000	539.761230	18.770400	5.372400	-1	###FLOW###
4	1	233	0	0	0	405.350000	539.761230	18.770400	5.372400	-1	###LINE###
5	1	233	0	0	0	405.35	539.76	18.77	5.37	100	Shigellosis
3	1	234	0	0	0	19.250000	563.961230	4.430800	5.372400	-1	###FLOW###
4	1	234	0	0	0	19.250000	563.961230	4.430800	5.372400	-1	###LINE###
5	1	234	0	0	0	19.25	563.96	4.43	5.37	100	22
3	1	235	0	0	0	176.550000	527.661230	35.270400	47.722400	-1	###FLOW###
4	1	235	0	0	0	176.550000	527.661230	35.270400	5.372400	-1	###LINE###
5	1	235	0	0	0	176.55	527.66	16.96	5.37	100	Intestinal
5	1	235	0	0	1	194.70	527.66	17.12	5.37	100	infectious
4	1	235	0	1	0	176.550000	533.711230	14.920400	5.372400	-1	###LINE###
5	1	235	0	1	0	176.55	533.71	14.92	5.37	100	diseases
4	1	235	0	2	0	176.550000	539.761230	35.270400	5.372400	-1	###LINE###
5	1	235	0	2	0	176.55	539.76	16.96	5.37	100	Intestinal
5	1	235	0	2	1	194.70	539.76	17.12	5.37	100	infectious
4	1	235	0	3	0	176.550000	545.811230	14.920400	5.372400	-1	###LINE###
5	1	235	0	3	0	176.55	545.81	14.92	5.37	100	diseases
4	1	235	0	4	0	176.550000	551.861230	35.270400	5.372400	-1	###LINE###
5	1	235	0	4	0	176.55	551.86	16.96	5.37	100	Intestinal
5	1	235	0	4	1	194.70	551.86	17.12	5.37	100	infectious
4	1	235	0	5	0	176.550000	557.911230	14.920400	5.372400	-1	###LINE###
5	1	235	0	5	0	176.55	557.91	14.92	5.37	100	diseases
4	1	235	0	6	0	176.550000	563.961230	35.270400	5.372400	-1	###LINE###
5	1	235	0	6	0	176.55	563.96	16.96	5.37	100	Intestinal
5	1	235	0	6	1	194.70	563.96	17.12	5.37	100	infectious
4	1	235	0	7	0	176.550000	570.011230	14.920400	5.372400	-1	###LINE###
5	1	235	0	7	0	176.55	570.01	14.92	5.37	100	diseases
3	1	236	0	0	0	388.850000	539.761230	7.180800	5.372400	-1	###FLOW###
4	1	236	0	0	0	388.850000	539.761230	7.180800	5.372400	-1	###LINE###
5	1	236	0	0	0	388.85	539.76	7.18	5.37	100	A03
3	1	237	0	0	0	19.250000	551.861230	4.430800	5.372400	-1	###FLOW###
4	1	237	0	0	0	19.250000	551.861230	4.430800	5.372400	-1	###LINE###
5	1	237	0	0	0	19.25	551.86	4.43	5.37	100	21
3	1	238	0	0	0	115.500000	527.661230	57.780800	47.722400	-1	###FLOW###
4	1	238	0	0	0	115.500000	527.661230	57.780800	5.372400	-1	###LINE###
5	1	238	0	0	0	115.50	527.66	8.91	5.37	100	Bệnh
5	1	238	0	0	1	125.40	527.66	12.21	5.37	100	truyền
5	1	238	0	0	2	138.60	527.66	11.22	5.37	100	nhiễm
5	1	238	0	0	3	150.70	527.66	4.31	5.37	100	và
5	1	238	0	0	4	157.85	527.66	15.43	5.37	100	A00-A09
4	1	238	0	1	0	115.500000	533.711230	23.522400	5.372400	-1	###LINE###
5	1	238	0	1	0	115.50	533.71	4.19	5.37	100	ký
5	1	238	0	1	1	121.00	533.71	7.26	5.37	100	sinh
5	1	238	0	1	2	129.25	533.71	9.77	5.37	100	trùng
4	1	238	0	2	0	115.500000	539.761230	57.780800	5.372400	-1	###LINE###
5	1	238	0	2	0	115.50	539.76	8.91	5.37	100	Bệnh
5	1	238	0	2	1	125.40	539.76	12.21	5.37	100	truyền
5	1	238	0	2	2	138.60	539.76	11.22	5.37	100	nhiễm
5	1	238	0	2	3	150.70	539.76	4.31	5.37	100	và
5	1	238	0	2	4	157.85	539.76	15.43	5.37	100	A00-A09
4	1	238	0	3	0	115.500000	545.811230	23.522400	5.372400	-1	###LINE###
5	1	238	0	3	0	115.50	545.81	4.19	5.37	100	ký
5	1	238	0	3	1	121.00	545.81	7.26	5.37	100	sinh
5	1	238	0	3	2	129.25	545.81	9.77	5.37	100	trùng
4	1	238	0	4	0	115.500000	551.861230	57.780800	5.372400	-1	###LINE###
5	1	238	0	4	0	115.50	551.86	8.91	5.37	100	Bệnh
5	1	238	0	4	1	125.40	551.86	12.21	5.37	100	truyền
5	1	238	0	4	2	138.60	551.86	11.22	5.37	100	nhiễm
5	1	238	0	4	3	150.70	551.86	4.31	5.37	100	và
5	1	238	0	4	4	157.85	551.86	15.43	5.37	100	A00-A09
4	1	238	0	5	0	115.500000	557.911230	23.522400	5.372400	-1	###LINE###
5	1	238	0	5	0	115.50	557.91	4.19	5.37	100	ký
5	1	238	0	5	1	121.00	557.91	7.26	5.37	100	sinh
5	1	238	0	5	2	129.25	557.91	9.77	5.37	100	trùng
4	1	238	0	6	0	115.500000	563.961230	57.780800	5.372400	-1	###LINE###
5	1	238	0	6	0	115.50	563.96	8.91	5.37	100	Bệnh
5	1	238	0	6	1	125.40	563.96	12.21	5.37	100	truyền
5	1	238	0	6	2	138.60	563.96	11.22	5.37	100	nhiễm
5	1	238	0	6	3	150.70	563.96	4.31	5.37	100	và
5	1	238	0	6	4	157.85	563.96	15.43	5.37	100	A00-A09
4	1	238	0	7	0	115.500000	570.011230	23.522400	5.372400	-1	###LINE###
5	1	238	0	7	0	115.50	570.01	4.19	5.37	100	ký
5	1	238	0	7	1	121.00	570.01	7.26	5.37	100	sinh
5	1	238	0	7	2	129.25	570.01	9.77	5.37	100	trùng
3	1	239	0	0	0	405.350000	527.661230	18.770400	5.372400	-1	###FLOW###
4	1	239	0	0	0	405.350000	527.661230	18.770400	5.372400	-1	###LINE###
5	1	239	0	0	0	405.35	527.66	18.77	5.37	100	Shigellosis
3	1	240	0	0	0	32.450000	539.761230	1.108800	5.372400	-1	###FLOW###
4	1	240	0	0	0	32.450000	539.761230	1.108800	5.372400	-1	###LINE###
5	1	240	0	0	0	32.45	539.76	1.11	5.37	100	I
3	1	241	0	0	0	51.700000	527.661230	57.860000	47.722400	-1	###FLOW###
4	1	241	0	0	0	51.700000	527.661230	57.860000	5.372400	-1	###LINE###
5	1	241	0	0	0	51.70	527.66	14.88	5.37	100	A00-B99
5	1	241	0	0	1	70.40	527.66	13.31	5.37	100	Certain
5	1	241	0	0	2	84.70	527.66	17.12	5.37	100	infectious
5	1	241	0	0	3	102.85	527.66	6.71	5.37	100	and
4	1	241	0	1	0	70.400000	533.711230	31.420400	5.372400	-1	###LINE###
5	1	241	0	1	0	70.40	533.71	15.61	5.37	100	parasitic
5	1	241	0	1	1	86.90	533.71	14.92	5.37	100	diseases
4	1	241	0	2	0	51.700000	539.761230	57.860000	5.372400	-1	###LINE###
5	1	241	0	2	0	51.70	539.76	14.88	5.37	100	A00-B99
5	1	241	0	2	1	70.40	539.76	13.31	5.37	100	Certain
5	1	241	0	2	2	84.70	539.76	17.12	5.37	100	infectious
5	1	241	0	2	3	102.85	539.76	6.71	5.37	100	and
4	1	241	0	3	0	70.400000	545.811230	31.420400	5.372400	-1	###LINE###
5	1	241	0	3	0	70.40	545.81	15.61	5.37	100	parasitic
5	1	241	0	3	1	86.90	545.81	14.92	5.37	100	diseases
4	1	241	0	4	0	51.700000	551.861230	57.860000	5.372400	-1	###LINE###
5	1	241	0	4	0	51.70	551.86	14.88	5.37	100	A00-B99
5	1	241	0	4	1	70.40	551.86	13.31	5.37	100	Certain
5	1	241	0	4	2	84.70	551.86	17.12	5.37	100	infectious
5	1	241	0	4	3	102.85	551.86	6.71	5.37	100	and
4	1	241	0	5	0	70.400000	557.911230	31.420400	5.372400	-1	###LINE###
5	1	241	0	5	0	70.40	557.91	15.61	5.37	100	parasitic
5	1	241	0	5	1	86.90	557.91	14.92	5.37	100	diseases
4	1	241	0	6	0	51.700000	563.961230	57.860000	5.372400	-1	###LINE###
5	1	241	0	6	0	51.70	563.96	14.88	5.37	100	A00-B99
5	1	241	0	6	1	70.40	563.96	13.31	5.37	100	Certain
5	1	241	0	6	2	84.70	563.96	17.12	5.37	100	infectious
5	1	241	0	6	3	102.85	563.96	6.71	5.37	100	and
4	1	241	0	7	0	70.400000	570.011230	31.420400	5.372400	-1	###LINE###
5	1	241	0	7	0	70.40	570.01	15.61	5.37	100	parasitic
5	1	241	0	7	1	86.90	570.01	14.92	5.37	100	diseases
3	1	242	0	0	0	388.850000	527.661230	7.180800	5.372400	-1	###FLOW###
4	1	242	0	0	0	388.850000	527.661230	7.180800	5.372400	-1	###LINE###
5	1	242	0	0	0	388.85	527.66	7.18	5.37	100	A03
3	1	243	0	0	0	19.250000	539.761230	4.430800	5.372400	-1	###FLOW###
4	1	243	0	0	0	19.250000	539.761230	4.430800	5.372400	-1	###LINE###
5	1	243	0	0	0	19.25	539.76	4.43	5.37	100	20
3	1	244	0	0	0	473.000000	563.961230	10.480800	5.372400	-1	###FLOW###
4	1	244	0	0	0	473.000000	563.961230	10.480800	5.372400	-1	###LINE###
5	1	244	0	0	0	473.00	563.96	10.48	5.37	100	A03.8
3	1	245	0	0	0	490.050000	563.961230	9.380800	5.372400	-1	###FLOW###
4	1	245	0	0	0	490.050000	563.961230	9.380800	5.372400	-1	###LINE###
5	1	245	0	0	0	490.05	563.96	9.38	5.37	100	A038
3	1	246	0	0	0	509.850000	509.511230	31.468800	59.822400	-1	###FLOW###
4	1	246	0	0	0	509.850000	509.511230	31.468800	5.372400	-1	###LINE###
5	1	246	0	0	0	509.85	509.51	18.77	5.37	100	Shigellosis
5	1	246	0	0	1	529.65	509.51	6.59	5.37	100	due
5	1	246	0	0	2	537.35	509.51	3.97	5.37	100	to
4	1	246	0	1	0	509.850000	515.561230	14.207600	5.372400	-1	###LINE###
5	1	246	0	1	0	509.85	515.56	14.21	5.37	100	Shigella
4	1	246	0	2	0	509.850000	521.611230	21.441200	5.372400	-1	###LINE###
5	1	246	0	2	0	509.85	521.61	21.44	5.37	100	dysenteriae
4	1	246	0	3	0	509.850000	527.661230	31.468800	5.372400	-1	###LINE###
5	1	246	0	3	0	509.85	527.66	18.77	5.37	100	Shigellosis
5	1	246	0	3	1	529.65	527.66	6.59	5.37	100	due
5	1	246	0	3	2	537.35	527.66	3.97	5.37	100	to
4	1	246	0	4	0	509.850000	533.711230	28.507600	5.372400	-1	###LINE###
5	1	246	0	4	0	509.85	533.71	14.21	5.37	100	Shigella
5	1	246	0	4	1	525.25	533.71	13.11	5.37	100	flexneri
4	1	246	0	5	0	509.850000	539.761230	31.468800	5.372400	-1	###LINE###
5	1	246	0	5	0	509.85	539.76	18.77	5.37	100	Shigellosis
5	1	246	0	5	1	529.65	539.76	6.59	5.37	100	due
5	1	246	0	5	2	537.35	539.76	3.97	5.37	100	to
4	1	246	0	6	0	509.850000	545.811230	26.307600	5.372400	-1	###LINE###
5	1	246	0	6	0	509.85	545.81	14.21	5.37	100	Shigella
5	1	246	0	6	1	525.25	545.81	10.91	5.37	100	boydii
4	1	246	0	7	0	509.850000	551.861230	31.468800	5.372400	-1	###LINE###
5	1	246	0	7	0	509.85	551.86	18.77	5.37	100	Shigellosis
5	1	246	0	7	1	529.65	551.86	6.59	5.37	100	due
5	1	246	0	7	2	537.35	551.86	3.97	5.37	100	to
4	1	246	0	8	0	509.850000	557.911230	26.857600	5.372400	-1	###LINE###
5	1	246	0	8	0	509.85	557.91	14.21	5.37	100	Shigella
5	1	246	0	8	1	525.25	557.91	11.46	5.37	100	sonnei
4	1	246	0	9	0	509.850000	563.961230	29.770400	5.372400	-1	###LINE###
5	1	246	0	9	0	509.85	563.96	10.34	5.37	100	Other
5	1	246	0	9	1	521.40	563.96	18.22	5.37	100	shigellosis
3	1	247	0	0	0	547.250000	199.311230	30.157600	11.422400	-1	###FLOW###
4	1	247	0	0	0	547.250000	199.311230	28.168800	5.372400	-1	###LINE###
5	1	247	0	0	0	547.25	199.31	15.51	5.37	100	Infection
5	1	247	0	0	1	563.75	199.31	6.59	5.37	100	due
5	1	247	0	0	2	571.45	199.31	3.97	5.37	100	to
4	1	247	0	1	0	547.250000	205.361230	30.157600	5.372400	-1	###LINE###
5	1	247	0	1	0	547.25	205.36	19.71	5.37	100	Salmonella
5	1	247	0	1	1	568.15	205.36	9.26	5.37	100	typhi
3	1	248	0	0	0	678.150000	70.061230	72.274400	35.622400	-1	###FLOW###
4	1	248	0	0	0	678.700000	70.061230	71.002800	5.372400	-1	###LINE###
5	1	248	0	0	0	678.70	70.06	6.52	5.37	100	MÃ
5	1	248	0	0	1	686.40	70.06	13.25	5.37	100	KHÔNG
5	1	248	0	0	2	703.45	70.06	6.52	5.37	100	MÃ
5	1	248	0	0	3	711.15	70.06	13.25	5.37	100	KHÔNG
5	1	248	0	0	4	728.75	70.06	6.52	5.37	100	MÃ
5	1	248	0	0	5	736.45	70.06	13.25	5.37	100	KHÔNG
4	1	248	0	1	0	683.100000	76.111230	11.677600	5.372400	-1	###LINE###
5	1	248	0	1	0	683.10	76.11	11.68	5.37	100	ĐƯỢC
4	1	248	0	2	0	706.200000	76.111230	14.999600	5.372400	-1	###LINE###
5	1	248	0	2	0	706.20	76.11	15.00	5.37	100	KHUYẾN
4	1	248	0	3	0	730.400000	76.111230	18.198400	5.372400	-1	###LINE###
5	1	248	0	3	0	730.40	76.11	11.68	5.37	100	ĐƯỢC
5	1	248	0	3	1	743.05	76.11	5.55	5.37	100	SỬ
4	1	248	0	4	0	680.900000	82.161230	16.416400	5.372400	-1	###LINE###
5	1	248	0	4	0	680.90	82.16	11.05	5.37	100	DÙNG
5	1	248	0	4	1	693.00	82.16	4.32	5.37	100	LÀ
4	1	248	0	5	0	708.400000	82.161230	11.026400	5.372400	-1	###LINE###
5	1	248	0	5	0	708.40	82.16	11.03	5.37	100	KHÍCH
4	1	248	0	6	0	728.200000	82.161230	22.224400	5.372400	-1	###LINE###
5	1	248	0	6	0	728.20	82.16	11.05	5.37	100	DỤNG
5	1	248	0	6	1	740.30	82.16	3.92	5.37	100	VÌ
5	1	248	0	6	2	745.25	82.16	5.17	5.37	100	CÓ
4	1	248	0	7	0	678.150000	88.211230	43.916400	5.372400	-1	###LINE###
5	1	248	0	7	0	678.15	88.21	9.93	5.37	100	BỆNH
5	1	248	0	7	1	689.15	88.21	11.58	5.37	100	CHÍNH
5	1	248	0	7	2	705.65	88.21	11.05	5.37	100	DÙNG
5	1	248	0	7	3	717.75	88.21	4.32	5.37	100	LÀ
4	1	248	0	8	0	728.750000	88.211230	21.577600	5.372400	-1	###LINE###
5	1	248	0	8	0	728.75	88.21	6.52	5.37	100	MÃ
5	1	248	0	8	1	736.45	88.21	2.23	5.37	100	4
5	1	248	0	8	2	739.75	88.21	10.58	5.37	100	HOẶC
4	1	248	0	9	0	702.900000	94.261230	46.873200	5.372400	-1	###LINE###
5	1	248	0	9	0	702.90	94.26	9.93	5.37	100	BỆNH
5	1	248	0	9	1	713.90	94.26	11.58	5.37	100	CHÍNH
5	1	248	0	9	2	729.30	94.26	2.23	5.37	100	5
5	1	248	0	9	3	732.60	94.26	4.49	5.37	100	KÝ
5	1	248	0	9	4	738.10	94.26	5.55	5.37	100	TỰ
5	1	248	0	9	5	744.70	94.26	5.07	5.37	100	CỤ
4	1	248	0	10	0	731.500000	100.311230	17.199600	5.372400	-1	###LINE###
5	1	248	0	10	0	731.50	100.31	7.10	5.37	100	THỂ
5	1	248	0	10	1	739.75	100.31	8.95	5.37	100	HƠN
3	1	248	1	0	0	687.500000	106.911230	4.430800	5.372400	-1	###FLOW###
4	1	248	1	0	0	687.500000	106.911230	4.430800	5.372400	-1	###LINE###
5	1	248	1	0	0	687.50	106.91	4.43	5.37	100	24
3	1	249	0	0	0	712.250000	106.911230	4.430800	5.372400	-1	###FLOW###
4	1	249	0	0	0	712.250000	106.911230	4.430800	5.372400	-1	###LINE###
5	1	249	0	0	0	712.25	106.91	4.43	5.37	100	25
3	1	250	0	0	0	737.550000	106.911230	4.430800	5.372400	-1	###FLOW###
4	1	250	0	0	0	737.550000	106.911230	4.430800	5.372400	-1	###LINE###
5	1	250	0	0	0	737.55	106.91	4.43	5.37	100	26
3	1	250	1	0	0	727.650000	114.611230	7.180800	5.372400	-1	###FLOW###
4	1	250	1	0	0	727.650000	114.611230	7.180800	5.372400	-1	###LINE###
5	1	250	1	0	0	727.65	114.61	7.18	5.37	100	A00
3	1	251	0	0	0	591.250000	163.011230	42.460000	5.372400	-1	###FLOW###
4	1	251	0	0	0	591.250000	163.011230	42.460000	5.372400	-1	###LINE###
5	1	251	0	0	0	591.25	163.01	8.91	5.37	100	Bệnh
5	1	251	0	0	1	601.15	163.01	4.95	5.37	100	tả,
5	1	251	0	0	2	607.20	163.01	10.87	5.37	100	không
5	1	251	0	0	3	619.30	163.01	5.71	5.37	100	xác
5	1	251	0	0	4	625.90	163.01	7.81	5.37	100	định
3	1	252	0	0	0	591.250000	199.311230	31.460000	5.372400	-1	###FLOW###
4	1	252	0	0	0	591.250000	199.311230	31.460000	5.372400	-1	###LINE###
5	1	252	0	0	0	591.25	199.31	8.91	5.37	100	Bệnh
5	1	252	0	0	1	601.15	199.31	13.62	5.37	100	thương
5	1	252	0	0	2	616.00	199.31	6.71	5.37	100	hàn
3	1	253	0	0	0	591.250000	363.211230	44.457600	5.372400	-1	###FLOW###
4	1	253	0	0	0	591.250000	363.211230	44.457600	5.372400	-1	###LINE###
5	1	253	0	0	0	591.25	363.21	9.57	5.37	100	Viêm
5	1	253	0	0	1	601.70	363.21	7.52	5.37	100	ruột
5	1	253	0	0	2	610.50	363.21	4.52	5.37	100	do
5	1	253	0	0	3	616.00	363.21	19.71	5.37	100	Salmonella
3	1	254	0	0	0	727.650000	175.111230	7.180800	5.372400	-1	###FLOW###
4	1	254	0	0	0	727.650000	175.111230	7.180800	5.372400	-1	###LINE###
5	1	254	0	0	0	727.65	175.11	7.18	5.37	100	A01
3	1	255	0	0	0	641.850000	199.311230	32.357600	17.472400	-1	###FLOW###
4	1	255	0	0	0	641.850000	199.311230	32.357600	5.372400	-1	###LINE###
5	1	255	0	0	0	641.85	199.31	11.77	5.37	100	Nhiễm
5	1	255	0	0	1	654.50	199.31	9.77	5.37	100	trùng
5	1	255	0	0	2	665.50	199.31	4.52	5.37	100	do
5	1	255	0	0	3	671.00	199.31	3.21	5.37	100	vi
4	1	255	0	1	0	641.850000	205.361230	31.807600	5.372400	-1	###LINE###
5	1	255	0	1	0	641.85	205.36	11.11	5.37	100	khuẩn
5	1	255	0	1	1	653.95	205.36	19.71	5.37	100	Salmonella
4	1	255	0	2	0	641.850000	211.411230	9.257600	5.372400	-1	###LINE###
5	1	255	0	2	0	641.85	211.41	9.26	5.37	100	typhi
3	1	256	0	0	0	641.850000	296.111230	32.357600	72.472400	-1	###FLOW###
4	1	256	0	0	0	641.850000	296.111230	32.357600	5.372400	-1	###LINE###
5	1	256	0	0	0	641.85	296.11	11.77	5.37	100	Nhiễm
5	1	256	0	0	1	654.50	296.11	9.77	5.37	100	trùng
5	1	256	0	0	2	665.50	296.11	4.52	5.37	100	do
5	1	256	0	0	3	671.00	296.11	3.21	5.37	100	vi
4	1	256	0	1	0	641.850000	302.161230	31.807600	5.372400	-1	###LINE###
5	1	256	0	1	0	641.85	302.16	11.11	5.37	100	khuẩn
5	1	256	0	1	1	653.95	302.16	19.71	5.37	100	Salmonella
4	1	256	0	2	0	641.850000	308.211230	29.572400	5.372400	-1	###LINE###
5	1	256	0	2	0	641.85	308.21	17.51	5.37	100	paratyphi
5	1	256	0	2	1	660.55	308.21	10.87	5.37	100	không
4	1	256	0	3	0	641.850000	314.261230	23.861200	5.372400	-1	###LINE###
5	1	256	0	3	0	641.85	314.26	5.71	5.37	100	xác
5	1	256	0	3	1	648.45	314.26	7.81	5.37	100	định
5	1	256	0	3	2	657.25	314.26	8.46	5.37	100	khác
4	1	256	0	4	0	641.850000	320.311230	28.815600	5.372400	-1	###LINE###
5	1	256	0	4	0	641.85	320.31	6.72	5.37	100	Bao
5	1	256	0	4	1	649.55	320.31	8.88	5.37	100	gồm:
5	1	256	0	4	2	659.45	320.31	11.22	5.37	100	nhiễm
4	1	256	0	5	0	641.850000	326.361230	31.565600	5.372400	-1	###LINE###
5	1	256	0	5	0	641.85	326.36	9.77	5.37	100	trùng
5	1	256	0	5	1	652.85	326.36	8.46	5.37	100	hoặc
5	1	256	0	5	2	662.20	326.36	11.22	5.37	100	nhiễm
4	1	256	0	6	0	641.850000	332.411230	32.018800	5.372400	-1	###LINE###
5	1	256	0	6	0	641.85	332.41	6.26	5.37	100	độc
5	1	256	0	6	1	649.00	332.41	8.46	5.37	100	thực
5	1	256	0	6	2	658.35	332.41	10.12	5.37	100	phẩm
5	1	256	0	6	3	669.35	332.41	4.52	5.37	100	do
4	1	256	0	7	0	641.850000	338.461230	19.157600	5.372400	-1	###LINE###
5	1	256	0	7	0	641.85	338.46	5.87	5.37	100	bất
5	1	256	0	7	1	649.00	338.46	4.19	5.37	100	kỳ
5	1	256	0	7	2	654.50	338.46	6.51	5.37	100	loại
4	1	256	0	8	0	641.850000	344.511230	28.050000	5.372400	-1	###LINE###
5	1	256	0	8	0	641.85	344.51	19.16	5.37	100	salmonella
5	1	256	0	8	1	662.20	344.51	7.70	5.37	100	nào,
4	1	256	0	9	0	641.850000	350.561230	30.157600	5.372400	-1	###LINE###
5	1	256	0	9	0	641.85	350.56	8.46	5.37	100	khác
5	1	256	0	9	1	651.20	350.56	5.96	5.37	100	với
5	1	256	0	9	2	658.35	350.56	3.31	5.37	100	S.
5	1	256	0	9	3	662.75	350.56	9.26	5.37	100	typhi
4	1	256	0	10	0	641.850000	356.611230	27.407600	5.372400	-1	###LINE###
5	1	256	0	10	0	641.85	356.61	4.31	5.37	100	và
5	1	256	0	10	1	647.35	356.61	3.31	5.37	100	S.
5	1	256	0	10	2	651.75	356.61	17.51	5.37	100	Paratyphi
4	1	256	0	11	0	641.850000	363.211230	32.357600	5.372400	-1	###LINE###
5	1	256	0	11	0	641.85	363.21	11.77	5.37	100	Nhiễm
5	1	256	0	11	1	654.50	363.21	19.71	5.37	100	Salmonella
3	1	257	0	0	0	727.650000	320.311230	7.180800	5.372400	-1	###FLOW###
4	1	257	0	0	0	727.650000	320.311230	7.180800	5.372400	-1	###LINE###
5	1	257	0	0	0	727.65	320.31	7.18	5.37	100	A02
3	1	258	0	0	0	591.250000	381.361230	45.218800	11.422400	-1	###FLOW###
4	1	258	0	0	0	591.250000	381.361230	45.218800	5.372400	-1	###LINE###
5	1	258	0	0	0	591.25	381.36	11.77	5.37	100	Nhiễm
5	1	258	0	0	1	603.90	381.36	9.77	5.37	100	trùng
5	1	258	0	0	2	614.90	381.36	4.39	5.37	100	hệ
5	1	258	0	0	3	620.40	381.36	10.32	5.37	100	thống
5	1	258	0	0	4	631.95	381.36	4.52	5.37	100	do
4	1	258	0	1	0	591.250000	387.411230	19.707600	5.372400	-1	###LINE###
5	1	258	0	1	0	591.25	387.41	19.71	5.37	100	Salmonella
3	1	258	1	0	0	547.250000	399.511230	37.083200	53.772400	-1	###FLOW###
4	1	258	1	0	0	547.250000	399.511230	20.979200	5.372400	-1	###LINE###
5	1	258	1	0	0	547.25	399.51	20.98	5.37	100	Salmonella:
4	1	258	1	1	0	547.250000	405.561230	34.333200	5.372400	-1	###LINE###
5	1	258	1	1	0	547.25	405.56	17.04	5.37	100	arthritis†
5	1	258	1	1	1	565.40	405.56	16.18	5.37	100	(M01.3*)
4	1	258	1	2	0	547.250000	411.611230	33.783200	5.372400	-1	###LINE###
5	1	258	1	2	0	547.25	411.61	20.89	5.37	100	meningitis†
5	1	258	1	2	1	569.25	411.61	11.78	5.37	100	(G01*)
4	1	258	1	3	0	547.250000	417.661230	26.391200	5.372400	-1	###LINE###
5	1	258	1	3	0	547.25	417.66	26.39	5.37	100	osteomyelitis†
4	1	258	1	4	0	547.250000	423.711230	16.183200	5.372400	-1	###LINE###
5	1	258	1	4	0	547.25	423.71	16.18	5.37	100	(M90.2*)
4	1	258	1	5	0	547.250000	429.761230	37.083200	5.372400	-1	###LINE###
5	1	258	1	5	0	547.25	429.76	21.99	5.37	100	pneumonia†
5	1	258	1	5	1	570.35	429.76	13.98	5.37	100	(J17.0*)
4	1	258	1	6	0	547.250000	435.811230	23.346400	5.372400	-1	###LINE###
5	1	258	1	6	0	547.25	435.81	9.26	5.37	100	renal
5	1	258	1	6	1	557.70	435.81	12.90	5.37	100	tubulo-
4	1	258	1	7	0	547.250000	441.861230	35.741200	5.372400	-1	###LINE###
5	1	258	1	7	0	547.25	441.86	19.16	5.37	100	interstitial
5	1	258	1	7	1	567.60	441.86	15.39	5.37	100	disease†
4	1	258	1	8	0	547.250000	447.911230	15.083200	5.372400	-1	###LINE###
5	1	258	1	8	0	547.25	447.91	15.08	5.37	100	(N16.0*)
3	1	259	0	0	0	591.250000	399.511230	83.591200	66.972400	-1	###FLOW###
4	1	259	0	0	0	591.250000	399.511230	77.629200	5.372400	-1	###LINE###
5	1	259	0	0	0	591.25	399.51	11.77	5.37	100	Nhiễm
5	1	259	0	0	1	603.90	399.51	19.71	5.37	100	Salmonella
5	1	259	0	0	2	624.80	399.51	6.71	5.37	100	khu
5	1	259	0	0	3	632.50	399.51	5.61	5.37	100	trú
5	1	259	0	0	4	641.85	399.51	5.07	5.37	100	Do
5	1	259	0	0	5	647.90	399.51	20.98	5.37	100	Salmonella:
4	1	259	0	1	0	641.850000	405.561230	24.741200	5.372400	-1	###LINE###
5	1	259	0	1	0	641.85	405.56	2.19	5.37	100	+
5	1	259	0	1	1	645.15	405.56	9.02	5.37	100	viêm
5	1	259	0	1	2	655.05	405.56	11.54	5.37	100	khớp†
4	1	259	0	2	0	641.850000	411.611230	17.283200	5.372400	-1	###LINE###
5	1	259	0	2	0	641.85	411.61	17.28	5.37	100	(M01.3-*)
4	1	259	0	3	0	641.850000	417.661230	32.991200	5.372400	-1	###LINE###
5	1	259	0	3	0	641.85	417.66	2.19	5.37	100	+
5	1	259	0	3	1	645.15	417.66	9.02	5.37	100	viêm
5	1	259	0	3	2	655.05	417.66	9.77	5.37	100	màng
5	1	259	0	3	3	666.05	417.66	8.79	5.37	100	não†
4	1	259	0	4	0	641.850000	423.711230	11.783200	5.372400	-1	###LINE###
5	1	259	0	4	0	641.85	423.71	11.78	5.37	100	(G01*)
4	1	259	0	5	0	641.850000	429.761230	27.196400	5.372400	-1	###LINE###
5	1	259	0	5	0	641.85	429.76	2.19	5.37	100	+
5	1	259	0	5	1	645.15	429.76	9.02	5.37	100	viêm
5	1	259	0	5	2	655.05	429.76	11.42	5.37	100	xương
5	1	259	0	5	3	667.70	429.76	1.35	5.37	100	-
4	1	259	0	6	0	641.850000	435.811230	20.891200	5.372400	-1	###LINE###
5	1	259	0	6	0	641.85	435.81	5.84	5.37	100	tủy
5	1	259	0	6	1	649.00	435.81	13.74	5.37	100	xương†
4	1	259	0	7	0	641.850000	441.861230	17.283200	5.372400	-1	###LINE###
5	1	259	0	7	0	641.85	441.86	17.28	5.37	100	(M90.2-*)
4	1	259	0	8	0	641.850000	447.911230	23.091200	5.372400	-1	###LINE###
5	1	259	0	8	0	641.85	447.91	2.19	5.37	100	+
5	1	259	0	8	1	645.15	447.91	9.02	5.37	100	viêm
5	1	259	0	8	2	655.05	447.91	9.89	5.37	100	phổi†
4	1	259	0	9	0	641.850000	453.961230	13.983200	5.372400	-1	###LINE###
5	1	259	0	9	0	641.85	453.96	13.98	5.37	100	(J17.0*)
4	1	259	0	10	0	641.850000	460.011230	25.172400	5.372400	-1	###LINE###
5	1	259	0	10	0	641.85	460.01	2.19	5.37	100	+
5	1	259	0	10	1	645.15	460.01	8.91	5.37	100	bệnh
5	1	259	0	10	2	655.05	460.01	4.39	5.37	100	kẽ
5	1	259	0	10	3	660.55	460.01	6.47	5.37	100	ống
4	1	259	0	11	0	591.250000	461.111230	43.357600	5.372400	-1	###LINE###
5	1	259	0	11	0	591.25	461.11	11.77	5.37	100	Nhiễm
5	1	259	0	11	1	603.90	461.11	9.77	5.37	100	trùng
5	1	259	0	11	2	614.90	461.11	19.71	5.37	100	Salmonella
3	1	259	1	0	0	591.250000	467.161230	23.861200	5.372400	-1	###FLOW###
4	1	259	1	0	0	591.250000	467.161230	23.861200	5.372400	-1	###LINE###
5	1	259	1	0	0	591.25	467.16	5.71	5.37	100	xác
5	1	259	1	0	1	597.85	467.16	7.81	5.37	100	định
5	1	259	1	0	2	606.65	467.16	8.46	5.37	100	khác
3	1	259	2	0	0	591.250000	479.261230	44.550000	11.422400	-1	###FLOW###
4	1	259	2	0	0	591.250000	479.261230	44.550000	5.372400	-1	###LINE###
5	1	259	2	0	0	591.25	479.26	11.77	5.37	100	Nhiễm
5	1	259	2	0	1	603.90	479.26	9.77	5.37	100	trùng
5	1	259	2	0	2	614.90	479.26	20.90	5.37	100	Salmonella,
4	1	259	2	1	0	591.250000	485.311230	26.510000	5.372400	-1	###LINE###
5	1	259	2	1	0	591.25	485.31	10.87	5.37	100	không
5	1	259	2	1	1	603.35	485.31	5.71	5.37	100	xác
5	1	259	2	1	2	609.95	485.31	7.81	5.37	100	định
3	1	259	3	0	0	591.250000	497.411230	34.210000	5.372400	-1	###FLOW###
4	1	259	3	0	0	591.250000	497.411230	34.210000	5.372400	-1	###LINE###
5	1	259	3	0	0	591.25	497.41	8.91	5.37	100	Bệnh
5	1	259	3	0	1	601.15	497.41	3.09	5.37	100	lỵ
5	1	259	3	0	2	605.55	497.41	7.91	5.37	100	trực
5	1	259	3	0	3	614.35	497.41	11.11	5.37	100	khuẩn
3	1	260	0	0	0	547.250000	509.511230	83.718800	11.422400	-1	###FLOW###
4	1	260	0	0	0	547.250000	509.511230	34.170400	5.372400	-1	###LINE###
5	1	260	0	0	0	547.25	509.51	11.11	5.37	100	Group
5	1	260	0	0	1	559.35	509.51	2.55	5.37	100	A
5	1	260	0	0	2	563.20	509.51	18.22	5.37	100	shigellosis
4	1	260	0	1	0	591.250000	509.511230	39.718800	5.372400	-1	###LINE###
5	1	260	0	1	0	591.25	509.51	8.91	5.37	100	Bệnh
5	1	260	0	1	1	601.15	509.51	3.09	5.37	100	lỵ
5	1	260	0	1	2	605.55	509.51	7.91	5.37	100	trực
5	1	260	0	1	3	614.35	509.51	11.11	5.37	100	khuẩn
5	1	260	0	1	4	626.45	509.51	4.52	5.37	100	do
4	1	260	0	2	0	547.250000	515.561230	80.841200	5.372400	-1	###LINE###
5	1	260	0	2	0	547.25	515.56	21.99	5.37	100	[Shiga-Kruse
5	1	260	0	2	1	570.35	515.56	19.50	5.37	100	dysentery]
5	1	260	0	2	2	591.25	515.56	14.21	5.37	100	Shigella
5	1	260	0	2	3	606.65	515.56	21.44	5.37	100	dysenteriae
3	1	260	1	0	0	547.250000	527.661230	33.620400	5.372400	-1	###FLOW###
4	1	260	1	0	0	547.250000	527.661230	33.620400	5.372400	-1	###LINE###
5	1	260	1	0	0	547.25	527.66	11.11	5.37	100	Group
5	1	260	1	0	1	559.35	527.66	2.39	5.37	100	B
5	1	260	1	0	2	562.65	527.66	18.22	5.37	100	shigellosis
3	1	260	2	0	0	547.250000	539.761230	33.620400	5.372400	-1	###FLOW###
4	1	260	2	0	0	547.250000	539.761230	33.620400	5.372400	-1	###LINE###
5	1	260	2	0	0	547.25	539.76	11.11	5.37	100	Group
5	1	260	2	0	1	559.35	539.76	2.35	5.37	100	C
5	1	260	2	0	2	562.65	539.76	18.22	5.37	100	shigellosis
3	1	260	3	0	0	547.250000	551.861230	34.170400	5.372400	-1	###FLOW###
4	1	260	3	0	0	547.250000	551.861230	34.170400	5.372400	-1	###LINE###
5	1	260	3	0	0	547.25	551.86	11.11	5.37	100	Group
5	1	260	3	0	1	559.35	551.86	2.71	5.37	100	D
5	1	260	3	0	2	563.20	551.86	18.22	5.37	100	shigellosis
3	1	261	0	0	0	591.250000	527.661230	39.718800	47.722400	-1	###FLOW###
4	1	261	0	0	0	591.250000	527.661230	39.718800	5.372400	-1	###LINE###
5	1	261	0	0	0	591.25	527.66	8.91	5.37	100	Bệnh
5	1	261	0	0	1	601.15	527.66	3.09	5.37	100	lỵ
5	1	261	0	0	2	605.55	527.66	7.91	5.37	100	trực
5	1	261	0	0	3	614.35	527.66	11.11	5.37	100	khuẩn
5	1	261	0	0	4	626.45	527.66	4.52	5.37	100	do
4	1	261	0	1	0	591.250000	533.711230	28.507600	5.372400	-1	###LINE###
5	1	261	0	1	0	591.25	533.71	14.21	5.37	100	Shigella
5	1	261	0	1	1	606.65	533.71	13.11	5.37	100	flexneri
4	1	261	0	2	0	591.250000	539.761230	39.718800	5.372400	-1	###LINE###
5	1	261	0	2	0	591.25	539.76	8.91	5.37	100	Bệnh
5	1	261	0	2	1	601.15	539.76	3.09	5.37	100	lỵ
5	1	261	0	2	2	605.55	539.76	7.91	5.37	100	trực
5	1	261	0	2	3	614.35	539.76	11.11	5.37	100	khuẩn
5	1	261	0	2	4	626.45	539.76	4.52	5.37	100	do
4	1	261	0	3	0	591.250000	545.811230	26.307600	5.372400	-1	###LINE###
5	1	261	0	3	0	591.25	545.81	14.21	5.37	100	Shigella
5	1	261	0	3	1	606.65	545.81	10.91	5.37	100	boydii
4	1	261	0	4	0	591.250000	551.861230	39.718800	5.372400	-1	###LINE###
5	1	261	0	4	0	591.25	551.86	8.91	5.37	100	Bệnh
5	1	261	0	4	1	601.15	551.86	3.09	5.37	100	lỵ
5	1	261	0	4	2	605.55	551.86	7.91	5.37	100	trực
5	1	261	0	4	3	614.35	551.86	11.11	5.37	100	khuẩn
5	1	261	0	4	4	626.45	551.86	4.52	5.37	100	do
4	1	261	0	5	0	591.250000	557.911230	26.857600	5.372400	-1	###LINE###
5	1	261	0	5	0	591.25	557.91	14.21	5.37	100	Shigella
5	1	261	0	5	1	606.65	557.91	11.46	5.37	100	sonnei
4	1	261	0	6	0	591.250000	563.961230	39.718800	5.372400	-1	###LINE###
5	1	261	0	6	0	591.25	563.96	8.91	5.37	100	Bệnh
5	1	261	0	6	1	601.15	563.96	3.09	5.37	100	lỵ
5	1	261	0	6	2	605.55	563.96	7.91	5.37	100	trực
5	1	261	0	6	3	614.35	563.96	11.11	5.37	100	khuẩn
5	1	261	0	6	4	626.45	563.96	4.52	5.37	100	do
4	1	261	0	7	0	591.250000	570.011230	23.861200	5.372400	-1	###LINE###
5	1	261	0	7	0	591.25	570.01	14.21	5.37	100	Shigella
5	1	261	0	7	1	606.65	570.01	8.46	5.37	100	khác
3	1	262	0	0	0	727.650000	497.411230	7.180800	5.372400	-1	###FLOW###
4	1	262	0	0	0	727.650000	497.411230	7.180800	5.372400	-1	###LINE###
5	1	262	0	0	0	727.65	497.41	7.18	5.37	100	A03
3	1	262	1	0	0	641.850000	509.511230	31.143200	53.772400	-1	###FLOW###
4	1	262	1	0	0	641.850000	509.511230	22.211200	5.372400	-1	###LINE###
5	1	262	1	0	0	641.85	509.51	8.91	5.37	100	Bệnh
5	1	262	1	0	1	651.75	509.51	3.09	5.37	100	lỵ
5	1	262	1	0	2	656.15	509.51	7.91	5.37	100	trực
4	1	262	1	1	0	641.850000	515.561230	31.143200	5.372400	-1	###LINE###
5	1	262	1	1	0	641.85	515.56	11.11	5.37	100	khuẩn
5	1	262	1	1	1	653.95	515.56	10.12	5.37	100	nhóm
5	1	262	1	1	2	664.95	515.56	2.55	5.37	100	A
5	1	262	1	1	3	668.80	515.56	4.19	5.37	100	[lỵ
4	1	262	1	2	0	641.850000	521.611230	27.750800	5.372400	-1	###LINE###
5	1	262	1	2	0	641.85	521.61	4.52	5.37	100	do
5	1	262	1	2	1	647.35	521.61	22.25	5.37	100	Shiga-Kruse]
4	1	262	1	3	0	641.850000	527.661230	22.211200	5.372400	-1	###LINE###
5	1	262	1	3	0	641.85	527.66	8.91	5.37	100	Bệnh
5	1	262	1	3	1	651.75	527.66	3.09	5.37	100	lỵ
5	1	262	1	3	2	656.15	527.66	7.91	5.37	100	trực
4	1	262	1	4	0	641.850000	533.711230	25.493600	5.372400	-1	###LINE###
5	1	262	1	4	0	641.85	533.71	11.11	5.37	100	khuẩn
5	1	262	1	4	1	653.95	533.71	10.12	5.37	100	nhóm
5	1	262	1	4	2	664.95	533.71	2.39	5.37	100	B
4	1	262	1	5	0	641.850000	539.761230	22.211200	5.372400	-1	###LINE###
5	1	262	1	5	0	641.85	539.76	8.91	5.37	100	Bệnh
5	1	262	1	5	1	651.75	539.76	3.09	5.37	100	lỵ
5	1	262	1	5	2	656.15	539.76	7.91	5.37	100	trực
4	1	262	1	6	0	641.850000	545.811230	25.445200	5.372400	-1	###LINE###
5	1	262	1	6	0	641.85	545.81	11.11	5.37	100	khuẩn
5	1	262	1	6	1	653.95	545.81	10.12	5.37	100	nhóm
5	1	262	1	6	2	664.95	545.81	2.35	5.37	100	C
4	1	262	1	7	0	641.850000	551.861230	22.211200	5.372400	-1	###LINE###
5	1	262	1	7	0	641.85	551.86	8.91	5.37	100	Bệnh
5	1	262	1	7	1	651.75	551.86	3.09	5.37	100	lỵ
5	1	262	1	7	2	656.15	551.86	7.91	5.37	100	trực
4	1	262	1	8	0	641.850000	557.911230	25.806000	5.372400	-1	###LINE###
5	1	262	1	8	0	641.85	557.91	11.11	5.37	100	khuẩn
5	1	262	1	8	1	653.95	557.91	10.12	5.37	100	nhóm
5	1	262	1	8	2	664.95	557.91	2.71	5.37	100	D
3	1	263	0	0	0	755.150000	70.061230	18.616400	35.622400	-1	###FLOW###
4	1	263	0	0	0	758.450000	70.061230	12.698400	5.372400	-1	###LINE###
5	1	263	0	0	0	758.45	70.06	6.12	5.37	100	CHỈ
5	1	263	0	0	1	765.60	70.06	5.55	5.37	100	SỬ
4	1	263	0	1	0	755.150000	76.111230	18.616400	5.372400	-1	###LINE###
5	1	263	0	1	0	755.15	76.11	11.05	5.37	100	DỤNG
5	1	263	0	1	1	767.25	76.11	6.52	5.37	100	MÃ
4	1	263	0	2	0	760.650000	82.161230	8.166400	5.372400	-1	###LINE###
5	1	263	0	2	0	760.65	82.16	8.17	5.37	100	HÓA
4	1	263	0	3	0	756.800000	88.211230	15.549600	5.372400	-1	###LINE###
5	1	263	0	3	0	756.80	88.21	15.55	5.37	100	NGUYÊN
4	1	263	0	4	0	755.700000	94.261230	17.648400	5.372400	-1	###LINE###
5	1	263	0	4	0	755.70	94.26	11.15	5.37	100	NHÂN
5	1	263	0	4	1	767.80	94.26	5.55	5.37	100	TỬ
4	1	263	0	5	0	759.550000	100.311230	11.052800	5.372400	-1	###LINE###
5	1	263	0	5	0	759.55	100.31	11.05	5.37	100	VONG
3	1	264	0	0	0	779.350000	70.061230	17.177600	35.622400	-1	###FLOW###
4	1	264	0	0	0	780.450000	70.061230	14.766400	5.372400	-1	###LINE###
5	1	264	0	0	0	780.45	70.06	7.28	5.37	100	CÁC
5	1	264	0	0	1	788.70	70.06	6.52	5.37	100	MÃ
4	1	264	0	1	0	779.350000	76.111230	17.124800	5.372400	-1	###LINE###
5	1	264	0	1	0	779.35	76.11	9.93	5.37	100	BỆNH
5	1	264	0	1	1	790.35	76.11	6.12	5.37	100	CHỈ
4	1	264	0	2	0	779.900000	82.161230	16.627600	5.372400	-1	###LINE###
5	1	264	0	2	0	779.90	82.16	5.17	5.37	100	CÓ
5	1	264	0	2	1	785.95	82.16	10.58	5.37	100	HOẶC
4	1	264	0	3	0	779.900000	88.211230	16.073200	5.372400	-1	###LINE###
5	1	264	0	3	0	779.90	88.21	7.82	5.37	100	CHỦ
5	1	264	0	3	1	788.70	88.21	7.27	5.37	100	YẾU
4	1	264	0	4	0	779.900000	94.261230	16.548400	5.372400	-1	###LINE###
5	1	264	0	4	0	779.90	94.26	5.17	5.37	100	CÓ
5	1	264	0	4	1	785.95	94.26	3.07	5.37	100	Ở
5	1	264	0	4	2	790.35	94.26	6.10	5.37	100	NỮ
4	1	264	0	5	0	784.300000	100.311230	8.324800	5.372400	-1	###LINE###
5	1	264	0	5	0	784.30	100.31	8.32	5.37	100	GIỚI
3	1	265	0	0	0	801.900000	70.061230	19.795600	35.622400	-1	###FLOW###
4	1	265	0	0	0	804.650000	70.061230	14.766400	5.372400	-1	###LINE###
5	1	265	0	0	0	804.65	70.06	7.28	5.37	100	CÁC
5	1	265	0	0	1	812.90	70.06	6.52	5.37	100	MÃ
4	1	265	0	1	0	803.550000	76.111230	17.124800	5.372400	-1	###LINE###
5	1	265	0	1	0	803.55	76.11	9.93	5.37	100	BỆNH
5	1	265	0	1	1	814.55	76.11	6.12	5.37	100	CHỈ
4	1	265	0	2	0	803.550000	82.161230	16.627600	5.372400	-1	###LINE###
5	1	265	0	2	0	803.55	82.16	5.17	5.37	100	CÓ
5	1	265	0	2	1	809.60	82.16	10.58	5.37	100	HOẶC
4	1	265	0	3	0	804.100000	88.211230	16.073200	5.372400	-1	###LINE###
5	1	265	0	3	0	804.10	88.21	7.82	5.37	100	CHỦ
5	1	265	0	3	1	812.90	88.21	7.27	5.37	100	YẾU
4	1	265	0	4	0	801.900000	94.261230	19.795600	5.372400	-1	###LINE###
5	1	265	0	4	0	801.90	94.26	5.17	5.37	100	CÓ
5	1	265	0	4	1	807.95	94.26	3.07	5.37	100	Ở
5	1	265	0	4	2	812.35	94.26	9.35	5.37	100	NAM
4	1	265	0	5	0	808.500000	100.311230	8.324800	5.372400	-1	###LINE###
5	1	265	0	5	0	808.50	100.31	8.32	5.37	100	GIỚI
3	1	266	0	0	0	762.850000	106.911230	4.430800	5.372400	-1	###FLOW###
4	1	266	0	0	0	762.850000	106.911230	4.430800	5.372400	-1	###LINE###
5	1	266	0	0	0	762.85	106.91	4.43	5.37	100	27
3	1	267	0	0	0	786.500000	106.911230	4.430800	5.372400	-1	###FLOW###
4	1	267	0	0	0	786.500000	106.911230	4.430800	5.372400	-1	###LINE###
5	1	267	0	0	0	786.50	106.91	4.43	5.37	100	28
3	1	268	0	0	0	810.150000	106.911230	4.430800	5.372400	-1	###FLOW###
4	1	268	0	0	0	810.150000	106.911230	4.430800	5.372400	-1	###LINE###
5	1	268	0	0	0	810.15	106.91	4.43	5.37	100	29
1	2	0	0	0	0	810.150000	106.911230	842.000000	595.000000	-1	###PAGE###
3	2	0	0	0	0	403.150000	17.340430	36.061025	7.387050	-1	###FLOW###
4	2	0	0	0	0	403.150000	17.340430	36.061025	7.387050	-1	###LINE###
5	2	0	0	0	0	403.15	17.34	11.81	7.39	100	Page
5	2	0	0	0	1	415.80	17.34	3.07	7.39	100	2
5	2	0	0	0	2	420.20	17.34	5.15	7.39	100	of
5	2	0	0	0	3	426.24	17.34	12.97	7.39	100	1271
3	2	0	1	0	0	19.250000	35.411230	4.430800	5.372400	-1	###FLOW###
4	2	0	1	0	0	19.250000	35.411230	4.430800	5.372400	-1	###LINE###
5	2	0	1	0	0	19.25	35.41	4.43	5.37	100	23
3	2	1	0	0	0	32.450000	35.411230	1.108800	5.372400	-1	###FLOW###
4	2	1	0	0	0	32.450000	35.411230	1.108800	5.372400	-1	###LINE###
5	2	1	0	0	0	32.45	35.41	1.11	5.37	100	I
3	2	2	0	0	0	51.700000	35.411230	57.860000	11.422400	-1	###FLOW###
4	2	2	0	0	0	51.700000	35.411230	57.860000	5.372400	-1	###LINE###
5	2	2	0	0	0	51.70	35.41	14.88	5.37	100	A00-B99
5	2	2	0	0	1	70.40	35.41	13.31	5.37	100	Certain
5	2	2	0	0	2	84.70	35.41	17.12	5.37	100	infectious
5	2	2	0	0	3	102.85	35.41	6.71	5.37	100	and
4	2	2	0	1	0	70.400000	41.461230	31.420400	5.372400	-1	###LINE###
5	2	2	0	1	0	70.40	41.46	15.61	5.37	100	parasitic
5	2	2	0	1	1	86.90	41.46	14.92	5.37	100	diseases
3	2	3	0	0	0	115.500000	35.411230	96.320400	11.422400	-1	###FLOW###
4	2	3	0	0	0	115.500000	35.411230	96.320400	5.372400	-1	###LINE###
5	2	3	0	0	0	115.50	35.41	8.91	5.37	100	Bệnh
5	2	3	0	0	1	125.40	35.41	12.21	5.37	100	truyền
5	2	3	0	0	2	138.60	35.41	11.22	5.37	100	nhiễm
5	2	3	0	0	3	150.70	35.41	4.31	5.37	100	và
5	2	3	0	0	4	157.85	35.41	15.43	5.37	100	A00-A09
5	2	3	0	0	5	176.55	35.41	16.96	5.37	100	Intestinal
5	2	3	0	0	6	194.70	35.41	17.12	5.37	100	infectious
4	2	3	0	1	0	115.500000	41.461230	23.522400	5.372400	-1	###LINE###
5	2	3	0	1	0	115.50	41.46	4.19	5.37	100	ký
5	2	3	0	1	1	121.00	41.46	7.26	5.37	100	sinh
5	2	3	0	1	2	129.25	41.46	9.77	5.37	100	trùng
4	2	3	0	2	0	176.550000	41.461230	14.920400	5.372400	-1	###LINE###
5	2	3	0	2	0	176.55	41.46	14.92	5.37	100	diseases
3	2	4	0	0	0	217.250000	35.411230	34.315600	11.422400	-1	###FLOW###
4	2	4	0	0	0	217.250000	35.411230	34.315600	5.372400	-1	###LINE###
5	2	4	0	0	0	217.25	35.41	8.91	5.37	100	Bệnh
5	2	4	0	0	1	227.15	35.41	12.21	5.37	100	truyền
5	2	4	0	0	2	240.35	35.41	11.22	5.37	100	nhiễm
4	2	4	0	1	0	217.250000	41.461230	20.724000	5.372400	-1	###LINE###
5	2	4	0	1	0	217.25	41.46	11.97	5.37	100	đường
5	2	4	0	1	1	230.45	41.46	7.52	5.37	100	ruột
3	2	5	0	0	0	388.850000	35.411230	7.180800	5.372400	-1	###FLOW###
4	2	5	0	0	0	388.850000	35.411230	7.180800	5.372400	-1	###LINE###
5	2	5	0	0	0	388.85	35.41	7.18	5.37	100	A03
3	2	6	0	0	0	405.350000	35.411230	18.770400	5.372400	-1	###FLOW###
4	2	6	0	0	0	405.350000	35.411230	18.770400	5.372400	-1	###LINE###
5	2	6	0	0	0	405.35	35.41	18.77	5.37	100	Shigellosis
3	2	7	0	0	0	441.650000	35.411230	22.211200	11.422400	-1	###FLOW###
4	2	7	0	0	0	441.650000	35.411230	22.211200	5.372400	-1	###LINE###
5	2	7	0	0	0	441.65	35.41	8.91	5.37	100	Bệnh
5	2	7	0	0	1	451.55	35.41	3.09	5.37	100	lỵ
5	2	7	0	0	2	455.95	35.41	7.91	5.37	100	trực
4	2	7	0	1	0	441.650000	41.461230	11.110000	5.372400	-1	###LINE###
5	2	7	0	1	0	441.65	41.46	11.11	5.37	100	khuẩn
3	2	8	0	0	0	473.000000	35.411230	10.480800	5.372400	-1	###FLOW###
4	2	8	0	0	0	473.000000	35.411230	10.480800	5.372400	-1	###LINE###
5	2	8	0	0	0	473.00	35.41	10.48	5.37	100	A03.9
3	2	9	0	0	0	490.050000	35.411230	9.380800	5.372400	-1	###FLOW###
4	2	9	0	0	0	490.050000	35.411230	9.380800	5.372400	-1	###LINE###
5	2	9	0	0	0	490.05	35.41	9.38	5.37	100	A039
3	2	10	0	0	0	509.850000	35.411230	19.910000	11.422400	-1	###FLOW###
4	2	10	0	0	0	509.850000	35.411230	19.800000	5.372400	-1	###LINE###
5	2	10	0	0	0	509.85	35.41	19.80	5.37	100	Shigellosis,
4	2	10	0	1	0	509.850000	41.461230	19.910000	5.372400	-1	###LINE###
5	2	10	0	1	0	509.85	41.46	19.91	5.37	100	unspecified
3	2	11	0	0	0	547.250000	35.411230	34.443200	11.422400	-1	###FLOW###
4	2	11	0	0	0	547.250000	35.411230	34.443200	5.372400	-1	###LINE###
5	2	11	0	0	0	547.25	35.41	15.19	5.37	100	Bacillary
5	2	11	0	0	1	563.75	35.41	17.94	5.37	100	dysentery
4	2	11	0	1	0	547.250000	41.461230	7.519600	5.372400	-1	###LINE###
5	2	11	0	1	0	547.25	41.46	7.52	5.37	100	NOS
3	2	12	0	0	0	19.250000	53.561230	4.430800	5.372400	-1	###FLOW###
4	2	12	0	0	0	19.250000	53.561230	4.430800	5.372400	-1	###LINE###
5	2	12	0	0	0	19.25	53.56	4.43	5.37	100	24
3	2	13	0	0	0	32.450000	53.561230	1.108800	5.372400	-1	###FLOW###
4	2	13	0	0	0	32.450000	53.561230	1.108800	5.372400	-1	###LINE###
5	2	13	0	0	0	32.45	53.56	1.11	5.37	100	I
3	2	14	0	0	0	51.700000	53.561230	57.860000	11.422400	-1	###FLOW###
4	2	14	0	0	0	51.700000	53.561230	57.860000	5.372400	-1	###LINE###
5	2	14	0	0	0	51.70	53.56	14.88	5.37	100	A00-B99
5	2	14	0	0	1	70.40	53.56	13.31	5.37	100	Certain
5	2	14	0	0	2	84.70	53.56	17.12	5.37	100	infectious
5	2	14	0	0	3	102.85	53.56	6.71	5.37	100	and
4	2	14	0	1	0	70.400000	59.611230	31.420400	5.372400	-1	###LINE###
5	2	14	0	1	0	70.40	59.61	15.61	5.37	100	parasitic
5	2	14	0	1	1	86.90	59.61	14.92	5.37	100	diseases
3	2	15	0	0	0	115.500000	53.561230	96.320400	11.422400	-1	###FLOW###
4	2	15	0	0	0	115.500000	53.561230	96.320400	5.372400	-1	###LINE###
5	2	15	0	0	0	115.50	53.56	8.91	5.37	100	Bệnh
5	2	15	0	0	1	125.40	53.56	12.21	5.37	100	truyền
5	2	15	0	0	2	138.60	53.56	11.22	5.37	100	nhiễm
5	2	15	0	0	3	150.70	53.56	4.31	5.37	100	và
5	2	15	0	0	4	157.85	53.56	15.43	5.37	100	A00-A09
5	2	15	0	0	5	176.55	53.56	16.96	5.37	100	Intestinal
5	2	15	0	0	6	194.70	53.56	17.12	5.37	100	infectious
4	2	15	0	1	0	115.500000	59.611230	23.522400	5.372400	-1	###LINE###
5	2	15	0	1	0	115.50	59.61	4.19	5.37	100	ký
5	2	15	0	1	1	121.00	59.61	7.26	5.37	100	sinh
5	2	15	0	1	2	129.25	59.61	9.77	5.37	100	trùng
4	2	15	0	2	0	176.550000	59.611230	14.920400	5.372400	-1	###LINE###
5	2	15	0	2	0	176.55	59.61	14.92	5.37	100	diseases
3	2	16	0	0	0	217.250000	53.561230	34.315600	11.422400	-1	###FLOW###
4	2	16	0	0	0	217.250000	53.561230	34.315600	5.372400	-1	###LINE###
5	2	16	0	0	0	217.25	53.56	8.91	5.37	100	Bệnh
5	2	16	0	0	1	227.15	53.56	12.21	5.37	100	truyền
5	2	16	0	0	2	240.35	53.56	11.22	5.37	100	nhiễm
4	2	16	0	1	0	217.250000	59.611230	20.724000	5.372400	-1	###LINE###
5	2	16	0	1	0	217.25	59.61	11.97	5.37	100	đường
5	2	16	0	1	1	230.45	59.61	7.52	5.37	100	ruột
3	2	17	0	0	0	388.850000	53.561230	7.180800	5.372400	-1	###FLOW###
4	2	17	0	0	0	388.850000	53.561230	7.180800	5.372400	-1	###LINE###
5	2	17	0	0	0	388.85	53.56	7.18	5.37	100	A04
3	2	18	0	0	0	405.350000	53.561230	27.407600	17.472400	-1	###FLOW###
4	2	18	0	0	0	405.350000	53.561230	27.407600	5.372400	-1	###LINE###
5	2	18	0	0	0	405.35	53.56	10.34	5.37	100	Other
5	2	18	0	0	1	416.90	53.56	15.86	5.37	100	bacterial
4	2	18	0	1	0	405.350000	59.611230	16.957600	5.372400	-1	###LINE###
5	2	18	0	1	0	405.35	59.61	16.96	5.37	100	intestinal
4	2	18	0	2	0	405.350000	65.661230	17.120400	5.372400	-1	###LINE###
5	2	18	0	2	0	405.35	65.66	17.12	5.37	100	infections
3	2	19	0	0	0	441.650000	53.561230	26.518800	17.472400	-1	###FLOW###
4	2	19	0	0	0	441.650000	53.561230	22.422400	5.372400	-1	###LINE###
5	2	19	0	0	0	441.65	53.56	11.77	5.37	100	Nhiễm
5	2	19	0	0	1	454.30	53.56	9.77	5.37	100	trùng
4	2	19	0	1	0	441.650000	59.611230	26.518800	5.372400	-1	###LINE###
5	2	19	0	1	0	441.65	59.61	11.97	5.37	100	đường
5	2	19	0	1	1	454.85	59.61	7.52	5.37	100	ruột
5	2	19	0	1	2	463.65	59.61	4.52	5.37	100	do
4	2	19	0	2	0	441.650000	65.661230	24.961200	5.372400	-1	###LINE###
5	2	19	0	2	0	441.65	65.66	3.21	5.37	100	vi
5	2	19	0	2	1	446.05	65.66	11.11	5.37	100	khuẩn
5	2	19	0	2	2	458.15	65.66	8.46	5.37	100	khác
3	2	20	0	0	0	473.000000	53.561230	7.180800	5.372400	-1	###FLOW###
4	2	20	0	0	0	473.000000	53.561230	7.180800	5.372400	-1	###LINE###
5	2	20	0	0	0	473.00	53.56	7.18	5.37	100	A04
3	2	21	0	0	0	490.050000	53.561230	7.180800	5.372400	-1	###FLOW###
4	2	21	0	0	0	490.050000	53.561230	7.180800	5.372400	-1	###LINE###
5	2	21	0	0	0	490.05	53.56	7.18	5.37	100	A04
3	2	22	0	0	0	509.850000	53.561230	74.870400	35.622400	-1	###FLOW###
4	2	22	0	0	0	509.850000	53.561230	27.407600	5.372400	-1	###LINE###
5	2	22	0	0	0	509.85	53.56	10.34	5.37	100	Other
5	2	22	0	0	1	521.40	53.56	15.86	5.37	100	bacterial
4	2	22	0	1	0	547.250000	53.561230	8.879200	5.372400	-1	###LINE###
5	2	22	0	1	0	547.25	53.56	8.88	5.37	100	Excl.:
4	2	22	0	2	0	509.850000	59.611230	55.541200	5.372400	-1	###LINE###
5	2	22	0	2	0	509.85	59.61	16.96	5.37	100	intestinal
5	2	22	0	2	1	528.00	59.61	17.12	5.37	100	infections
5	2	22	0	2	2	547.25	59.61	18.14	5.37	100	foodborne
4	2	22	0	3	0	547.250000	65.661230	22.620400	5.372400	-1	###LINE###
5	2	22	0	3	0	547.25	65.66	22.62	5.37	100	intoxications
4	2	22	0	4	0	547.250000	71.711230	35.860000	5.372400	-1	###LINE###
5	2	22	0	4	0	547.25	71.71	18.69	5.37	100	elsewhere
5	2	22	0	4	1	567.05	71.71	16.06	5.37	100	classified
4	2	22	0	5	0	547.250000	77.761230	37.470400	5.372400	-1	###LINE###
5	2	22	0	5	0	547.25	77.76	20.97	5.37	100	tuberculous
5	2	22	0	5	1	569.25	77.76	15.47	5.37	100	enteritis
4	2	22	0	6	0	547.250000	83.811230	12.883200	5.372400	-1	###LINE###
5	2	22	0	6	0	547.25	83.81	12.88	5.37	100	(A18.3)
3	2	23	0	0	0	19.250000	90.411230	4.430800	5.372400	-1	###FLOW###
4	2	23	0	0	0	19.250000	90.411230	4.430800	5.372400	-1	###LINE###
5	2	23	0	0	0	19.25	90.41	4.43	5.37	100	25
3	2	24	0	0	0	32.450000	90.411230	1.108800	5.372400	-1	###FLOW###
4	2	24	0	0	0	32.450000	90.411230	1.108800	5.372400	-1	###LINE###
5	2	24	0	0	0	32.45	90.41	1.11	5.37	100	I
3	2	25	0	0	0	51.700000	90.411230	57.860000	11.422400	-1	###FLOW###
4	2	25	0	0	0	51.700000	90.411230	57.860000	5.372400	-1	###LINE###
5	2	25	0	0	0	51.70	90.41	14.88	5.37	100	A00-B99
5	2	25	0	0	1	70.40	90.41	13.31	5.37	100	Certain
5	2	25	0	0	2	84.70	90.41	17.12	5.37	100	infectious
5	2	25	0	0	3	102.85	90.41	6.71	5.37	100	and
4	2	25	0	1	0	70.400000	96.461230	31.420400	5.372400	-1	###LINE###
5	2	25	0	1	0	70.40	96.46	15.61	5.37	100	parasitic
5	2	25	0	1	1	86.90	96.46	14.92	5.37	100	diseases
3	2	26	0	0	0	115.500000	90.411230	96.320400	11.422400	-1	###FLOW###
4	2	26	0	0	0	115.500000	90.411230	96.320400	5.372400	-1	###LINE###
5	2	26	0	0	0	115.50	90.41	8.91	5.37	100	Bệnh
5	2	26	0	0	1	125.40	90.41	12.21	5.37	100	truyền
5	2	26	0	0	2	138.60	90.41	11.22	5.37	100	nhiễm
5	2	26	0	0	3	150.70	90.41	4.31	5.37	100	và
5	2	26	0	0	4	157.85	90.41	15.43	5.37	100	A00-A09
5	2	26	0	0	5	176.55	90.41	16.96	5.37	100	Intestinal
5	2	26	0	0	6	194.70	90.41	17.12	5.37	100	infectious
4	2	26	0	1	0	115.500000	96.461230	23.522400	5.372400	-1	###LINE###
5	2	26	0	1	0	115.50	96.46	4.19	5.37	100	ký
5	2	26	0	1	1	121.00	96.46	7.26	5.37	100	sinh
5	2	26	0	1	2	129.25	96.46	9.77	5.37	100	trùng
4	2	26	0	2	0	176.550000	96.461230	14.920400	5.372400	-1	###LINE###
5	2	26	0	2	0	176.55	96.46	14.92	5.37	100	diseases
3	2	27	0	0	0	217.250000	90.411230	34.315600	11.422400	-1	###FLOW###
4	2	27	0	0	0	217.250000	90.411230	34.315600	5.372400	-1	###LINE###
5	2	27	0	0	0	217.25	90.41	8.91	5.37	100	Bệnh
5	2	27	0	0	1	227.15	90.41	12.21	5.37	100	truyền
5	2	27	0	0	2	240.35	90.41	11.22	5.37	100	nhiễm
4	2	27	0	1	0	217.250000	96.461230	20.724000	5.372400	-1	###LINE###
5	2	27	0	1	0	217.25	96.46	11.97	5.37	100	đường
5	2	27	0	1	1	230.45	96.46	7.52	5.37	100	ruột
3	2	28	0	0	0	388.850000	90.411230	7.180800	5.372400	-1	###FLOW###
4	2	28	0	0	0	388.850000	90.411230	7.180800	5.372400	-1	###LINE###
5	2	28	0	0	0	388.85	90.41	7.18	5.37	100	A04
3	2	29	0	0	0	490.050000	90.411230	9.380800	5.372400	-1	###FLOW###
4	2	29	0	0	0	490.050000	90.411230	9.380800	5.372400	-1	###LINE###
5	2	29	0	0	0	490.05	90.41	9.38	5.37	100	A040
3	2	30	0	0	0	51.700000	108.561230	57.860000	11.422400	-1	###FLOW###
4	2	30	0	0	0	51.700000	108.561230	57.860000	5.372400	-1	###LINE###
5	2	30	0	0	0	51.70	108.56	14.88	5.37	100	A00-B99
5	2	30	0	0	1	70.40	108.56	13.31	5.37	100	Certain
5	2	30	0	0	2	84.70	108.56	17.12	5.37	100	infectious
5	2	30	0	0	3	102.85	108.56	6.71	5.37	100	and
4	2	30	0	1	0	70.400000	114.611230	31.420400	5.372400	-1	###LINE###
5	2	30	0	1	0	70.40	114.61	15.61	5.37	100	parasitic
5	2	30	0	1	1	86.90	114.61	14.92	5.37	100	diseases
3	2	31	0	0	0	115.500000	108.561230	96.320400	11.422400	-1	###FLOW###
4	2	31	0	0	0	115.500000	108.561230	96.320400	5.372400	-1	###LINE###
5	2	31	0	0	0	115.50	108.56	8.91	5.37	100	Bệnh
5	2	31	0	0	1	125.40	108.56	12.21	5.37	100	truyền
5	2	31	0	0	2	138.60	108.56	11.22	5.37	100	nhiễm
5	2	31	0	0	3	150.70	108.56	4.31	5.37	100	và
5	2	31	0	0	4	157.85	108.56	15.43	5.37	100	A00-A09
5	2	31	0	0	5	176.55	108.56	16.96	5.37	100	Intestinal
5	2	31	0	0	6	194.70	108.56	17.12	5.37	100	infectious
4	2	31	0	1	0	115.500000	114.611230	23.522400	5.372400	-1	###LINE###
5	2	31	0	1	0	115.50	114.61	4.19	5.37	100	ký
5	2	31	0	1	1	121.00	114.61	7.26	5.37	100	sinh
5	2	31	0	1	2	129.25	114.61	9.77	5.37	100	trùng
4	2	31	0	2	0	176.550000	114.611230	14.920400	5.372400	-1	###LINE###
5	2	31	0	2	0	176.55	114.61	14.92	5.37	100	diseases
3	2	32	0	0	0	217.250000	108.561230	34.315600	11.422400	-1	###FLOW###
4	2	32	0	0	0	217.250000	108.561230	34.315600	5.372400	-1	###LINE###
5	2	32	0	0	0	217.25	108.56	8.91	5.37	100	Bệnh
5	2	32	0	0	1	227.15	108.56	12.21	5.37	100	truyền
5	2	32	0	0	2	240.35	108.56	11.22	5.37	100	nhiễm
4	2	32	0	1	0	217.250000	114.611230	20.724000	5.372400	-1	###LINE###
5	2	32	0	1	0	217.25	114.61	11.97	5.37	100	đường
5	2	32	0	1	1	230.45	114.61	7.52	5.37	100	ruột
3	2	33	0	0	0	388.850000	108.561230	7.180800	5.372400	-1	###FLOW###
4	2	33	0	0	0	388.850000	108.561230	7.180800	5.372400	-1	###LINE###
5	2	33	0	0	0	388.85	108.56	7.18	5.37	100	A04
3	2	34	0	0	0	473.000000	108.561230	10.480800	5.372400	-1	###FLOW###
4	2	34	0	0	0	473.000000	108.561230	10.480800	5.372400	-1	###LINE###
5	2	34	0	0	0	473.00	108.56	10.48	5.37	100	A04.1
3	2	35	0	0	0	490.050000	108.561230	9.380800	5.372400	-1	###FLOW###
4	2	35	0	0	0	490.050000	108.561230	9.380800	5.372400	-1	###LINE###
5	2	35	0	0	0	490.05	108.56	9.38	5.37	100	A041
3	2	36	0	0	0	19.250000	126.711230	4.430800	5.372400	-1	###FLOW###
4	2	36	0	0	0	19.250000	126.711230	4.430800	5.372400	-1	###LINE###
5	2	36	0	0	0	19.25	126.71	4.43	5.37	100	27
3	2	37	0	0	0	32.450000	126.711230	1.108800	5.372400	-1	###FLOW###
4	2	37	0	0	0	32.450000	126.711230	1.108800	5.372400	-1	###LINE###
5	2	37	0	0	0	32.45	126.71	1.11	5.37	100	I
3	2	38	0	0	0	51.700000	126.711230	57.860000	11.422400	-1	###FLOW###
4	2	38	0	0	0	51.700000	126.711230	57.860000	5.372400	-1	###LINE###
5	2	38	0	0	0	51.70	126.71	14.88	5.37	100	A00-B99
5	2	38	0	0	1	70.40	126.71	13.31	5.37	100	Certain
5	2	38	0	0	2	84.70	126.71	17.12	5.37	100	infectious
5	2	38	0	0	3	102.85	126.71	6.71	5.37	100	and
4	2	38	0	1	0	70.400000	132.761230	31.420400	5.372400	-1	###LINE###
5	2	38	0	1	0	70.40	132.76	15.61	5.37	100	parasitic
5	2	38	0	1	1	86.90	132.76	14.92	5.37	100	diseases
3	2	39	0	0	0	115.500000	126.711230	96.320400	11.422400	-1	###FLOW###
4	2	39	0	0	0	115.500000	126.711230	96.320400	5.372400	-1	###LINE###
5	2	39	0	0	0	115.50	126.71	8.91	5.37	100	Bệnh
5	2	39	0	0	1	125.40	126.71	12.21	5.37	100	truyền
5	2	39	0	0	2	138.60	126.71	11.22	5.37	100	nhiễm
5	2	39	0	0	3	150.70	126.71	4.31	5.37	100	và
5	2	39	0	0	4	157.85	126.71	15.43	5.37	100	A00-A09
5	2	39	0	0	5	176.55	126.71	16.96	5.37	100	Intestinal
5	2	39	0	0	6	194.70	126.71	17.12	5.37	100	infectious
4	2	39	0	1	0	115.500000	132.761230	23.522400	5.372400	-1	###LINE###
5	2	39	0	1	0	115.50	132.76	4.19	5.37	100	ký
5	2	39	0	1	1	121.00	132.76	7.26	5.37	100	sinh
5	2	39	0	1	2	129.25	132.76	9.77	5.37	100	trùng
4	2	39	0	2	0	176.550000	132.761230	14.920400	5.372400	-1	###LINE###
5	2	39	0	2	0	176.55	132.76	14.92	5.37	100	diseases
3	2	40	0	0	0	217.250000	126.711230	34.315600	11.422400	-1	###FLOW###
4	2	40	0	0	0	217.250000	126.711230	34.315600	5.372400	-1	###LINE###
5	2	40	0	0	0	217.25	126.71	8.91	5.37	100	Bệnh
5	2	40	0	0	1	227.15	126.71	12.21	5.37	100	truyền
5	2	40	0	0	2	240.35	126.71	11.22	5.37	100	nhiễm
4	2	40	0	1	0	217.250000	132.761230	20.724000	5.372400	-1	###LINE###
5	2	40	0	1	0	217.25	132.76	11.97	5.37	100	đường
5	2	40	0	1	1	230.45	132.76	7.52	5.37	100	ruột
3	2	41	0	0	0	388.850000	126.711230	7.180800	5.372400	-1	###FLOW###
4	2	41	0	0	0	388.850000	126.711230	7.180800	5.372400	-1	###LINE###
5	2	41	0	0	0	388.85	126.71	7.18	5.37	100	A04
3	2	42	0	0	0	473.000000	126.711230	10.480800	5.372400	-1	###FLOW###
4	2	42	0	0	0	473.000000	126.711230	10.480800	5.372400	-1	###LINE###
5	2	42	0	0	0	473.00	126.71	10.48	5.37	100	A04.2
3	2	43	0	0	0	490.050000	126.711230	9.380800	5.372400	-1	###FLOW###
4	2	43	0	0	0	490.050000	126.711230	9.380800	5.372400	-1	###LINE###
5	2	43	0	0	0	490.05	126.71	9.38	5.37	100	A042
3	2	44	0	0	0	19.250000	144.861230	4.430800	5.372400	-1	###FLOW###
4	2	44	0	0	0	19.250000	144.861230	4.430800	5.372400	-1	###LINE###
5	2	44	0	0	0	19.25	144.86	4.43	5.37	100	28
3	2	45	0	0	0	32.450000	144.861230	1.108800	5.372400	-1	###FLOW###
4	2	45	0	0	0	32.450000	144.861230	1.108800	5.372400	-1	###LINE###
5	2	45	0	0	0	32.45	144.86	1.11	5.37	100	I
3	2	46	0	0	0	51.700000	144.861230	57.860000	11.422400	-1	###FLOW###
4	2	46	0	0	0	51.700000	144.861230	57.860000	5.372400	-1	###LINE###
5	2	46	0	0	0	51.70	144.86	14.88	5.37	100	A00-B99
5	2	46	0	0	1	70.40	144.86	13.31	5.37	100	Certain
5	2	46	0	0	2	84.70	144.86	17.12	5.37	100	infectious
5	2	46	0	0	3	102.85	144.86	6.71	5.37	100	and
4	2	46	0	1	0	70.400000	150.911230	31.420400	5.372400	-1	###LINE###
5	2	46	0	1	0	70.40	150.91	15.61	5.37	100	parasitic
5	2	46	0	1	1	86.90	150.91	14.92	5.37	100	diseases
3	2	47	0	0	0	115.500000	144.861230	96.320400	11.422400	-1	###FLOW###
4	2	47	0	0	0	115.500000	144.861230	96.320400	5.372400	-1	###LINE###
5	2	47	0	0	0	115.50	144.86	8.91	5.37	100	Bệnh
5	2	47	0	0	1	125.40	144.86	12.21	5.37	100	truyền
5	2	47	0	0	2	138.60	144.86	11.22	5.37	100	nhiễm
5	2	47	0	0	3	150.70	144.86	4.31	5.37	100	và
5	2	47	0	0	4	157.85	144.86	15.43	5.37	100	A00-A09
5	2	47	0	0	5	176.55	144.86	16.96	5.37	100	Intestinal
5	2	47	0	0	6	194.70	144.86	17.12	5.37	100	infectious
4	2	47	0	1	0	115.500000	150.911230	23.522400	5.372400	-1	###LINE###
5	2	47	0	1	0	115.50	150.91	4.19	5.37	100	ký
5	2	47	0	1	1	121.00	150.91	7.26	5.37	100	sinh
5	2	47	0	1	2	129.25	150.91	9.77	5.37	100	trùng
4	2	47	0	2	0	176.550000	150.911230	14.920400	5.372400	-1	###LINE###
5	2	47	0	2	0	176.55	150.91	14.92	5.37	100	diseases
3	2	48	0	0	0	217.250000	144.861230	34.315600	11.422400	-1	###FLOW###
4	2	48	0	0	0	217.250000	144.861230	34.315600	5.372400	-1	###LINE###
5	2	48	0	0	0	217.25	144.86	8.91	5.37	100	Bệnh
5	2	48	0	0	1	227.15	144.86	12.21	5.37	100	truyền
5	2	48	0	0	2	240.35	144.86	11.22	5.37	100	nhiễm
4	2	48	0	1	0	217.250000	150.911230	20.724000	5.372400	-1	###LINE###
5	2	48	0	1	0	217.25	150.91	11.97	5.37	100	đường
5	2	48	0	1	1	230.45	150.91	7.52	5.37	100	ruột
3	2	49	0	0	0	388.850000	144.861230	7.180800	5.372400	-1	###FLOW###
4	2	49	0	0	0	388.850000	144.861230	7.180800	5.372400	-1	###LINE###
5	2	49	0	0	0	388.85	144.86	7.18	5.37	100	A04
3	2	50	0	0	0	473.000000	144.861230	10.480800	5.372400	-1	###FLOW###
4	2	50	0	0	0	473.000000	144.861230	10.480800	5.372400	-1	###LINE###
5	2	50	0	0	0	473.00	144.86	10.48	5.37	100	A04.3
3	2	51	0	0	0	490.050000	144.861230	9.380800	5.372400	-1	###FLOW###
4	2	51	0	0	0	490.050000	144.861230	9.380800	5.372400	-1	###LINE###
5	2	51	0	0	0	490.05	144.86	9.38	5.37	100	A043
3	2	52	0	0	0	19.250000	163.011230	4.430800	5.372400	-1	###FLOW###
4	2	52	0	0	0	19.250000	163.011230	4.430800	5.372400	-1	###LINE###
5	2	52	0	0	0	19.25	163.01	4.43	5.37	100	29
3	2	53	0	0	0	32.450000	163.011230	1.108800	5.372400	-1	###FLOW###
4	2	53	0	0	0	32.450000	163.011230	1.108800	5.372400	-1	###LINE###
5	2	53	0	0	0	32.45	163.01	1.11	5.37	100	I
3	2	54	0	0	0	51.700000	163.011230	57.860000	11.422400	-1	###FLOW###
4	2	54	0	0	0	51.700000	163.011230	57.860000	5.372400	-1	###LINE###
5	2	54	0	0	0	51.70	163.01	14.88	5.37	100	A00-B99
5	2	54	0	0	1	70.40	163.01	13.31	5.37	100	Certain
5	2	54	0	0	2	84.70	163.01	17.12	5.37	100	infectious
5	2	54	0	0	3	102.85	163.01	6.71	5.37	100	and
4	2	54	0	1	0	70.400000	169.061230	31.420400	5.372400	-1	###LINE###
5	2	54	0	1	0	70.40	169.06	15.61	5.37	100	parasitic
5	2	54	0	1	1	86.90	169.06	14.92	5.37	100	diseases
3	2	55	0	0	0	115.500000	163.011230	96.320400	11.422400	-1	###FLOW###
4	2	55	0	0	0	115.500000	163.011230	96.320400	5.372400	-1	###LINE###
5	2	55	0	0	0	115.50	163.01	8.91	5.37	100	Bệnh
5	2	55	0	0	1	125.40	163.01	12.21	5.37	100	truyền
5	2	55	0	0	2	138.60	163.01	11.22	5.37	100	nhiễm
5	2	55	0	0	3	150.70	163.01	4.31	5.37	100	và
5	2	55	0	0	4	157.85	163.01	15.43	5.37	100	A00-A09
5	2	55	0	0	5	176.55	163.01	16.96	5.37	100	Intestinal
5	2	55	0	0	6	194.70	163.01	17.12	5.37	100	infectious
4	2	55	0	1	0	115.500000	169.061230	23.522400	5.372400	-1	###LINE###
5	2	55	0	1	0	115.50	169.06	4.19	5.37	100	ký
5	2	55	0	1	1	121.00	169.06	7.26	5.37	100	sinh
5	2	55	0	1	2	129.25	169.06	9.77	5.37	100	trùng
4	2	55	0	2	0	176.550000	169.061230	14.920400	5.372400	-1	###LINE###
5	2	55	0	2	0	176.55	169.06	14.92	5.37	100	diseases
3	2	56	0	0	0	217.250000	163.011230	34.315600	11.422400	-1	###FLOW###
4	2	56	0	0	0	217.250000	163.011230	34.315600	5.372400	-1	###LINE###
5	2	56	0	0	0	217.25	163.01	8.91	5.37	100	Bệnh
5	2	56	0	0	1	227.15	163.01	12.21	5.37	100	truyền
5	2	56	0	0	2	240.35	163.01	11.22	5.37	100	nhiễm
4	2	56	0	1	0	217.250000	169.061230	20.724000	5.372400	-1	###LINE###
5	2	56	0	1	0	217.25	169.06	11.97	5.37	100	đường
5	2	56	0	1	1	230.45	169.06	7.52	5.37	100	ruột
3	2	57	0	0	0	388.850000	163.011230	7.180800	5.372400	-1	###FLOW###
4	2	57	0	0	0	388.850000	163.011230	7.180800	5.372400	-1	###LINE###
5	2	57	0	0	0	388.85	163.01	7.18	5.37	100	A04
3	2	58	0	0	0	473.000000	163.011230	10.480800	5.372400	-1	###FLOW###
4	2	58	0	0	0	473.000000	163.011230	10.480800	5.372400	-1	###LINE###
5	2	58	0	0	0	473.00	163.01	10.48	5.37	100	A04.4
3	2	59	0	0	0	490.050000	163.011230	9.380800	5.372400	-1	###FLOW###
4	2	59	0	0	0	490.050000	163.011230	9.380800	5.372400	-1	###LINE###
5	2	59	0	0	0	490.05	163.01	9.38	5.37	100	A044
3	2	60	0	0	0	19.250000	181.161230	4.430800	5.372400	-1	###FLOW###
4	2	60	0	0	0	19.250000	181.161230	4.430800	5.372400	-1	###LINE###
5	2	60	0	0	0	19.25	181.16	4.43	5.37	100	30
3	2	61	0	0	0	32.450000	181.161230	1.108800	5.372400	-1	###FLOW###
4	2	61	0	0	0	32.450000	181.161230	1.108800	5.372400	-1	###LINE###
5	2	61	0	0	0	32.45	181.16	1.11	5.37	100	I
3	2	62	0	0	0	51.700000	181.161230	57.860000	11.422400	-1	###FLOW###
4	2	62	0	0	0	51.700000	181.161230	57.860000	5.372400	-1	###LINE###
5	2	62	0	0	0	51.70	181.16	14.88	5.37	100	A00-B99
5	2	62	0	0	1	70.40	181.16	13.31	5.37	100	Certain
5	2	62	0	0	2	84.70	181.16	17.12	5.37	100	infectious
5	2	62	0	0	3	102.85	181.16	6.71	5.37	100	and
4	2	62	0	1	0	70.400000	187.211230	31.420400	5.372400	-1	###LINE###
5	2	62	0	1	0	70.40	187.21	15.61	5.37	100	parasitic
5	2	62	0	1	1	86.90	187.21	14.92	5.37	100	diseases
3	2	63	0	0	0	115.500000	181.161230	96.320400	11.422400	-1	###FLOW###
4	2	63	0	0	0	115.500000	181.161230	96.320400	5.372400	-1	###LINE###
5	2	63	0	0	0	115.50	181.16	8.91	5.37	100	Bệnh
5	2	63	0	0	1	125.40	181.16	12.21	5.37	100	truyền
5	2	63	0	0	2	138.60	181.16	11.22	5.37	100	nhiễm
5	2	63	0	0	3	150.70	181.16	4.31	5.37	100	và
5	2	63	0	0	4	157.85	181.16	15.43	5.37	100	A00-A09
5	2	63	0	0	5	176.55	181.16	16.96	5.37	100	Intestinal
5	2	63	0	0	6	194.70	181.16	17.12	5.37	100	infectious
4	2	63	0	1	0	115.500000	187.211230	23.522400	5.372400	-1	###LINE###
5	2	63	0	1	0	115.50	187.21	4.19	5.37	100	ký
5	2	63	0	1	1	121.00	187.21	7.26	5.37	100	sinh
5	2	63	0	1	2	129.25	187.21	9.77	5.37	100	trùng
4	2	63	0	2	0	176.550000	187.211230	14.920400	5.372400	-1	###LINE###
5	2	63	0	2	0	176.55	187.21	14.92	5.37	100	diseases
3	2	64	0	0	0	217.250000	181.161230	34.315600	11.422400	-1	###FLOW###
4	2	64	0	0	0	217.250000	181.161230	34.315600	5.372400	-1	###LINE###
5	2	64	0	0	0	217.25	181.16	8.91	5.37	100	Bệnh
5	2	64	0	0	1	227.15	181.16	12.21	5.37	100	truyền
5	2	64	0	0	2	240.35	181.16	11.22	5.37	100	nhiễm
4	2	64	0	1	0	217.250000	187.211230	20.724000	5.372400	-1	###LINE###
5	2	64	0	1	0	217.25	187.21	11.97	5.37	100	đường
5	2	64	0	1	1	230.45	187.21	7.52	5.37	100	ruột
3	2	65	0	0	0	388.850000	181.161230	7.180800	5.372400	-1	###FLOW###
4	2	65	0	0	0	388.850000	181.161230	7.180800	5.372400	-1	###LINE###
5	2	65	0	0	0	388.85	181.16	7.18	5.37	100	A04
3	2	66	0	0	0	473.000000	181.161230	10.480800	5.372400	-1	###FLOW###
4	2	66	0	0	0	473.000000	181.161230	10.480800	5.372400	-1	###LINE###
5	2	66	0	0	0	473.00	181.16	10.48	5.37	100	A04.5
3	2	67	0	0	0	490.050000	181.161230	9.380800	5.372400	-1	###FLOW###
4	2	67	0	0	0	490.050000	181.161230	9.380800	5.372400	-1	###LINE###
5	2	67	0	0	0	490.05	181.16	9.38	5.37	100	A045
3	2	68	0	0	0	509.850000	90.411230	64.257600	102.172400	-1	###FLOW###
4	2	68	0	0	0	509.850000	90.411230	32.111200	5.372400	-1	###LINE###
5	2	68	0	0	0	509.85	90.41	32.11	5.37	100	Enteropathogenic
4	2	68	0	1	0	509.850000	96.461230	26.857600	5.372400	-1	###LINE###
5	2	68	0	1	0	509.85	96.46	19.71	5.37	100	Escherichia
5	2	68	0	1	1	530.75	96.46	5.96	5.37	100	coli
4	2	68	0	2	0	509.850000	102.511230	15.510000	5.372400	-1	###LINE###
5	2	68	0	2	0	509.85	102.51	15.51	5.37	100	infection
4	2	68	0	3	0	509.850000	108.561230	28.261200	5.372400	-1	###LINE###
5	2	68	0	3	0	509.85	108.56	28.26	5.37	100	Enterotoxigenic
4	2	68	0	4	0	509.850000	114.611230	26.857600	5.372400	-1	###LINE###
5	2	68	0	4	0	509.85	114.61	19.71	5.37	100	Escherichia
5	2	68	0	4	1	530.75	114.61	5.96	5.37	100	coli
4	2	68	0	5	0	509.850000	120.661230	15.510000	5.372400	-1	###LINE###
5	2	68	0	5	0	509.85	120.66	15.51	5.37	100	infection
4	2	68	0	6	0	509.850000	126.711230	26.941200	5.372400	-1	###LINE###
5	2	68	0	6	0	509.85	126.71	26.94	5.37	100	Enteroinvasive
4	2	68	0	7	0	509.850000	132.761230	26.857600	5.372400	-1	###LINE###
5	2	68	0	7	0	509.85	132.76	19.71	5.37	100	Escherichia
5	2	68	0	7	1	530.75	132.76	5.96	5.37	100	coli
4	2	68	0	8	0	509.850000	138.811230	15.510000	5.372400	-1	###LINE###
5	2	68	0	8	0	509.85	138.81	15.51	5.37	100	infection
4	2	68	0	9	0	509.850000	144.861230	35.107600	5.372400	-1	###LINE###
5	2	68	0	9	0	509.85	144.86	35.11	5.37	100	Enterohaemorrhagi
4	2	68	0	10	0	509.850000	150.911230	29.607600	5.372400	-1	###LINE###
5	2	68	0	10	0	509.85	150.91	1.86	5.37	100	c
5	2	68	0	10	1	512.60	150.91	19.71	5.37	100	Escherichia
5	2	68	0	10	2	533.50	150.91	5.96	5.37	100	coli
4	2	68	0	11	0	509.850000	156.961230	15.510000	5.372400	-1	###LINE###
5	2	68	0	11	0	509.85	156.96	15.51	5.37	100	infection
4	2	68	0	12	0	509.850000	163.011230	28.507600	5.372400	-1	###LINE###
5	2	68	0	12	0	509.85	163.01	10.34	5.37	100	Other
5	2	68	0	12	1	521.40	163.01	16.96	5.37	100	intestinal
4	2	68	0	13	0	547.250000	163.011230	26.857600	5.372400	-1	###LINE###
5	2	68	0	13	0	547.25	163.01	19.71	5.37	100	Escherichia
5	2	68	0	13	1	568.15	163.01	5.96	5.37	100	coli
4	2	68	0	14	0	509.850000	169.061230	26.857600	5.372400	-1	###LINE###
5	2	68	0	14	0	509.85	169.06	19.71	5.37	100	Escherichia
5	2	68	0	14	1	530.75	169.06	5.96	5.37	100	coli
4	2	68	0	15	0	547.250000	169.061230	24.019600	5.372400	-1	###LINE###
5	2	68	0	15	0	547.25	169.06	15.47	5.37	100	enteritis
5	2	68	0	15	1	563.75	169.06	7.52	5.37	100	NOS
4	2	68	0	16	0	509.850000	175.111230	17.120400	5.372400	-1	###LINE###
5	2	68	0	16	0	509.85	175.11	17.12	5.37	100	infections
4	2	68	0	17	0	509.850000	181.161230	26.835600	5.372400	-1	###LINE###
5	2	68	0	17	0	509.85	181.16	26.84	5.37	100	Campylobacter
4	2	68	0	18	0	509.850000	187.211230	15.470400	5.372400	-1	###LINE###
5	2	68	0	18	0	509.85	187.21	15.47	5.37	100	enteritis
3	2	69	0	0	0	591.250000	90.411230	45.474000	11.422400	-1	###FLOW###
4	2	69	0	0	0	591.250000	90.411230	44.457600	5.372400	-1	###LINE###
5	2	69	0	0	0	591.25	90.41	11.77	5.37	100	Nhiễm
5	2	69	0	0	1	603.90	90.41	11.11	5.37	100	khuẩn
5	2	69	0	0	2	616.00	90.41	19.71	5.37	100	Escherichia
4	2	69	0	1	0	591.250000	96.461230	45.474000	5.372400	-1	###LINE###
5	2	69	0	1	0	591.25	96.46	5.96	5.37	100	coli
5	2	69	0	1	1	598.40	96.46	6.39	5.37	100	gây
5	2	69	0	1	2	606.10	96.46	8.91	5.37	100	bệnh
5	2	69	0	1	3	616.00	96.46	11.97	5.37	100	đường
5	2	69	0	1	4	629.20	96.46	7.52	5.37	100	ruột
3	2	70	0	0	0	32.450000	108.561230	1.108800	5.372400	-1	###FLOW###
4	2	70	0	0	0	32.450000	108.561230	1.108800	5.372400	-1	###LINE###
5	2	70	0	0	0	32.45	108.56	1.11	5.37	100	I
3	2	71	0	0	0	19.250000	199.311230	4.430800	5.372400	-1	###FLOW###
4	2	71	0	0	0	19.250000	199.311230	4.430800	5.372400	-1	###LINE###
5	2	71	0	0	0	19.25	199.31	4.43	5.37	100	31
3	2	72	0	0	0	32.450000	199.311230	1.108800	5.372400	-1	###FLOW###
4	2	72	0	0	0	32.450000	199.311230	1.108800	5.372400	-1	###LINE###
5	2	72	0	0	0	32.45	199.31	1.11	5.37	100	I
3	2	73	0	0	0	51.700000	199.311230	57.860000	11.422400	-1	###FLOW###
4	2	73	0	0	0	51.700000	199.311230	57.860000	5.372400	-1	###LINE###
5	2	73	0	0	0	51.70	199.31	14.88	5.37	100	A00-B99
5	2	73	0	0	1	70.40	199.31	13.31	5.37	100	Certain
5	2	73	0	0	2	84.70	199.31	17.12	5.37	100	infectious
5	2	73	0	0	3	102.85	199.31	6.71	5.37	100	and
4	2	73	0	1	0	70.400000	205.361230	31.420400	5.372400	-1	###LINE###
5	2	73	0	1	0	70.40	205.36	15.61	5.37	100	parasitic
5	2	73	0	1	1	86.90	205.36	14.92	5.37	100	diseases
3	2	74	0	0	0	115.500000	199.311230	96.320400	11.422400	-1	###FLOW###
4	2	74	0	0	0	115.500000	199.311230	96.320400	5.372400	-1	###LINE###
5	2	74	0	0	0	115.50	199.31	8.91	5.37	100	Bệnh
5	2	74	0	0	1	125.40	199.31	12.21	5.37	100	truyền
5	2	74	0	0	2	138.60	199.31	11.22	5.37	100	nhiễm
5	2	74	0	0	3	150.70	199.31	4.31	5.37	100	và
5	2	74	0	0	4	157.85	199.31	15.43	5.37	100	A00-A09
5	2	74	0	0	5	176.55	199.31	16.96	5.37	100	Intestinal
5	2	74	0	0	6	194.70	199.31	17.12	5.37	100	infectious
4	2	74	0	1	0	115.500000	205.361230	23.522400	5.372400	-1	###LINE###
5	2	74	0	1	0	115.50	205.36	4.19	5.37	100	ký
5	2	74	0	1	1	121.00	205.36	7.26	5.37	100	sinh
5	2	74	0	1	2	129.25	205.36	9.77	5.37	100	trùng
4	2	74	0	2	0	176.550000	205.361230	14.920400	5.372400	-1	###LINE###
5	2	74	0	2	0	176.55	205.36	14.92	5.37	100	diseases
3	2	75	0	0	0	217.250000	199.311230	34.315600	11.422400	-1	###FLOW###
4	2	75	0	0	0	217.250000	199.311230	34.315600	5.372400	-1	###LINE###
5	2	75	0	0	0	217.25	199.31	8.91	5.37	100	Bệnh
5	2	75	0	0	1	227.15	199.31	12.21	5.37	100	truyền
5	2	75	0	0	2	240.35	199.31	11.22	5.37	100	nhiễm
4	2	75	0	1	0	217.250000	205.361230	20.724000	5.372400	-1	###LINE###
5	2	75	0	1	0	217.25	205.36	11.97	5.37	100	đường
5	2	75	0	1	1	230.45	205.36	7.52	5.37	100	ruột
3	2	76	0	0	0	388.850000	199.311230	7.180800	5.372400	-1	###FLOW###
4	2	76	0	0	0	388.850000	199.311230	7.180800	5.372400	-1	###LINE###
5	2	76	0	0	0	388.85	199.31	7.18	5.37	100	A04
3	2	77	0	0	0	473.000000	199.311230	10.480800	5.372400	-1	###FLOW###
4	2	77	0	0	0	473.000000	199.311230	10.480800	5.372400	-1	###LINE###
5	2	77	0	0	0	473.00	199.31	10.48	5.37	100	A04.6
3	2	78	0	0	0	490.050000	199.311230	9.380800	5.372400	-1	###FLOW###
4	2	78	0	0	0	490.050000	199.311230	9.380800	5.372400	-1	###LINE###
5	2	78	0	0	0	490.05	199.31	9.38	5.37	100	A046
3	2	79	0	0	0	32.450000	217.461230	1.108800	5.372400	-1	###FLOW###
4	2	79	0	0	0	32.450000	217.461230	1.108800	5.372400	-1	###LINE###
5	2	79	0	0	0	32.45	217.46	1.11	5.37	100	I
3	2	80	0	0	0	51.700000	217.461230	57.860000	11.422400	-1	###FLOW###
4	2	80	0	0	0	51.700000	217.461230	57.860000	5.372400	-1	###LINE###
5	2	80	0	0	0	51.70	217.46	14.88	5.37	100	A00-B99
5	2	80	0	0	1	70.40	217.46	13.31	5.37	100	Certain
5	2	80	0	0	2	84.70	217.46	17.12	5.37	100	infectious
5	2	80	0	0	3	102.85	217.46	6.71	5.37	100	and
4	2	80	0	1	0	70.400000	223.511230	31.420400	5.372400	-1	###LINE###
5	2	80	0	1	0	70.40	223.51	15.61	5.37	100	parasitic
5	2	80	0	1	1	86.90	223.51	14.92	5.37	100	diseases
3	2	81	0	0	0	115.500000	217.461230	96.320400	11.422400	-1	###FLOW###
4	2	81	0	0	0	115.500000	217.461230	96.320400	5.372400	-1	###LINE###
5	2	81	0	0	0	115.50	217.46	8.91	5.37	100	Bệnh
5	2	81	0	0	1	125.40	217.46	12.21	5.37	100	truyền
5	2	81	0	0	2	138.60	217.46	11.22	5.37	100	nhiễm
5	2	81	0	0	3	150.70	217.46	4.31	5.37	100	và
5	2	81	0	0	4	157.85	217.46	15.43	5.37	100	A00-A09
5	2	81	0	0	5	176.55	217.46	16.96	5.37	100	Intestinal
5	2	81	0	0	6	194.70	217.46	17.12	5.37	100	infectious
4	2	81	0	1	0	115.500000	223.511230	23.522400	5.372400	-1	###LINE###
5	2	81	0	1	0	115.50	223.51	4.19	5.37	100	ký
5	2	81	0	1	1	121.00	223.51	7.26	5.37	100	sinh
5	2	81	0	1	2	129.25	223.51	9.77	5.37	100	trùng
4	2	81	0	2	0	176.550000	223.511230	14.920400	5.372400	-1	###LINE###
5	2	81	0	2	0	176.55	223.51	14.92	5.37	100	diseases
3	2	82	0	0	0	217.250000	217.461230	34.315600	11.422400	-1	###FLOW###
4	2	82	0	0	0	217.250000	217.461230	34.315600	5.372400	-1	###LINE###
5	2	82	0	0	0	217.25	217.46	8.91	5.37	100	Bệnh
5	2	82	0	0	1	227.15	217.46	12.21	5.37	100	truyền
5	2	82	0	0	2	240.35	217.46	11.22	5.37	100	nhiễm
4	2	82	0	1	0	217.250000	223.511230	20.724000	5.372400	-1	###LINE###
5	2	82	0	1	0	217.25	223.51	11.97	5.37	100	đường
5	2	82	0	1	1	230.45	223.51	7.52	5.37	100	ruột
3	2	83	0	0	0	388.850000	217.461230	7.180800	5.372400	-1	###FLOW###
4	2	83	0	0	0	388.850000	217.461230	7.180800	5.372400	-1	###LINE###
5	2	83	0	0	0	388.85	217.46	7.18	5.37	100	A04
3	2	84	0	0	0	473.000000	217.461230	10.480800	5.372400	-1	###FLOW###
4	2	84	0	0	0	473.000000	217.461230	10.480800	5.372400	-1	###LINE###
5	2	84	0	0	0	473.00	217.46	10.48	5.37	100	A04.7
3	2	85	0	0	0	490.050000	217.461230	9.380800	5.372400	-1	###FLOW###
4	2	85	0	0	0	490.050000	217.461230	9.380800	5.372400	-1	###LINE###
5	2	85	0	0	0	490.05	217.46	9.38	5.37	100	A047
3	2	86	0	0	0	509.850000	199.311230	30.241200	35.622400	-1	###FLOW###
4	2	86	0	0	0	509.850000	199.311230	28.168800	5.372400	-1	###LINE###
5	2	86	0	0	0	509.85	199.31	15.47	5.37	100	Enteritis
5	2	86	0	0	1	526.35	199.31	6.59	5.37	100	due
5	2	86	0	0	2	534.05	199.31	3.97	5.37	100	to
4	2	86	0	1	0	509.850000	205.361230	14.207600	5.372400	-1	###LINE###
5	2	86	0	1	0	509.85	205.36	14.21	5.37	100	Yersinia
4	2	86	0	2	0	509.850000	211.411230	24.657600	5.372400	-1	###LINE###
5	2	86	0	2	0	509.85	211.41	24.66	5.37	100	enterocolitica
4	2	86	0	3	0	509.850000	217.461230	30.241200	5.372400	-1	###LINE###
5	2	86	0	3	0	509.85	217.46	22.62	5.37	100	Enterocolitis
5	2	86	0	3	1	533.50	217.46	6.59	5.37	100	due
4	2	86	0	4	0	509.850000	223.511230	25.515600	5.372400	-1	###LINE###
5	2	86	0	4	0	509.85	223.51	3.97	5.37	100	to
5	2	86	0	4	1	514.80	223.51	20.57	5.37	100	Clostridium
4	2	86	0	5	0	509.850000	229.561230	12.641200	5.372400	-1	###LINE###
5	2	86	0	5	0	509.85	229.56	12.64	5.37	100	difficile
3	2	87	0	0	0	591.250000	199.311230	40.260000	11.422400	-1	###FLOW###
4	2	87	0	0	0	591.250000	199.311230	40.260000	5.372400	-1	###LINE###
5	2	87	0	0	0	591.25	199.31	9.57	5.37	100	Viêm
5	2	87	0	0	1	601.70	199.31	7.52	5.37	100	ruột
5	2	87	0	0	2	610.50	199.31	4.52	5.37	100	do
5	2	87	0	0	3	616.00	199.31	3.21	5.37	100	vi
5	2	87	0	0	4	620.40	199.31	11.11	5.37	100	khuẩn
4	2	87	0	1	0	591.250000	205.361230	40.057600	5.372400	-1	###LINE###
5	2	87	0	1	0	591.25	205.36	14.21	5.37	100	Yersinia
5	2	87	0	1	1	606.65	205.36	24.66	5.37	100	enterocolitica
3	2	88	0	0	0	19.250000	217.461230	4.430800	5.372400	-1	###FLOW###
4	2	88	0	0	0	19.250000	217.461230	4.430800	5.372400	-1	###LINE###
5	2	88	0	0	0	19.25	217.46	4.43	5.37	100	32
3	2	89	0	0	0	441.650000	90.411230	26.518800	144.522400	-1	###FLOW###
4	2	89	0	0	0	441.650000	90.411230	22.422400	5.372400	-1	###LINE###
5	2	89	0	0	0	441.65	90.41	11.77	5.37	100	Nhiễm
5	2	89	0	0	1	454.30	90.41	9.77	5.37	100	trùng
4	2	89	0	1	0	441.650000	96.461230	26.518800	5.372400	-1	###LINE###
5	2	89	0	1	0	441.65	96.46	11.97	5.37	100	đường
5	2	89	0	1	1	454.85	96.46	7.52	5.37	100	ruột
5	2	89	0	1	2	463.65	96.46	4.52	5.37	100	do
4	2	89	0	2	0	441.650000	102.511230	24.961200	5.372400	-1	###LINE###
5	2	89	0	2	0	441.65	102.51	3.21	5.37	100	vi
5	2	89	0	2	1	446.05	102.51	11.11	5.37	100	khuẩn
5	2	89	0	2	2	458.15	102.51	8.46	5.37	100	khác
4	2	89	0	3	0	441.650000	108.561230	22.422400	5.372400	-1	###LINE###
5	2	89	0	3	0	441.65	108.56	11.77	5.37	100	Nhiễm
5	2	89	0	3	1	454.30	108.56	9.77	5.37	100	trùng
4	2	89	0	4	0	441.650000	114.611230	26.518800	5.372400	-1	###LINE###
5	2	89	0	4	0	441.65	114.61	11.97	5.37	100	đường
5	2	89	0	4	1	454.85	114.61	7.52	5.37	100	ruột
5	2	89	0	4	2	463.65	114.61	4.52	5.37	100	do
4	2	89	0	5	0	441.650000	120.661230	24.961200	5.372400	-1	###LINE###
5	2	89	0	5	0	441.65	120.66	3.21	5.37	100	vi
5	2	89	0	5	1	446.05	120.66	11.11	5.37	100	khuẩn
5	2	89	0	5	2	458.15	120.66	8.46	5.37	100	khác
4	2	89	0	6	0	441.650000	126.711230	22.422400	5.372400	-1	###LINE###
5	2	89	0	6	0	441.65	126.71	11.77	5.37	100	Nhiễm
5	2	89	0	6	1	454.30	126.71	9.77	5.37	100	trùng
4	2	89	0	7	0	441.650000	132.761230	26.518800	5.372400	-1	###LINE###
5	2	89	0	7	0	441.65	132.76	11.97	5.37	100	đường
5	2	89	0	7	1	454.85	132.76	7.52	5.37	100	ruột
5	2	89	0	7	2	463.65	132.76	4.52	5.37	100	do
4	2	89	0	8	0	441.650000	138.811230	24.961200	5.372400	-1	###LINE###
5	2	89	0	8	0	441.65	138.81	3.21	5.37	100	vi
5	2	89	0	8	1	446.05	138.81	11.11	5.37	100	khuẩn
5	2	89	0	8	2	458.15	138.81	8.46	5.37	100	khác
4	2	89	0	9	0	441.650000	144.861230	22.422400	5.372400	-1	###LINE###
5	2	89	0	9	0	441.65	144.86	11.77	5.37	100	Nhiễm
5	2	89	0	9	1	454.30	144.86	9.77	5.37	100	trùng
4	2	89	0	10	0	441.650000	150.911230	26.518800	5.372400	-1	###LINE###
5	2	89	0	10	0	441.65	150.91	11.97	5.37	100	đường
5	2	89	0	10	1	454.85	150.91	7.52	5.37	100	ruột
5	2	89	0	10	2	463.65	150.91	4.52	5.37	100	do
4	2	89	0	11	0	441.650000	156.961230	24.961200	5.372400	-1	###LINE###
5	2	89	0	11	0	441.65	156.96	3.21	5.37	100	vi
5	2	89	0	11	1	446.05	156.96	11.11	5.37	100	khuẩn
5	2	89	0	11	2	458.15	156.96	8.46	5.37	100	khác
4	2	89	0	12	0	441.650000	163.011230	22.422400	5.372400	-1	###LINE###
5	2	89	0	12	0	441.65	163.01	11.77	5.37	100	Nhiễm
5	2	89	0	12	1	454.30	163.01	9.77	5.37	100	trùng
4	2	89	0	13	0	441.650000	169.061230	26.518800	5.372400	-1	###LINE###
5	2	89	0	13	0	441.65	169.06	11.97	5.37	100	đường
5	2	89	0	13	1	454.85	169.06	7.52	5.37	100	ruột
5	2	89	0	13	2	463.65	169.06	4.52	5.37	100	do
4	2	89	0	14	0	441.650000	175.111230	24.961200	5.372400	-1	###LINE###
5	2	89	0	14	0	441.65	175.11	3.21	5.37	100	vi
5	2	89	0	14	1	446.05	175.11	11.11	5.37	100	khuẩn
5	2	89	0	14	2	458.15	175.11	8.46	5.37	100	khác
4	2	89	0	15	0	441.650000	181.161230	22.422400	5.372400	-1	###LINE###
5	2	89	0	15	0	441.65	181.16	11.77	5.37	100	Nhiễm
5	2	89	0	15	1	454.30	181.16	9.77	5.37	100	trùng
4	2	89	0	16	0	441.650000	187.211230	26.518800	5.372400	-1	###LINE###
5	2	89	0	16	0	441.65	187.21	11.97	5.37	100	đường
5	2	89	0	16	1	454.85	187.21	7.52	5.37	100	ruột
5	2	89	0	16	2	463.65	187.21	4.52	5.37	100	do
4	2	89	0	17	0	441.650000	193.261230	24.961200	5.372400	-1	###LINE###
5	2	89	0	17	0	441.65	193.26	3.21	5.37	100	vi
5	2	89	0	17	1	446.05	193.26	11.11	5.37	100	khuẩn
5	2	89	0	17	2	458.15	193.26	8.46	5.37	100	khác
4	2	89	0	18	0	441.650000	199.311230	22.422400	5.372400	-1	###LINE###
5	2	89	0	18	0	441.65	199.31	11.77	5.37	100	Nhiễm
5	2	89	0	18	1	454.30	199.31	9.77	5.37	100	trùng
4	2	89	0	19	0	441.650000	205.361230	26.518800	5.372400	-1	###LINE###
5	2	89	0	19	0	441.65	205.36	11.97	5.37	100	đường
5	2	89	0	19	1	454.85	205.36	7.52	5.37	100	ruột
5	2	89	0	19	2	463.65	205.36	4.52	5.37	100	do
4	2	89	0	20	0	441.650000	211.411230	24.961200	5.372400	-1	###LINE###
5	2	89	0	20	0	441.65	211.41	3.21	5.37	100	vi
5	2	89	0	20	1	446.05	211.41	11.11	5.37	100	khuẩn
5	2	89	0	20	2	458.15	211.41	8.46	5.37	100	khác
4	2	89	0	21	0	441.650000	217.461230	22.422400	5.372400	-1	###LINE###
5	2	89	0	21	0	441.65	217.46	11.77	5.37	100	Nhiễm
5	2	89	0	21	1	454.30	217.46	9.77	5.37	100	trùng
4	2	89	0	22	0	441.650000	223.511230	26.518800	5.372400	-1	###LINE###
5	2	89	0	22	0	441.65	223.51	11.97	5.37	100	đường
5	2	89	0	22	1	454.85	223.51	7.52	5.37	100	ruột
5	2	89	0	22	2	463.65	223.51	4.52	5.37	100	do
4	2	89	0	23	0	441.650000	229.561230	24.961200	5.372400	-1	###LINE###
5	2	89	0	23	0	441.65	229.56	3.21	5.37	100	vi
5	2	89	0	23	1	446.05	229.56	11.11	5.37	100	khuẩn
5	2	89	0	23	2	458.15	229.56	8.46	5.37	100	khác
3	2	90	0	0	0	473.000000	90.411230	10.480800	5.372400	-1	###FLOW###
4	2	90	0	0	0	473.000000	90.411230	10.480800	5.372400	-1	###LINE###
5	2	90	0	0	0	473.00	90.41	10.48	5.37	100	A04.0
3	2	91	0	0	0	19.250000	108.561230	4.430800	5.372400	-1	###FLOW###
4	2	91	0	0	0	19.250000	108.561230	4.430800	5.372400	-1	###LINE###
5	2	91	0	0	0	19.25	108.56	4.43	5.37	100	26
3	2	92	0	0	0	405.350000	90.411230	27.407600	144.522400	-1	###FLOW###
4	2	92	0	0	0	405.350000	90.411230	27.407600	5.372400	-1	###LINE###
5	2	92	0	0	0	405.35	90.41	10.34	5.37	100	Other
5	2	92	0	0	1	416.90	90.41	15.86	5.37	100	bacterial
4	2	92	0	1	0	405.350000	96.461230	16.957600	5.372400	-1	###LINE###
5	2	92	0	1	0	405.35	96.46	16.96	5.37	100	intestinal
4	2	92	0	2	0	405.350000	102.511230	17.120400	5.372400	-1	###LINE###
5	2	92	0	2	0	405.35	102.51	17.12	5.37	100	infections
4	2	92	0	3	0	405.350000	108.561230	27.407600	5.372400	-1	###LINE###
5	2	92	0	3	0	405.35	108.56	10.34	5.37	100	Other
5	2	92	0	3	1	416.90	108.56	15.86	5.37	100	bacterial
4	2	92	0	4	0	405.350000	114.611230	16.957600	5.372400	-1	###LINE###
5	2	92	0	4	0	405.35	114.61	16.96	5.37	100	intestinal
4	2	92	0	5	0	405.350000	120.661230	17.120400	5.372400	-1	###LINE###
5	2	92	0	5	0	405.35	120.66	17.12	5.37	100	infections
4	2	92	0	6	0	405.350000	126.711230	27.407600	5.372400	-1	###LINE###
5	2	92	0	6	0	405.35	126.71	10.34	5.37	100	Other
5	2	92	0	6	1	416.90	126.71	15.86	5.37	100	bacterial
4	2	92	0	7	0	405.350000	132.761230	16.957600	5.372400	-1	###LINE###
5	2	92	0	7	0	405.35	132.76	16.96	5.37	100	intestinal
4	2	92	0	8	0	405.350000	138.811230	17.120400	5.372400	-1	###LINE###
5	2	92	0	8	0	405.35	138.81	17.12	5.37	100	infections
4	2	92	0	9	0	405.350000	144.861230	27.407600	5.372400	-1	###LINE###
5	2	92	0	9	0	405.35	144.86	10.34	5.37	100	Other
5	2	92	0	9	1	416.90	144.86	15.86	5.37	100	bacterial
4	2	92	0	10	0	405.350000	150.911230	16.957600	5.372400	-1	###LINE###
5	2	92	0	10	0	405.35	150.91	16.96	5.37	100	intestinal
4	2	92	0	11	0	405.350000	156.961230	17.120400	5.372400	-1	###LINE###
5	2	92	0	11	0	405.35	156.96	17.12	5.37	100	infections
4	2	92	0	12	0	405.350000	163.011230	27.407600	5.372400	-1	###LINE###
5	2	92	0	12	0	405.35	163.01	10.34	5.37	100	Other
5	2	92	0	12	1	416.90	163.01	15.86	5.37	100	bacterial
4	2	92	0	13	0	405.350000	169.061230	16.957600	5.372400	-1	###LINE###
5	2	92	0	13	0	405.35	169.06	16.96	5.37	100	intestinal
4	2	92	0	14	0	405.350000	175.111230	17.120400	5.372400	-1	###LINE###
5	2	92	0	14	0	405.35	175.11	17.12	5.37	100	infections
4	2	92	0	15	0	405.350000	181.161230	27.407600	5.372400	-1	###LINE###
5	2	92	0	15	0	405.35	181.16	10.34	5.37	100	Other
5	2	92	0	15	1	416.90	181.16	15.86	5.37	100	bacterial
4	2	92	0	16	0	405.350000	187.211230	16.957600	5.372400	-1	###LINE###
5	2	92	0	16	0	405.35	187.21	16.96	5.37	100	intestinal
4	2	92	0	17	0	405.350000	193.261230	17.120400	5.372400	-1	###LINE###
5	2	92	0	17	0	405.35	193.26	17.12	5.37	100	infections
4	2	92	0	18	0	405.350000	199.311230	27.407600	5.372400	-1	###LINE###
5	2	92	0	18	0	405.35	199.31	10.34	5.37	100	Other
5	2	92	0	18	1	416.90	199.31	15.86	5.37	100	bacterial
4	2	92	0	19	0	405.350000	205.361230	16.957600	5.372400	-1	###LINE###
5	2	92	0	19	0	405.35	205.36	16.96	5.37	100	intestinal
4	2	92	0	20	0	405.350000	211.411230	17.120400	5.372400	-1	###LINE###
5	2	92	0	20	0	405.35	211.41	17.12	5.37	100	infections
4	2	92	0	21	0	405.350000	217.461230	27.407600	5.372400	-1	###LINE###
5	2	92	0	21	0	405.35	217.46	10.34	5.37	100	Other
5	2	92	0	21	1	416.90	217.46	15.86	5.37	100	bacterial
4	2	92	0	22	0	405.350000	223.511230	16.957600	5.372400	-1	###LINE###
5	2	92	0	22	0	405.35	223.51	16.96	5.37	100	intestinal
4	2	92	0	23	0	405.350000	229.561230	17.120400	5.372400	-1	###LINE###
5	2	92	0	23	0	405.35	229.56	17.12	5.37	100	infections
3	2	93	0	0	0	19.250000	248.261230	4.430800	5.372400	-1	###FLOW###
4	2	93	0	0	0	19.250000	248.261230	4.430800	5.372400	-1	###LINE###
5	2	93	0	0	0	19.25	248.26	4.43	5.37	100	33
3	2	94	0	0	0	32.450000	248.261230	1.108800	5.372400	-1	###FLOW###
4	2	94	0	0	0	32.450000	248.261230	1.108800	5.372400	-1	###LINE###
5	2	94	0	0	0	32.45	248.26	1.11	5.37	100	I
3	2	95	0	0	0	51.700000	248.261230	57.860000	11.422400	-1	###FLOW###
4	2	95	0	0	0	51.700000	248.261230	57.860000	5.372400	-1	###LINE###
5	2	95	0	0	0	51.70	248.26	14.88	5.37	100	A00-B99
5	2	95	0	0	1	70.40	248.26	13.31	5.37	100	Certain
5	2	95	0	0	2	84.70	248.26	17.12	5.37	100	infectious
5	2	95	0	0	3	102.85	248.26	6.71	5.37	100	and
4	2	95	0	1	0	70.400000	254.311230	31.420400	5.372400	-1	###LINE###
5	2	95	0	1	0	70.40	254.31	15.61	5.37	100	parasitic
5	2	95	0	1	1	86.90	254.31	14.92	5.37	100	diseases
3	2	96	0	0	0	115.500000	248.261230	96.320400	11.422400	-1	###FLOW###
4	2	96	0	0	0	115.500000	248.261230	96.320400	5.372400	-1	###LINE###
5	2	96	0	0	0	115.50	248.26	8.91	5.37	100	Bệnh
5	2	96	0	0	1	125.40	248.26	12.21	5.37	100	truyền
5	2	96	0	0	2	138.60	248.26	11.22	5.37	100	nhiễm
5	2	96	0	0	3	150.70	248.26	4.31	5.37	100	và
5	2	96	0	0	4	157.85	248.26	15.43	5.37	100	A00-A09
5	2	96	0	0	5	176.55	248.26	16.96	5.37	100	Intestinal
5	2	96	0	0	6	194.70	248.26	17.12	5.37	100	infectious
4	2	96	0	1	0	115.500000	254.311230	23.522400	5.372400	-1	###LINE###
5	2	96	0	1	0	115.50	254.31	4.19	5.37	100	ký
5	2	96	0	1	1	121.00	254.31	7.26	5.37	100	sinh
5	2	96	0	1	2	129.25	254.31	9.77	5.37	100	trùng
4	2	96	0	2	0	176.550000	254.311230	14.920400	5.372400	-1	###LINE###
5	2	96	0	2	0	176.55	254.31	14.92	5.37	100	diseases
3	2	97	0	0	0	217.250000	248.261230	34.315600	11.422400	-1	###FLOW###
4	2	97	0	0	0	217.250000	248.261230	34.315600	5.372400	-1	###LINE###
5	2	97	0	0	0	217.25	248.26	8.91	5.37	100	Bệnh
5	2	97	0	0	1	227.15	248.26	12.21	5.37	100	truyền
5	2	97	0	0	2	240.35	248.26	11.22	5.37	100	nhiễm
4	2	97	0	1	0	217.250000	254.311230	20.724000	5.372400	-1	###LINE###
5	2	97	0	1	0	217.25	254.31	11.97	5.37	100	đường
5	2	97	0	1	1	230.45	254.31	7.52	5.37	100	ruột
3	2	98	0	0	0	388.850000	248.261230	7.180800	5.372400	-1	###FLOW###
4	2	98	0	0	0	388.850000	248.261230	7.180800	5.372400	-1	###LINE###
5	2	98	0	0	0	388.85	248.26	7.18	5.37	100	A04
3	2	99	0	0	0	405.350000	248.261230	27.407600	17.472400	-1	###FLOW###
4	2	99	0	0	0	405.350000	248.261230	27.407600	5.372400	-1	###LINE###
5	2	99	0	0	0	405.35	248.26	10.34	5.37	100	Other
5	2	99	0	0	1	416.90	248.26	15.86	5.37	100	bacterial
4	2	99	0	1	0	405.350000	254.311230	16.957600	5.372400	-1	###LINE###
5	2	99	0	1	0	405.35	254.31	16.96	5.37	100	intestinal
4	2	99	0	2	0	405.350000	260.361230	17.120400	5.372400	-1	###LINE###
5	2	99	0	2	0	405.35	260.36	17.12	5.37	100	infections
3	2	100	0	0	0	441.650000	248.261230	26.518800	17.472400	-1	###FLOW###
4	2	100	0	0	0	441.650000	248.261230	22.422400	5.372400	-1	###LINE###
5	2	100	0	0	0	441.65	248.26	11.77	5.37	100	Nhiễm
5	2	100	0	0	1	454.30	248.26	9.77	5.37	100	trùng
4	2	100	0	1	0	441.650000	254.311230	26.518800	5.372400	-1	###LINE###
5	2	100	0	1	0	441.65	254.31	11.97	5.37	100	đường
5	2	100	0	1	1	454.85	254.31	7.52	5.37	100	ruột
5	2	100	0	1	2	463.65	254.31	4.52	5.37	100	do
4	2	100	0	2	0	441.650000	260.361230	24.961200	5.372400	-1	###LINE###
5	2	100	0	2	0	441.65	260.36	3.21	5.37	100	vi
5	2	100	0	2	1	446.05	260.36	11.11	5.37	100	khuẩn
5	2	100	0	2	2	458.15	260.36	8.46	5.37	100	khác
3	2	101	0	0	0	473.000000	248.261230	10.480800	5.372400	-1	###FLOW###
4	2	101	0	0	0	473.000000	248.261230	10.480800	5.372400	-1	###LINE###
5	2	101	0	0	0	473.00	248.26	10.48	5.37	100	A04.8
3	2	102	0	0	0	490.050000	248.261230	9.380800	5.372400	-1	###FLOW###
4	2	102	0	0	0	490.050000	248.261230	9.380800	5.372400	-1	###LINE###
5	2	102	0	0	0	490.05	248.26	9.38	5.37	100	A048
3	2	103	0	0	0	509.850000	248.261230	34.007600	17.472400	-1	###FLOW###
4	2	103	0	0	0	509.850000	248.261230	27.060000	5.372400	-1	###LINE###
5	2	103	0	0	0	509.85	248.26	10.34	5.37	100	Other
5	2	103	0	0	1	521.40	248.26	15.51	5.37	100	specified
4	2	103	0	1	0	509.850000	254.311230	34.007600	5.372400	-1	###LINE###
5	2	103	0	1	0	509.85	254.31	15.86	5.37	100	bacterial
5	2	103	0	1	1	526.90	254.31	16.96	5.37	100	intestinal
4	2	103	0	2	0	509.850000	260.361230	17.120400	5.372400	-1	###LINE###
5	2	103	0	2	0	509.85	260.36	17.12	5.37	100	infections
3	2	104	0	0	0	19.250000	272.461230	4.430800	5.372400	-1	###FLOW###
4	2	104	0	0	0	19.250000	272.461230	4.430800	5.372400	-1	###LINE###
5	2	104	0	0	0	19.25	272.46	4.43	5.37	100	34
3	2	105	0	0	0	32.450000	272.461230	1.108800	5.372400	-1	###FLOW###
4	2	105	0	0	0	32.450000	272.461230	1.108800	5.372400	-1	###LINE###
5	2	105	0	0	0	32.45	272.46	1.11	5.37	100	I
3	2	106	0	0	0	51.700000	272.461230	57.860000	11.422400	-1	###FLOW###
4	2	106	0	0	0	51.700000	272.461230	57.860000	5.372400	-1	###LINE###
5	2	106	0	0	0	51.70	272.46	14.88	5.37	100	A00-B99
5	2	106	0	0	1	70.40	272.46	13.31	5.37	100	Certain
5	2	106	0	0	2	84.70	272.46	17.12	5.37	100	infectious
5	2	106	0	0	3	102.85	272.46	6.71	5.37	100	and
4	2	106	0	1	0	70.400000	278.511230	31.420400	5.372400	-1	###LINE###
5	2	106	0	1	0	70.40	278.51	15.61	5.37	100	parasitic
5	2	106	0	1	1	86.90	278.51	14.92	5.37	100	diseases
3	2	107	0	0	0	115.500000	272.461230	96.320400	11.422400	-1	###FLOW###
4	2	107	0	0	0	115.500000	272.461230	96.320400	5.372400	-1	###LINE###
5	2	107	0	0	0	115.50	272.46	8.91	5.37	100	Bệnh
5	2	107	0	0	1	125.40	272.46	12.21	5.37	100	truyền
5	2	107	0	0	2	138.60	272.46	11.22	5.37	100	nhiễm
5	2	107	0	0	3	150.70	272.46	4.31	5.37	100	và
5	2	107	0	0	4	157.85	272.46	15.43	5.37	100	A00-A09
5	2	107	0	0	5	176.55	272.46	16.96	5.37	100	Intestinal
5	2	107	0	0	6	194.70	272.46	17.12	5.37	100	infectious
4	2	107	0	1	0	115.500000	278.511230	23.522400	5.372400	-1	###LINE###
5	2	107	0	1	0	115.50	278.51	4.19	5.37	100	ký
5	2	107	0	1	1	121.00	278.51	7.26	5.37	100	sinh
5	2	107	0	1	2	129.25	278.51	9.77	5.37	100	trùng
4	2	107	0	2	0	176.550000	278.511230	14.920400	5.372400	-1	###LINE###
5	2	107	0	2	0	176.55	278.51	14.92	5.37	100	diseases
3	2	108	0	0	0	217.250000	272.461230	34.315600	11.422400	-1	###FLOW###
4	2	108	0	0	0	217.250000	272.461230	34.315600	5.372400	-1	###LINE###
5	2	108	0	0	0	217.25	272.46	8.91	5.37	100	Bệnh
5	2	108	0	0	1	227.15	272.46	12.21	5.37	100	truyền
5	2	108	0	0	2	240.35	272.46	11.22	5.37	100	nhiễm
4	2	108	0	1	0	217.250000	278.511230	20.724000	5.372400	-1	###LINE###
5	2	108	0	1	0	217.25	278.51	11.97	5.37	100	đường
5	2	108	0	1	1	230.45	278.51	7.52	5.37	100	ruột
3	2	109	0	0	0	388.850000	272.461230	7.180800	5.372400	-1	###FLOW###
4	2	109	0	0	0	388.850000	272.461230	7.180800	5.372400	-1	###LINE###
5	2	109	0	0	0	388.85	272.46	7.18	5.37	100	A04
3	2	110	0	0	0	405.350000	272.461230	27.407600	17.472400	-1	###FLOW###
4	2	110	0	0	0	405.350000	272.461230	27.407600	5.372400	-1	###LINE###
5	2	110	0	0	0	405.35	272.46	10.34	5.37	100	Other
5	2	110	0	0	1	416.90	272.46	15.86	5.37	100	bacterial
4	2	110	0	1	0	405.350000	278.511230	16.957600	5.372400	-1	###LINE###
5	2	110	0	1	0	405.35	278.51	16.96	5.37	100	intestinal
4	2	110	0	2	0	405.350000	284.561230	17.120400	5.372400	-1	###LINE###
5	2	110	0	2	0	405.35	284.56	17.12	5.37	100	infections
3	2	111	0	0	0	441.650000	272.461230	26.518800	17.472400	-1	###FLOW###
4	2	111	0	0	0	441.650000	272.461230	22.422400	5.372400	-1	###LINE###
5	2	111	0	0	0	441.65	272.46	11.77	5.37	100	Nhiễm
5	2	111	0	0	1	454.30	272.46	9.77	5.37	100	trùng
4	2	111	0	1	0	441.650000	278.511230	26.518800	5.372400	-1	###LINE###
5	2	111	0	1	0	441.65	278.51	11.97	5.37	100	đường
5	2	111	0	1	1	454.85	278.51	7.52	5.37	100	ruột
5	2	111	0	1	2	463.65	278.51	4.52	5.37	100	do
4	2	111	0	2	0	441.650000	284.561230	24.961200	5.372400	-1	###LINE###
5	2	111	0	2	0	441.65	284.56	3.21	5.37	100	vi
5	2	111	0	2	1	446.05	284.56	11.11	5.37	100	khuẩn
5	2	111	0	2	2	458.15	284.56	8.46	5.37	100	khác
3	2	112	0	0	0	473.000000	272.461230	10.480800	5.372400	-1	###FLOW###
4	2	112	0	0	0	473.000000	272.461230	10.480800	5.372400	-1	###LINE###
5	2	112	0	0	0	473.00	272.46	10.48	5.37	100	A04.9
3	2	113	0	0	0	490.050000	272.461230	9.380800	5.372400	-1	###FLOW###
4	2	113	0	0	0	490.050000	272.461230	9.380800	5.372400	-1	###LINE###
5	2	113	0	0	0	490.05	272.46	9.38	5.37	100	A049
3	2	114	0	0	0	509.850000	272.461230	125.774000	17.472400	-1	###FLOW###
4	2	114	0	0	0	509.850000	272.461230	125.774000	5.372400	-1	###LINE###
5	2	114	0	0	0	509.85	272.46	15.86	5.37	100	Bacterial
5	2	114	0	0	1	526.90	272.46	16.96	5.37	100	intestinal
5	2	114	0	0	2	547.25	272.46	15.86	5.37	100	Bacterial
5	2	114	0	0	3	564.30	272.46	15.47	5.37	100	enteritis
5	2	114	0	0	4	580.80	272.46	7.52	5.37	100	NOS
5	2	114	0	0	5	591.25	272.46	11.77	5.37	100	Nhiễm
5	2	114	0	0	6	603.90	272.46	9.77	5.37	100	trùng
5	2	114	0	0	7	614.90	272.46	11.97	5.37	100	đường
5	2	114	0	0	8	628.10	272.46	7.52	5.37	100	ruột
4	2	114	0	1	0	509.850000	278.511230	16.500000	5.372400	-1	###LINE###
5	2	114	0	1	0	509.85	278.51	16.50	5.37	100	infection,
4	2	114	0	2	0	591.250000	278.511230	40.911200	5.372400	-1	###LINE###
5	2	114	0	2	0	591.25	278.51	4.52	5.37	100	do
5	2	114	0	2	1	596.75	278.51	3.21	5.37	100	vi
5	2	114	0	2	2	601.15	278.51	12.10	5.37	100	khuẩn,
5	2	114	0	2	3	614.35	278.51	10.87	5.37	100	không
5	2	114	0	2	4	626.45	278.51	5.71	5.37	100	xác
4	2	114	0	3	0	509.850000	284.561230	19.910000	5.372400	-1	###LINE###
5	2	114	0	3	0	509.85	284.56	19.91	5.37	100	unspecified
4	2	114	0	4	0	591.250000	284.561230	7.810000	5.372400	-1	###LINE###
5	2	114	0	4	0	591.25	284.56	7.81	5.37	100	định
3	2	115	0	0	0	19.250000	296.661230	4.430800	5.372400	-1	###FLOW###
4	2	115	0	0	0	19.250000	296.661230	4.430800	5.372400	-1	###LINE###
5	2	115	0	0	0	19.25	296.66	4.43	5.37	100	35
3	2	116	0	0	0	32.450000	296.661230	1.108800	5.372400	-1	###FLOW###
4	2	116	0	0	0	32.450000	296.661230	1.108800	5.372400	-1	###LINE###
5	2	116	0	0	0	32.45	296.66	1.11	5.37	100	I
3	2	117	0	0	0	51.700000	296.661230	57.860000	11.422400	-1	###FLOW###
4	2	117	0	0	0	51.700000	296.661230	57.860000	5.372400	-1	###LINE###
5	2	117	0	0	0	51.70	296.66	14.88	5.37	100	A00-B99
5	2	117	0	0	1	70.40	296.66	13.31	5.37	100	Certain
5	2	117	0	0	2	84.70	296.66	17.12	5.37	100	infectious
5	2	117	0	0	3	102.85	296.66	6.71	5.37	100	and
4	2	117	0	1	0	70.400000	302.711230	31.420400	5.372400	-1	###LINE###
5	2	117	0	1	0	70.40	302.71	15.61	5.37	100	parasitic
5	2	117	0	1	1	86.90	302.71	14.92	5.37	100	diseases
3	2	118	0	0	0	115.500000	296.661230	96.320400	11.422400	-1	###FLOW###
4	2	118	0	0	0	115.500000	296.661230	96.320400	5.372400	-1	###LINE###
5	2	118	0	0	0	115.50	296.66	8.91	5.37	100	Bệnh
5	2	118	0	0	1	125.40	296.66	12.21	5.37	100	truyền
5	2	118	0	0	2	138.60	296.66	11.22	5.37	100	nhiễm
5	2	118	0	0	3	150.70	296.66	4.31	5.37	100	và
5	2	118	0	0	4	157.85	296.66	15.43	5.37	100	A00-A09
5	2	118	0	0	5	176.55	296.66	16.96	5.37	100	Intestinal
5	2	118	0	0	6	194.70	296.66	17.12	5.37	100	infectious
4	2	118	0	1	0	115.500000	302.711230	23.522400	5.372400	-1	###LINE###
5	2	118	0	1	0	115.50	302.71	4.19	5.37	100	ký
5	2	118	0	1	1	121.00	302.71	7.26	5.37	100	sinh
5	2	118	0	1	2	129.25	302.71	9.77	5.37	100	trùng
4	2	118	0	2	0	176.550000	302.711230	14.920400	5.372400	-1	###LINE###
5	2	118	0	2	0	176.55	302.71	14.92	5.37	100	diseases
3	2	119	0	0	0	217.250000	296.661230	34.315600	11.422400	-1	###FLOW###
4	2	119	0	0	0	217.250000	296.661230	34.315600	5.372400	-1	###LINE###
5	2	119	0	0	0	217.25	296.66	8.91	5.37	100	Bệnh
5	2	119	0	0	1	227.15	296.66	12.21	5.37	100	truyền
5	2	119	0	0	2	240.35	296.66	11.22	5.37	100	nhiễm
4	2	119	0	1	0	217.250000	302.711230	20.724000	5.372400	-1	###LINE###
5	2	119	0	1	0	217.25	302.71	11.97	5.37	100	đường
5	2	119	0	1	1	230.45	302.71	7.52	5.37	100	ruột
3	2	120	0	0	0	388.850000	296.661230	7.180800	5.372400	-1	###FLOW###
4	2	120	0	0	0	388.850000	296.661230	7.180800	5.372400	-1	###LINE###
5	2	120	0	0	0	388.85	296.66	7.18	5.37	100	A05
3	2	121	0	0	0	405.350000	296.661230	30.624000	29.572400	-1	###FLOW###
4	2	121	0	0	0	405.350000	296.661230	27.407600	5.372400	-1	###LINE###
5	2	121	0	0	0	405.35	296.66	10.34	5.37	100	Other
5	2	121	0	0	1	416.90	296.66	15.86	5.37	100	bacterial
4	2	121	0	1	0	405.350000	302.711230	18.141200	5.372400	-1	###LINE###
5	2	121	0	1	0	405.35	302.71	18.14	5.37	100	foodborne
4	2	121	0	2	0	405.350000	308.761230	30.624000	5.372400	-1	###LINE###
5	2	121	0	2	0	405.35	308.76	23.65	5.37	100	intoxications,
5	2	121	0	2	1	430.10	308.76	5.87	5.37	100	not
4	2	121	0	3	0	405.350000	314.811230	18.691200	5.372400	-1	###LINE###
5	2	121	0	3	0	405.35	314.81	18.69	5.37	100	elsewhere
4	2	121	0	4	0	405.350000	320.861230	16.060000	5.372400	-1	###LINE###
5	2	121	0	4	0	405.35	320.86	16.06	5.37	100	classified
3	2	122	0	0	0	441.650000	296.661230	38.530800	29.572400	-1	###FLOW###
4	2	122	0	0	0	441.650000	296.661230	23.861200	5.372400	-1	###LINE###
5	2	122	0	0	0	441.65	296.66	7.27	5.37	100	Ngộ
5	2	122	0	0	1	449.90	296.66	6.26	5.37	100	độc
5	2	122	0	0	2	457.05	296.66	8.46	5.37	100	thực
4	2	122	0	1	0	473.000000	296.661230	7.180800	5.372400	-1	###LINE###
5	2	122	0	1	0	473.00	296.66	7.18	5.37	100	A05
4	2	122	0	2	0	441.650000	302.711230	19.707600	5.372400	-1	###LINE###
5	2	122	0	2	0	441.65	302.71	10.12	5.37	100	phẩm
5	2	122	0	2	1	452.65	302.71	4.52	5.37	100	do
5	2	122	0	2	2	458.15	302.71	3.21	5.37	100	vi
4	2	122	0	3	0	441.650000	308.761230	21.450000	5.372400	-1	###LINE###
5	2	122	0	3	0	441.65	308.76	11.11	5.37	100	khuẩn
5	2	122	0	3	1	453.75	308.76	9.35	5.37	100	khác,
4	2	122	0	4	0	441.650000	314.811230	28.507600	5.372400	-1	###LINE###
5	2	122	0	4	0	441.65	314.81	10.87	5.37	100	không
5	2	122	0	4	1	453.75	314.81	8.91	5.37	100	phân
5	2	122	0	4	2	463.65	314.81	6.51	5.37	100	loại
4	2	122	0	5	0	441.650000	320.861230	16.711200	5.372400	-1	###LINE###
5	2	122	0	5	0	441.65	320.86	7.36	5.37	100	mục
5	2	122	0	5	1	449.90	320.86	8.46	5.37	100	khác
3	2	123	0	0	0	490.050000	296.661230	7.180800	5.372400	-1	###FLOW###
4	2	123	0	0	0	490.050000	296.661230	7.180800	5.372400	-1	###LINE###
5	2	123	0	0	0	490.05	296.66	7.18	5.37	100	A05
3	2	124	0	0	0	509.850000	296.661230	125.857600	71.922400	-1	###FLOW###
4	2	124	0	0	0	509.850000	296.661230	27.407600	5.372400	-1	###LINE###
5	2	124	0	0	0	509.85	296.66	10.34	5.37	100	Other
5	2	124	0	0	1	521.40	296.66	15.86	5.37	100	bacterial
4	2	124	0	1	0	547.250000	296.661230	30.465600	5.372400	-1	###LINE###
5	2	124	0	1	0	547.25	296.66	8.88	5.37	100	Excl.:
5	2	124	0	1	1	557.15	296.66	20.57	5.37	100	Clostridium
4	2	124	0	2	0	591.250000	296.661230	44.457600	5.372400	-1	###LINE###
5	2	124	0	2	0	591.25	296.66	7.27	5.37	100	Ngộ
5	2	124	0	2	1	599.50	296.66	6.26	5.37	100	độc
5	2	124	0	2	2	606.65	296.66	8.46	5.37	100	thực
5	2	124	0	2	3	616.00	296.66	10.12	5.37	100	phẩm
5	2	124	0	2	4	627.00	296.66	4.52	5.37	100	do
5	2	124	0	2	5	632.50	296.66	3.21	5.37	100	vi
4	2	124	0	3	0	509.850000	302.711230	18.141200	5.372400	-1	###LINE###
5	2	124	0	3	0	509.85	302.71	18.14	5.37	100	foodborne
4	2	124	0	4	0	547.250000	302.711230	31.891200	5.372400	-1	###LINE###
5	2	124	0	4	0	547.25	302.71	12.64	5.37	100	difficile
5	2	124	0	4	1	561.00	302.71	18.14	5.37	100	foodborne
4	2	124	0	5	0	591.250000	302.711230	43.560000	5.372400	-1	###LINE###
5	2	124	0	5	0	591.25	302.71	11.11	5.37	100	khuẩn
5	2	124	0	5	1	603.35	302.71	9.35	5.37	100	khác,
5	2	124	0	5	2	613.80	302.71	10.87	5.37	100	không
5	2	124	0	5	3	625.90	302.71	8.91	5.37	100	phân
4	2	124	0	6	0	509.850000	308.761230	30.624000	5.372400	-1	###LINE###
5	2	124	0	6	0	509.85	308.76	23.65	5.37	100	intoxications,
5	2	124	0	6	1	534.60	308.76	5.87	5.37	100	not
4	2	124	0	7	0	547.250000	308.761230	28.710000	5.372400	-1	###LINE###
5	2	124	0	7	0	547.25	308.76	21.01	5.37	100	intoxication
5	2	124	0	7	1	569.25	308.76	6.71	5.37	100	and
4	2	124	0	8	0	591.250000	308.761230	24.411200	5.372400	-1	###LINE###
5	2	124	0	8	0	591.25	308.76	6.51	5.37	100	loại
5	2	124	0	8	1	598.95	308.76	7.36	5.37	100	mục
5	2	124	0	8	2	607.20	308.76	8.46	5.37	100	khác
4	2	124	0	9	0	509.850000	314.811230	66.783200	5.372400	-1	###LINE###
5	2	124	0	9	0	509.85	314.81	18.69	5.37	100	elsewhere
5	2	124	0	9	1	529.65	314.81	16.06	5.37	100	classified
5	2	124	0	9	2	547.25	314.81	15.51	5.37	100	infection
5	2	124	0	9	3	563.75	314.81	12.88	5.37	100	(A04.7)
4	2	124	0	10	0	547.250000	320.861230	26.857600	5.372400	-1	###LINE###
5	2	124	0	10	0	547.25	320.86	19.71	5.37	100	Escherichia
5	2	124	0	10	1	568.15	320.86	5.96	5.37	100	coli
4	2	124	0	11	0	547.250000	326.911230	40.933200	5.372400	-1	###LINE###
5	2	124	0	11	0	547.25	326.91	15.51	5.37	100	infection
5	2	124	0	11	1	563.75	326.91	24.43	5.37	100	(A04.0-A04.4)
4	2	124	0	12	0	547.250000	332.961230	29.933200	5.372400	-1	###LINE###
5	2	124	0	12	0	547.25	332.96	17.12	5.37	100	listeriosis
5	2	124	0	12	1	565.40	332.96	11.78	5.37	100	(A32.-)
4	2	124	0	13	0	547.250000	339.011230	38.491200	5.372400	-1	###LINE###
5	2	124	0	13	0	547.25	339.01	19.16	5.37	100	salmonella
5	2	124	0	13	1	567.60	339.01	18.14	5.37	100	foodborne
4	2	124	0	14	0	547.250000	345.061230	28.710000	5.372400	-1	###LINE###
5	2	124	0	14	0	547.25	345.06	21.01	5.37	100	intoxication
5	2	124	0	14	1	569.25	345.06	6.71	5.37	100	and
4	2	124	0	15	0	547.250000	351.111230	28.283200	5.372400	-1	###LINE###
5	2	124	0	15	0	547.25	351.11	15.51	5.37	100	infection
5	2	124	0	15	1	563.75	351.11	11.78	5.37	100	(A02.-)
4	2	124	0	16	0	547.250000	357.161230	38.020400	5.372400	-1	###LINE###
5	2	124	0	16	0	547.25	357.16	8.46	5.37	100	toxic
5	2	124	0	16	1	556.60	357.16	9.72	5.37	100	effect
5	2	124	0	16	2	567.60	357.16	3.54	5.37	100	of
5	2	124	0	16	3	572.00	357.16	13.27	5.37	100	noxious
4	2	124	0	17	0	547.250000	363.211230	34.883200	5.372400	-1	###LINE###
5	2	124	0	17	0	547.25	363.21	17.12	5.37	100	foodstuffs
5	2	124	0	17	1	565.40	363.21	16.73	5.37	100	(T61-T62)
3	2	125	0	0	0	19.250000	401.161230	4.430800	5.372400	-1	###FLOW###
4	2	125	0	0	0	19.250000	401.161230	4.430800	5.372400	-1	###LINE###
5	2	125	0	0	0	19.25	401.16	4.43	5.37	100	36
3	2	126	0	0	0	32.450000	401.161230	1.108800	5.372400	-1	###FLOW###
4	2	126	0	0	0	32.450000	401.161230	1.108800	5.372400	-1	###LINE###
5	2	126	0	0	0	32.45	401.16	1.11	5.37	100	I
3	2	127	0	0	0	51.700000	401.161230	57.860000	11.422400	-1	###FLOW###
4	2	127	0	0	0	51.700000	401.161230	57.860000	5.372400	-1	###LINE###
5	2	127	0	0	0	51.70	401.16	14.88	5.37	100	A00-B99
5	2	127	0	0	1	70.40	401.16	13.31	5.37	100	Certain
5	2	127	0	0	2	84.70	401.16	17.12	5.37	100	infectious
5	2	127	0	0	3	102.85	401.16	6.71	5.37	100	and
4	2	127	0	1	0	70.400000	407.211230	31.420400	5.372400	-1	###LINE###
5	2	127	0	1	0	70.40	407.21	15.61	5.37	100	parasitic
5	2	127	0	1	1	86.90	407.21	14.92	5.37	100	diseases
3	2	128	0	0	0	115.500000	401.161230	96.320400	11.422400	-1	###FLOW###
4	2	128	0	0	0	115.500000	401.161230	96.320400	5.372400	-1	###LINE###
5	2	128	0	0	0	115.50	401.16	8.91	5.37	100	Bệnh
5	2	128	0	0	1	125.40	401.16	12.21	5.37	100	truyền
5	2	128	0	0	2	138.60	401.16	11.22	5.37	100	nhiễm
5	2	128	0	0	3	150.70	401.16	4.31	5.37	100	và
5	2	128	0	0	4	157.85	401.16	15.43	5.37	100	A00-A09
5	2	128	0	0	5	176.55	401.16	16.96	5.37	100	Intestinal
5	2	128	0	0	6	194.70	401.16	17.12	5.37	100	infectious
4	2	128	0	1	0	115.500000	407.211230	23.522400	5.372400	-1	###LINE###
5	2	128	0	1	0	115.50	407.21	4.19	5.37	100	ký
5	2	128	0	1	1	121.00	407.21	7.26	5.37	100	sinh
5	2	128	0	1	2	129.25	407.21	9.77	5.37	100	trùng
4	2	128	0	2	0	176.550000	407.211230	14.920400	5.372400	-1	###LINE###
5	2	128	0	2	0	176.55	407.21	14.92	5.37	100	diseases
3	2	129	0	0	0	217.250000	401.161230	34.315600	11.422400	-1	###FLOW###
4	2	129	0	0	0	217.250000	401.161230	34.315600	5.372400	-1	###LINE###
5	2	129	0	0	0	217.25	401.16	8.91	5.37	100	Bệnh
5	2	129	0	0	1	227.15	401.16	12.21	5.37	100	truyền
5	2	129	0	0	2	240.35	401.16	11.22	5.37	100	nhiễm
4	2	129	0	1	0	217.250000	407.211230	20.724000	5.372400	-1	###LINE###
5	2	129	0	1	0	217.25	407.21	11.97	5.37	100	đường
5	2	129	0	1	1	230.45	407.21	7.52	5.37	100	ruột
3	2	130	0	0	0	388.850000	401.161230	7.180800	5.372400	-1	###FLOW###
4	2	130	0	0	0	388.850000	401.161230	7.180800	5.372400	-1	###LINE###
5	2	130	0	0	0	388.85	401.16	7.18	5.37	100	A05
3	2	131	0	0	0	509.850000	401.161230	25.757600	17.472400	-1	###FLOW###
4	2	131	0	0	0	509.850000	401.161230	19.241200	5.372400	-1	###LINE###
5	2	131	0	0	0	509.85	401.16	19.24	5.37	100	Foodborne
4	2	131	0	1	0	509.850000	407.211230	25.757600	5.372400	-1	###LINE###
5	2	131	0	1	0	509.85	407.21	25.76	5.37	100	staphylococcal
4	2	131	0	2	0	509.850000	413.261230	21.010000	5.372400	-1	###LINE###
5	2	131	0	2	0	509.85	413.26	21.01	5.37	100	intoxication
3	2	132	0	0	0	32.450000	431.961230	1.108800	5.372400	-1	###FLOW###
4	2	132	0	0	0	32.450000	431.961230	1.108800	5.372400	-1	###LINE###
5	2	132	0	0	0	32.45	431.96	1.11	5.37	100	I
3	2	133	0	0	0	51.700000	431.961230	57.860000	11.422400	-1	###FLOW###
4	2	133	0	0	0	51.700000	431.961230	57.860000	5.372400	-1	###LINE###
5	2	133	0	0	0	51.70	431.96	14.88	5.37	100	A00-B99
5	2	133	0	0	1	70.40	431.96	13.31	5.37	100	Certain
5	2	133	0	0	2	84.70	431.96	17.12	5.37	100	infectious
5	2	133	0	0	3	102.85	431.96	6.71	5.37	100	and
4	2	133	0	1	0	70.400000	438.011230	31.420400	5.372400	-1	###LINE###
5	2	133	0	1	0	70.40	438.01	15.61	5.37	100	parasitic
5	2	133	0	1	1	86.90	438.01	14.92	5.37	100	diseases
3	2	134	0	0	0	115.500000	431.961230	96.320400	11.422400	-1	###FLOW###
4	2	134	0	0	0	115.500000	431.961230	96.320400	5.372400	-1	###LINE###
5	2	134	0	0	0	115.50	431.96	8.91	5.37	100	Bệnh
5	2	134	0	0	1	125.40	431.96	12.21	5.37	100	truyền
5	2	134	0	0	2	138.60	431.96	11.22	5.37	100	nhiễm
5	2	134	0	0	3	150.70	431.96	4.31	5.37	100	và
5	2	134	0	0	4	157.85	431.96	15.43	5.37	100	A00-A09
5	2	134	0	0	5	176.55	431.96	16.96	5.37	100	Intestinal
5	2	134	0	0	6	194.70	431.96	17.12	5.37	100	infectious
4	2	134	0	1	0	115.500000	438.011230	23.522400	5.372400	-1	###LINE###
5	2	134	0	1	0	115.50	438.01	4.19	5.37	100	ký
5	2	134	0	1	1	121.00	438.01	7.26	5.37	100	sinh
5	2	134	0	1	2	129.25	438.01	9.77	5.37	100	trùng
4	2	134	0	2	0	176.550000	438.011230	14.920400	5.372400	-1	###LINE###
5	2	134	0	2	0	176.55	438.01	14.92	5.37	100	diseases
3	2	135	0	0	0	217.250000	431.961230	34.315600	11.422400	-1	###FLOW###
4	2	135	0	0	0	217.250000	431.961230	34.315600	5.372400	-1	###LINE###
5	2	135	0	0	0	217.25	431.96	8.91	5.37	100	Bệnh
5	2	135	0	0	1	227.15	431.96	12.21	5.37	100	truyền
5	2	135	0	0	2	240.35	431.96	11.22	5.37	100	nhiễm
4	2	135	0	1	0	217.250000	438.011230	20.724000	5.372400	-1	###LINE###
5	2	135	0	1	0	217.25	438.01	11.97	5.37	100	đường
5	2	135	0	1	1	230.45	438.01	7.52	5.37	100	ruột
3	2	136	0	0	0	388.850000	431.961230	7.180800	5.372400	-1	###FLOW###
4	2	136	0	0	0	388.850000	431.961230	7.180800	5.372400	-1	###LINE###
5	2	136	0	0	0	388.85	431.96	7.18	5.37	100	A05
3	2	137	0	0	0	490.050000	431.961230	9.380800	5.372400	-1	###FLOW###
4	2	137	0	0	0	490.050000	431.961230	9.380800	5.372400	-1	###LINE###
5	2	137	0	0	0	490.05	431.96	9.38	5.37	100	A051
3	2	138	0	0	0	509.850000	431.961230	15.615600	5.372400	-1	###FLOW###
4	2	138	0	0	0	509.850000	431.961230	15.615600	5.372400	-1	###LINE###
5	2	138	0	0	0	509.85	431.96	15.62	5.37	100	Botulism
3	2	139	0	0	0	19.250000	462.761230	4.430800	5.372400	-1	###FLOW###
4	2	139	0	0	0	19.250000	462.761230	4.430800	5.372400	-1	###LINE###
5	2	139	0	0	0	19.25	462.76	4.43	5.37	100	38
3	2	140	0	0	0	32.450000	462.761230	1.108800	5.372400	-1	###FLOW###
4	2	140	0	0	0	32.450000	462.761230	1.108800	5.372400	-1	###LINE###
5	2	140	0	0	0	32.45	462.76	1.11	5.37	100	I
3	2	141	0	0	0	51.700000	462.761230	57.860000	11.422400	-1	###FLOW###
4	2	141	0	0	0	51.700000	462.761230	57.860000	5.372400	-1	###LINE###
5	2	141	0	0	0	51.70	462.76	14.88	5.37	100	A00-B99
5	2	141	0	0	1	70.40	462.76	13.31	5.37	100	Certain
5	2	141	0	0	2	84.70	462.76	17.12	5.37	100	infectious
5	2	141	0	0	3	102.85	462.76	6.71	5.37	100	and
4	2	141	0	1	0	70.400000	468.811230	31.420400	5.372400	-1	###LINE###
5	2	141	0	1	0	70.40	468.81	15.61	5.37	100	parasitic
5	2	141	0	1	1	86.90	468.81	14.92	5.37	100	diseases
3	2	142	0	0	0	115.500000	462.761230	96.320400	11.422400	-1	###FLOW###
4	2	142	0	0	0	115.500000	462.761230	96.320400	5.372400	-1	###LINE###
5	2	142	0	0	0	115.50	462.76	8.91	5.37	100	Bệnh
5	2	142	0	0	1	125.40	462.76	12.21	5.37	100	truyền
5	2	142	0	0	2	138.60	462.76	11.22	5.37	100	nhiễm
5	2	142	0	0	3	150.70	462.76	4.31	5.37	100	và
5	2	142	0	0	4	157.85	462.76	15.43	5.37	100	A00-A09
5	2	142	0	0	5	176.55	462.76	16.96	5.37	100	Intestinal
5	2	142	0	0	6	194.70	462.76	17.12	5.37	100	infectious
4	2	142	0	1	0	115.500000	468.811230	23.522400	5.372400	-1	###LINE###
5	2	142	0	1	0	115.50	468.81	4.19	5.37	100	ký
5	2	142	0	1	1	121.00	468.81	7.26	5.37	100	sinh
5	2	142	0	1	2	129.25	468.81	9.77	5.37	100	trùng
4	2	142	0	2	0	176.550000	468.811230	14.920400	5.372400	-1	###LINE###
5	2	142	0	2	0	176.55	468.81	14.92	5.37	100	diseases
3	2	143	0	0	0	217.250000	462.761230	34.315600	11.422400	-1	###FLOW###
4	2	143	0	0	0	217.250000	462.761230	34.315600	5.372400	-1	###LINE###
5	2	143	0	0	0	217.25	462.76	8.91	5.37	100	Bệnh
5	2	143	0	0	1	227.15	462.76	12.21	5.37	100	truyền
5	2	143	0	0	2	240.35	462.76	11.22	5.37	100	nhiễm
4	2	143	0	1	0	217.250000	468.811230	20.724000	5.372400	-1	###LINE###
5	2	143	0	1	0	217.25	468.81	11.97	5.37	100	đường
5	2	143	0	1	1	230.45	468.81	7.52	5.37	100	ruột
3	2	144	0	0	0	388.850000	462.761230	7.180800	5.372400	-1	###FLOW###
4	2	144	0	0	0	388.850000	462.761230	7.180800	5.372400	-1	###LINE###
5	2	144	0	0	0	388.85	462.76	7.18	5.37	100	A05
3	2	145	0	0	0	441.650000	401.161230	41.830800	91.172400	-1	###FLOW###
4	2	145	0	0	0	441.650000	401.161230	23.861200	5.372400	-1	###LINE###
5	2	145	0	0	0	441.65	401.16	7.27	5.37	100	Ngộ
5	2	145	0	0	1	449.90	401.16	6.26	5.37	100	độc
5	2	145	0	0	2	457.05	401.16	8.46	5.37	100	thực
4	2	145	0	1	0	473.000000	401.161230	10.480800	5.372400	-1	###LINE###
5	2	145	0	1	0	473.00	401.16	10.48	5.37	100	A05.0
4	2	145	0	2	0	441.650000	407.211230	19.707600	5.372400	-1	###LINE###
5	2	145	0	2	0	441.65	407.21	10.12	5.37	100	phẩm
5	2	145	0	2	1	452.65	407.21	4.52	5.37	100	do
5	2	145	0	2	2	458.15	407.21	3.21	5.37	100	vi
4	2	145	0	3	0	441.650000	413.261230	21.450000	5.372400	-1	###LINE###
5	2	145	0	3	0	441.65	413.26	11.11	5.37	100	khuẩn
5	2	145	0	3	1	453.75	413.26	9.35	5.37	100	khác,
4	2	145	0	4	0	441.650000	419.311230	28.507600	5.372400	-1	###LINE###
5	2	145	0	4	0	441.65	419.31	10.87	5.37	100	không
5	2	145	0	4	1	453.75	419.31	8.91	5.37	100	phân
5	2	145	0	4	2	463.65	419.31	6.51	5.37	100	loại
4	2	145	0	5	0	441.650000	425.361230	16.711200	5.372400	-1	###LINE###
5	2	145	0	5	0	441.65	425.36	7.36	5.37	100	mục
5	2	145	0	5	1	449.90	425.36	8.46	5.37	100	khác
4	2	145	0	6	0	441.650000	431.961230	23.861200	5.372400	-1	###LINE###
5	2	145	0	6	0	441.65	431.96	7.27	5.37	100	Ngộ
5	2	145	0	6	1	449.90	431.96	6.26	5.37	100	độc
5	2	145	0	6	2	457.05	431.96	8.46	5.37	100	thực
4	2	145	0	7	0	473.000000	431.961230	10.480800	5.372400	-1	###LINE###
5	2	145	0	7	0	473.00	431.96	10.48	5.37	100	A05.1
4	2	145	0	8	0	441.650000	438.011230	19.707600	5.372400	-1	###LINE###
5	2	145	0	8	0	441.65	438.01	10.12	5.37	100	phẩm
5	2	145	0	8	1	452.65	438.01	4.52	5.37	100	do
5	2	145	0	8	2	458.15	438.01	3.21	5.37	100	vi
4	2	145	0	9	0	441.650000	444.061230	21.450000	5.372400	-1	###LINE###
5	2	145	0	9	0	441.65	444.06	11.11	5.37	100	khuẩn
5	2	145	0	9	1	453.75	444.06	9.35	5.37	100	khác,
4	2	145	0	10	0	441.650000	450.111230	28.507600	5.372400	-1	###LINE###
5	2	145	0	10	0	441.65	450.11	10.87	5.37	100	không
5	2	145	0	10	1	453.75	450.11	8.91	5.37	100	phân
5	2	145	0	10	2	463.65	450.11	6.51	5.37	100	loại
4	2	145	0	11	0	441.650000	456.161230	16.711200	5.372400	-1	###LINE###
5	2	145	0	11	0	441.65	456.16	7.36	5.37	100	mục
5	2	145	0	11	1	449.90	456.16	8.46	5.37	100	khác
4	2	145	0	12	0	441.650000	462.761230	23.861200	5.372400	-1	###LINE###
5	2	145	0	12	0	441.65	462.76	7.27	5.37	100	Ngộ
5	2	145	0	12	1	449.90	462.76	6.26	5.37	100	độc
5	2	145	0	12	2	457.05	462.76	8.46	5.37	100	thực
4	2	145	0	13	0	473.000000	462.761230	10.480800	5.372400	-1	###LINE###
5	2	145	0	13	0	473.00	462.76	10.48	5.37	100	A05.2
4	2	145	0	14	0	441.650000	468.811230	19.707600	5.372400	-1	###LINE###
5	2	145	0	14	0	441.65	468.81	10.12	5.37	100	phẩm
5	2	145	0	14	1	452.65	468.81	4.52	5.37	100	do
5	2	145	0	14	2	458.15	468.81	3.21	5.37	100	vi
4	2	145	0	15	0	441.650000	474.861230	21.450000	5.372400	-1	###LINE###
5	2	145	0	15	0	441.65	474.86	11.11	5.37	100	khuẩn
5	2	145	0	15	1	453.75	474.86	9.35	5.37	100	khác,
4	2	145	0	16	0	441.650000	480.911230	28.507600	5.372400	-1	###LINE###
5	2	145	0	16	0	441.65	480.91	10.87	5.37	100	không
5	2	145	0	16	1	453.75	480.91	8.91	5.37	100	phân
5	2	145	0	16	2	463.65	480.91	6.51	5.37	100	loại
4	2	145	0	17	0	441.650000	486.961230	16.711200	5.372400	-1	###LINE###
5	2	145	0	17	0	441.65	486.96	7.36	5.37	100	mục
5	2	145	0	17	1	449.90	486.96	8.46	5.37	100	khác
3	2	146	0	0	0	490.050000	401.161230	9.380800	5.372400	-1	###FLOW###
4	2	146	0	0	0	490.050000	401.161230	9.380800	5.372400	-1	###LINE###
5	2	146	0	0	0	490.05	401.16	9.38	5.37	100	A050
3	2	147	0	0	0	19.250000	431.961230	4.430800	5.372400	-1	###FLOW###
4	2	147	0	0	0	19.250000	431.961230	4.430800	5.372400	-1	###LINE###
5	2	147	0	0	0	19.25	431.96	4.43	5.37	100	37
3	2	148	0	0	0	405.350000	401.161230	30.624000	91.172400	-1	###FLOW###
4	2	148	0	0	0	405.350000	401.161230	27.407600	5.372400	-1	###LINE###
5	2	148	0	0	0	405.35	401.16	10.34	5.37	100	Other
5	2	148	0	0	1	416.90	401.16	15.86	5.37	100	bacterial
4	2	148	0	1	0	405.350000	407.211230	18.141200	5.372400	-1	###LINE###
5	2	148	0	1	0	405.35	407.21	18.14	5.37	100	foodborne
4	2	148	0	2	0	405.350000	413.261230	30.624000	5.372400	-1	###LINE###
5	2	148	0	2	0	405.35	413.26	23.65	5.37	100	intoxications,
5	2	148	0	2	1	430.10	413.26	5.87	5.37	100	not
4	2	148	0	3	0	405.350000	419.311230	18.691200	5.372400	-1	###LINE###
5	2	148	0	3	0	405.35	419.31	18.69	5.37	100	elsewhere
4	2	148	0	4	0	405.350000	425.361230	16.060000	5.372400	-1	###LINE###
5	2	148	0	4	0	405.35	425.36	16.06	5.37	100	classified
4	2	148	0	5	0	405.350000	431.961230	27.407600	5.372400	-1	###LINE###
5	2	148	0	5	0	405.35	431.96	10.34	5.37	100	Other
5	2	148	0	5	1	416.90	431.96	15.86	5.37	100	bacterial
4	2	148	0	6	0	405.350000	438.011230	18.141200	5.372400	-1	###LINE###
5	2	148	0	6	0	405.35	438.01	18.14	5.37	100	foodborne
4	2	148	0	7	0	405.350000	444.061230	30.624000	5.372400	-1	###LINE###
5	2	148	0	7	0	405.35	444.06	23.65	5.37	100	intoxications,
5	2	148	0	7	1	430.10	444.06	5.87	5.37	100	not
4	2	148	0	8	0	405.350000	450.111230	18.691200	5.372400	-1	###LINE###
5	2	148	0	8	0	405.35	450.11	18.69	5.37	100	elsewhere
4	2	148	0	9	0	405.350000	456.161230	16.060000	5.372400	-1	###LINE###
5	2	148	0	9	0	405.35	456.16	16.06	5.37	100	classified
4	2	148	0	10	0	405.350000	462.761230	27.407600	5.372400	-1	###LINE###
5	2	148	0	10	0	405.35	462.76	10.34	5.37	100	Other
5	2	148	0	10	1	416.90	462.76	15.86	5.37	100	bacterial
4	2	148	0	11	0	405.350000	468.811230	18.141200	5.372400	-1	###LINE###
5	2	148	0	11	0	405.35	468.81	18.14	5.37	100	foodborne
4	2	148	0	12	0	405.350000	474.861230	30.624000	5.372400	-1	###LINE###
5	2	148	0	12	0	405.35	474.86	23.65	5.37	100	intoxications,
5	2	148	0	12	1	430.10	474.86	5.87	5.37	100	not
4	2	148	0	13	0	405.350000	480.911230	18.691200	5.372400	-1	###LINE###
5	2	148	0	13	0	405.35	480.91	18.69	5.37	100	elsewhere
4	2	148	0	14	0	405.350000	486.961230	16.060000	5.372400	-1	###LINE###
5	2	148	0	14	0	405.35	486.96	16.06	5.37	100	classified
3	2	149	0	0	0	490.050000	462.761230	9.380800	5.372400	-1	###FLOW###
4	2	149	0	0	0	490.050000	462.761230	9.380800	5.372400	-1	###LINE###
5	2	149	0	0	0	490.05	462.76	9.38	5.37	100	A052
3	2	150	0	0	0	509.850000	462.761230	74.320400	29.572400	-1	###FLOW###
4	2	150	0	0	0	509.850000	462.761230	19.241200	5.372400	-1	###LINE###
5	2	150	0	0	0	509.85	462.76	19.24	5.37	100	Foodborne
4	2	150	0	1	0	547.250000	462.761230	36.920400	5.372400	-1	###LINE###
5	2	150	0	1	0	547.25	462.76	15.47	5.37	100	Enteritis
5	2	150	0	1	1	563.75	462.76	20.42	5.37	100	necroticans
4	2	150	0	2	0	509.850000	468.811230	20.565600	5.372400	-1	###LINE###
5	2	150	0	2	0	509.85	468.81	20.57	5.37	100	Clostridium
4	2	150	0	3	0	547.250000	468.811230	12.007600	5.372400	-1	###LINE###
5	2	150	0	3	0	547.25	468.81	12.01	5.37	100	Pig-bel
4	2	150	0	4	0	509.850000	474.861230	20.420400	5.372400	-1	###LINE###
5	2	150	0	4	0	509.85	474.86	20.42	5.37	100	perfringens
4	2	150	0	5	0	509.850000	480.911230	21.665600	5.372400	-1	###LINE###
5	2	150	0	5	0	509.85	480.91	21.67	5.37	100	[Clostridium
4	2	150	0	6	0	509.850000	486.961230	35.860000	5.372400	-1	###LINE###
5	2	150	0	6	0	509.85	486.96	14.00	5.37	100	welchii]
5	2	150	0	6	1	524.70	486.96	21.01	5.37	100	intoxication
3	2	151	0	0	0	591.250000	462.761230	41.870400	17.472400	-1	###FLOW###
4	2	151	0	0	0	591.250000	462.761230	40.268800	5.372400	-1	###LINE###
5	2	151	0	0	0	591.25	462.76	7.27	5.37	100	Ngộ
5	2	151	0	0	1	599.50	462.76	6.26	5.37	100	độc
5	2	151	0	0	2	606.65	462.76	8.46	5.37	100	thực
5	2	151	0	0	3	616.00	462.76	10.12	5.37	100	phẩm
5	2	151	0	0	4	627.00	462.76	4.52	5.37	100	do
4	2	151	0	1	0	591.250000	468.811230	41.870400	5.372400	-1	###LINE###
5	2	151	0	1	0	591.25	468.81	20.57	5.37	100	Clostridium
5	2	151	0	1	1	612.70	468.81	20.42	5.37	100	perfringens
4	2	151	0	2	0	591.250000	474.861230	36.550800	5.372400	-1	###LINE###
5	2	151	0	2	0	591.25	474.86	21.67	5.37	100	[Clostridium
5	2	151	0	2	1	613.80	474.86	14.00	5.37	100	welchii]
3	2	152	0	0	0	19.250000	499.611230	4.430800	5.372400	-1	###FLOW###
4	2	152	0	0	0	19.250000	499.611230	4.430800	5.372400	-1	###LINE###
5	2	152	0	0	0	19.25	499.61	4.43	5.37	100	39
3	2	153	0	0	0	32.450000	499.611230	1.108800	5.372400	-1	###FLOW###
4	2	153	0	0	0	32.450000	499.611230	1.108800	5.372400	-1	###LINE###
5	2	153	0	0	0	32.45	499.61	1.11	5.37	100	I
3	2	154	0	0	0	51.700000	499.611230	57.860000	11.422400	-1	###FLOW###
4	2	154	0	0	0	51.700000	499.611230	57.860000	5.372400	-1	###LINE###
5	2	154	0	0	0	51.70	499.61	14.88	5.37	100	A00-B99
5	2	154	0	0	1	70.40	499.61	13.31	5.37	100	Certain
5	2	154	0	0	2	84.70	499.61	17.12	5.37	100	infectious
5	2	154	0	0	3	102.85	499.61	6.71	5.37	100	and
4	2	154	0	1	0	70.400000	505.661230	31.420400	5.372400	-1	###LINE###
5	2	154	0	1	0	70.40	505.66	15.61	5.37	100	parasitic
5	2	154	0	1	1	86.90	505.66	14.92	5.37	100	diseases
3	2	155	0	0	0	115.500000	499.611230	96.320400	11.422400	-1	###FLOW###
4	2	155	0	0	0	115.500000	499.611230	96.320400	5.372400	-1	###LINE###
5	2	155	0	0	0	115.50	499.61	8.91	5.37	100	Bệnh
5	2	155	0	0	1	125.40	499.61	12.21	5.37	100	truyền
5	2	155	0	0	2	138.60	499.61	11.22	5.37	100	nhiễm
5	2	155	0	0	3	150.70	499.61	4.31	5.37	100	và
5	2	155	0	0	4	157.85	499.61	15.43	5.37	100	A00-A09
5	2	155	0	0	5	176.55	499.61	16.96	5.37	100	Intestinal
5	2	155	0	0	6	194.70	499.61	17.12	5.37	100	infectious
4	2	155	0	1	0	115.500000	505.661230	23.522400	5.372400	-1	###LINE###
5	2	155	0	1	0	115.50	505.66	4.19	5.37	100	ký
5	2	155	0	1	1	121.00	505.66	7.26	5.37	100	sinh
5	2	155	0	1	2	129.25	505.66	9.77	5.37	100	trùng
4	2	155	0	2	0	176.550000	505.661230	14.920400	5.372400	-1	###LINE###
5	2	155	0	2	0	176.55	505.66	14.92	5.37	100	diseases
3	2	156	0	0	0	217.250000	499.611230	34.315600	11.422400	-1	###FLOW###
4	2	156	0	0	0	217.250000	499.611230	34.315600	5.372400	-1	###LINE###
5	2	156	0	0	0	217.25	499.61	8.91	5.37	100	Bệnh
5	2	156	0	0	1	227.15	499.61	12.21	5.37	100	truyền
5	2	156	0	0	2	240.35	499.61	11.22	5.37	100	nhiễm
4	2	156	0	1	0	217.250000	505.661230	20.724000	5.372400	-1	###LINE###
5	2	156	0	1	0	217.25	505.66	11.97	5.37	100	đường
5	2	156	0	1	1	230.45	505.66	7.52	5.37	100	ruột
3	2	157	0	0	0	388.850000	499.611230	7.180800	5.372400	-1	###FLOW###
4	2	157	0	0	0	388.850000	499.611230	7.180800	5.372400	-1	###LINE###
5	2	157	0	0	0	388.85	499.61	7.18	5.37	100	A05
3	2	158	0	0	0	509.850000	499.611230	31.970400	17.472400	-1	###FLOW###
4	2	158	0	0	0	509.850000	499.611230	31.468800	5.372400	-1	###LINE###
5	2	158	0	0	0	509.85	499.61	19.24	5.37	100	Foodborne
5	2	158	0	0	1	530.20	499.61	11.12	5.37	100	Vibrio
4	2	158	0	1	0	509.850000	505.661230	31.970400	5.372400	-1	###LINE###
5	2	158	0	1	0	509.85	505.66	31.97	5.37	100	parahaemolyticus
4	2	158	0	2	0	509.850000	511.711230	21.010000	5.372400	-1	###LINE###
5	2	158	0	2	0	509.85	511.71	21.01	5.37	100	intoxication
3	2	159	0	0	0	591.250000	499.611230	44.070400	11.422400	-1	###FLOW###
4	2	159	0	0	0	591.250000	499.611230	40.268800	5.372400	-1	###LINE###
5	2	159	0	0	0	591.25	499.61	7.27	5.37	100	Ngộ
5	2	159	0	0	1	599.50	499.61	6.26	5.37	100	độc
5	2	159	0	0	2	606.65	499.61	8.46	5.37	100	thực
5	2	159	0	0	3	616.00	499.61	10.12	5.37	100	phẩm
5	2	159	0	0	4	627.00	499.61	4.52	5.37	100	do
4	2	159	0	1	0	591.250000	505.661230	44.070400	5.372400	-1	###LINE###
5	2	159	0	1	0	591.25	505.66	11.12	5.37	100	Vibrio
5	2	159	0	1	1	603.35	505.66	31.97	5.37	100	Parahaemolyticus
3	2	160	0	0	0	32.450000	530.411230	1.108800	5.372400	-1	###FLOW###
4	2	160	0	0	0	32.450000	530.411230	1.108800	5.372400	-1	###LINE###
5	2	160	0	0	0	32.45	530.41	1.11	5.37	100	I
3	2	161	0	0	0	51.700000	530.411230	57.860000	11.422400	-1	###FLOW###
4	2	161	0	0	0	51.700000	530.411230	57.860000	5.372400	-1	###LINE###
5	2	161	0	0	0	51.70	530.41	14.88	5.37	100	A00-B99
5	2	161	0	0	1	70.40	530.41	13.31	5.37	100	Certain
5	2	161	0	0	2	84.70	530.41	17.12	5.37	100	infectious
5	2	161	0	0	3	102.85	530.41	6.71	5.37	100	and
4	2	161	0	1	0	70.400000	536.461230	31.420400	5.372400	-1	###LINE###
5	2	161	0	1	0	70.40	536.46	15.61	5.37	100	parasitic
5	2	161	0	1	1	86.90	536.46	14.92	5.37	100	diseases
3	2	162	0	0	0	115.500000	530.411230	96.320400	11.422400	-1	###FLOW###
4	2	162	0	0	0	115.500000	530.411230	96.320400	5.372400	-1	###LINE###
5	2	162	0	0	0	115.50	530.41	8.91	5.37	100	Bệnh
5	2	162	0	0	1	125.40	530.41	12.21	5.37	100	truyền
5	2	162	0	0	2	138.60	530.41	11.22	5.37	100	nhiễm
5	2	162	0	0	3	150.70	530.41	4.31	5.37	100	và
5	2	162	0	0	4	157.85	530.41	15.43	5.37	100	A00-A09
5	2	162	0	0	5	176.55	530.41	16.96	5.37	100	Intestinal
5	2	162	0	0	6	194.70	530.41	17.12	5.37	100	infectious
4	2	162	0	1	0	115.500000	536.461230	23.522400	5.372400	-1	###LINE###
5	2	162	0	1	0	115.50	536.46	4.19	5.37	100	ký
5	2	162	0	1	1	121.00	536.46	7.26	5.37	100	sinh
5	2	162	0	1	2	129.25	536.46	9.77	5.37	100	trùng
4	2	162	0	2	0	176.550000	536.461230	14.920400	5.372400	-1	###LINE###
5	2	162	0	2	0	176.55	536.46	14.92	5.37	100	diseases
3	2	163	0	0	0	217.250000	530.411230	34.315600	11.422400	-1	###FLOW###
4	2	163	0	0	0	217.250000	530.411230	34.315600	5.372400	-1	###LINE###
5	2	163	0	0	0	217.25	530.41	8.91	5.37	100	Bệnh
5	2	163	0	0	1	227.15	530.41	12.21	5.37	100	truyền
5	2	163	0	0	2	240.35	530.41	11.22	5.37	100	nhiễm
4	2	163	0	1	0	217.250000	536.461230	20.724000	5.372400	-1	###LINE###
5	2	163	0	1	0	217.25	536.46	11.97	5.37	100	đường
5	2	163	0	1	1	230.45	536.46	7.52	5.37	100	ruột
3	2	164	0	0	0	388.850000	530.411230	7.180800	5.372400	-1	###FLOW###
4	2	164	0	0	0	388.850000	530.411230	7.180800	5.372400	-1	###LINE###
5	2	164	0	0	0	388.85	530.41	7.18	5.37	100	A05
3	2	165	0	0	0	441.650000	499.611230	41.830800	60.372400	-1	###FLOW###
4	2	165	0	0	0	441.650000	499.611230	23.861200	5.372400	-1	###LINE###
5	2	165	0	0	0	441.65	499.61	7.27	5.37	100	Ngộ
5	2	165	0	0	1	449.90	499.61	6.26	5.37	100	độc
5	2	165	0	0	2	457.05	499.61	8.46	5.37	100	thực
4	2	165	0	1	0	473.000000	499.611230	10.480800	5.372400	-1	###LINE###
5	2	165	0	1	0	473.00	499.61	10.48	5.37	100	A05.3
4	2	165	0	2	0	441.650000	505.661230	19.707600	5.372400	-1	###LINE###
5	2	165	0	2	0	441.65	505.66	10.12	5.37	100	phẩm
5	2	165	0	2	1	452.65	505.66	4.52	5.37	100	do
5	2	165	0	2	2	458.15	505.66	3.21	5.37	100	vi
4	2	165	0	3	0	441.650000	511.711230	21.450000	5.372400	-1	###LINE###
5	2	165	0	3	0	441.65	511.71	11.11	5.37	100	khuẩn
5	2	165	0	3	1	453.75	511.71	9.35	5.37	100	khác,
4	2	165	0	4	0	441.650000	517.761230	28.507600	5.372400	-1	###LINE###
5	2	165	0	4	0	441.65	517.76	10.87	5.37	100	không
5	2	165	0	4	1	453.75	517.76	8.91	5.37	100	phân
5	2	165	0	4	2	463.65	517.76	6.51	5.37	100	loại
4	2	165	0	5	0	441.650000	523.811230	16.711200	5.372400	-1	###LINE###
5	2	165	0	5	0	441.65	523.81	7.36	5.37	100	mục
5	2	165	0	5	1	449.90	523.81	8.46	5.37	100	khác
4	2	165	0	6	0	441.650000	530.411230	23.861200	5.372400	-1	###LINE###
5	2	165	0	6	0	441.65	530.41	7.27	5.37	100	Ngộ
5	2	165	0	6	1	449.90	530.41	6.26	5.37	100	độc
5	2	165	0	6	2	457.05	530.41	8.46	5.37	100	thực
4	2	165	0	7	0	473.000000	530.411230	10.480800	5.372400	-1	###LINE###
5	2	165	0	7	0	473.00	530.41	10.48	5.37	100	A05.4
4	2	165	0	8	0	441.650000	536.461230	19.707600	5.372400	-1	###LINE###
5	2	165	0	8	0	441.65	536.46	10.12	5.37	100	phẩm
5	2	165	0	8	1	452.65	536.46	4.52	5.37	100	do
5	2	165	0	8	2	458.15	536.46	3.21	5.37	100	vi
4	2	165	0	9	0	441.650000	542.511230	21.450000	5.372400	-1	###LINE###
5	2	165	0	9	0	441.65	542.51	11.11	5.37	100	khuẩn
5	2	165	0	9	1	453.75	542.51	9.35	5.37	100	khác,
4	2	165	0	10	0	441.650000	548.561230	28.507600	5.372400	-1	###LINE###
5	2	165	0	10	0	441.65	548.56	10.87	5.37	100	không
5	2	165	0	10	1	453.75	548.56	8.91	5.37	100	phân
5	2	165	0	10	2	463.65	548.56	6.51	5.37	100	loại
4	2	165	0	11	0	441.650000	554.611230	16.711200	5.372400	-1	###LINE###
5	2	165	0	11	0	441.65	554.61	7.36	5.37	100	mục
5	2	165	0	11	1	449.90	554.61	8.46	5.37	100	khác
3	2	166	0	0	0	490.050000	499.611230	9.380800	5.372400	-1	###FLOW###
4	2	166	0	0	0	490.050000	499.611230	9.380800	5.372400	-1	###LINE###
5	2	166	0	0	0	490.05	499.61	9.38	5.37	100	A053
3	2	167	0	0	0	19.250000	530.411230	4.430800	5.372400	-1	###FLOW###
4	2	167	0	0	0	19.250000	530.411230	4.430800	5.372400	-1	###LINE###
5	2	167	0	0	0	19.25	530.41	4.43	5.37	100	40
3	2	168	0	0	0	405.350000	499.611230	30.624000	60.372400	-1	###FLOW###
4	2	168	0	0	0	405.350000	499.611230	27.407600	5.372400	-1	###LINE###
5	2	168	0	0	0	405.35	499.61	10.34	5.37	100	Other
5	2	168	0	0	1	416.90	499.61	15.86	5.37	100	bacterial
4	2	168	0	1	0	405.350000	505.661230	18.141200	5.372400	-1	###LINE###
5	2	168	0	1	0	405.35	505.66	18.14	5.37	100	foodborne
4	2	168	0	2	0	405.350000	511.711230	30.624000	5.372400	-1	###LINE###
5	2	168	0	2	0	405.35	511.71	23.65	5.37	100	intoxications,
5	2	168	0	2	1	430.10	511.71	5.87	5.37	100	not
4	2	168	0	3	0	405.350000	517.761230	18.691200	5.372400	-1	###LINE###
5	2	168	0	3	0	405.35	517.76	18.69	5.37	100	elsewhere
4	2	168	0	4	0	405.350000	523.811230	16.060000	5.372400	-1	###LINE###
5	2	168	0	4	0	405.35	523.81	16.06	5.37	100	classified
4	2	168	0	5	0	405.350000	530.411230	27.407600	5.372400	-1	###LINE###
5	2	168	0	5	0	405.35	530.41	10.34	5.37	100	Other
5	2	168	0	5	1	416.90	530.41	15.86	5.37	100	bacterial
4	2	168	0	6	0	405.350000	536.461230	18.141200	5.372400	-1	###LINE###
5	2	168	0	6	0	405.35	536.46	18.14	5.37	100	foodborne
4	2	168	0	7	0	405.350000	542.511230	30.624000	5.372400	-1	###LINE###
5	2	168	0	7	0	405.35	542.51	23.65	5.37	100	intoxications,
5	2	168	0	7	1	430.10	542.51	5.87	5.37	100	not
4	2	168	0	8	0	405.350000	548.561230	18.691200	5.372400	-1	###LINE###
5	2	168	0	8	0	405.35	548.56	18.69	5.37	100	elsewhere
4	2	168	0	9	0	405.350000	554.611230	16.060000	5.372400	-1	###LINE###
5	2	168	0	9	0	405.35	554.61	16.06	5.37	100	classified
3	2	169	0	0	0	490.050000	530.411230	9.380800	5.372400	-1	###FLOW###
4	2	169	0	0	0	490.050000	530.411230	9.380800	5.372400	-1	###LINE###
5	2	169	0	0	0	490.05	530.41	9.38	5.37	100	A054
3	2	170	0	0	0	509.850000	530.411230	33.660000	11.422400	-1	###FLOW###
4	2	170	0	0	0	509.850000	530.411230	33.620400	5.372400	-1	###LINE###
5	2	170	0	0	0	509.85	530.41	19.24	5.37	100	Foodborne
5	2	170	0	0	1	530.20	530.41	13.27	5.37	100	Bacillus
4	2	170	0	1	0	509.850000	536.461230	33.660000	5.372400	-1	###LINE###
5	2	170	0	1	0	509.85	536.46	11.62	5.37	100	cereus
5	2	170	0	1	1	522.50	536.46	21.01	5.37	100	intoxication
3	2	171	0	0	0	591.250000	530.411230	40.268800	11.422400	-1	###FLOW###
4	2	171	0	0	0	591.250000	530.411230	40.268800	5.372400	-1	###LINE###
5	2	171	0	0	0	591.25	530.41	7.27	5.37	100	Ngộ
5	2	171	0	0	1	599.50	530.41	6.26	5.37	100	độc
5	2	171	0	0	2	606.65	530.41	8.46	5.37	100	thực
5	2	171	0	0	3	616.00	530.41	10.12	5.37	100	phẩm
5	2	171	0	0	4	627.00	530.41	4.52	5.37	100	do
4	2	171	0	1	0	591.250000	536.461230	25.920400	5.372400	-1	###LINE###
5	2	171	0	1	0	591.25	536.46	13.27	5.37	100	Bacillus
5	2	171	0	1	1	605.55	536.46	11.62	5.37	100	cereus
3	2	172	0	0	0	547.250000	199.311230	36.207600	11.422400	-1	###FLOW###
4	2	172	0	0	0	547.250000	199.311230	36.207600	5.372400	-1	###LINE###
5	2	172	0	0	0	547.25	199.31	8.88	5.37	100	Excl.:
5	2	172	0	0	1	557.15	199.31	26.31	5.37	100	extraintestinal
4	2	172	0	1	0	547.250000	205.361230	32.683200	5.372400	-1	###LINE###
5	2	172	0	1	0	547.25	205.36	18.77	5.37	100	yersiniosis
5	2	172	0	1	1	567.05	205.36	12.88	5.37	100	(A28.2)
3	2	173	0	0	0	591.250000	35.411230	83.507600	53.772400	-1	###FLOW###
4	2	173	0	0	0	591.250000	35.411230	72.811200	5.372400	-1	###LINE###
5	2	173	0	0	0	591.25	35.41	8.91	5.37	100	Bệnh
5	2	173	0	0	1	601.15	35.41	3.09	5.37	100	lỵ
5	2	173	0	0	2	605.55	35.41	7.91	5.37	100	trực
5	2	173	0	0	3	614.35	35.41	12.10	5.37	100	khuẩn,
5	2	173	0	0	4	627.55	35.41	10.87	5.37	100	không
5	2	173	0	0	5	641.85	35.41	8.91	5.37	100	Bệnh
5	2	173	0	0	6	651.75	35.41	3.09	5.37	100	lỵ
5	2	173	0	0	7	656.15	35.41	7.91	5.37	100	trực
4	2	173	0	1	0	591.250000	41.461230	14.410000	5.372400	-1	###LINE###
5	2	173	0	1	0	591.25	41.46	5.71	5.37	100	xác
5	2	173	0	1	1	597.85	41.46	7.81	5.37	100	định
4	2	173	0	2	0	641.850000	41.461230	27.491200	5.372400	-1	###LINE###
5	2	173	0	2	0	641.85	41.46	11.11	5.37	100	khuẩn
5	2	173	0	2	1	653.95	41.46	7.81	5.37	100	hình
5	2	173	0	2	2	662.75	41.46	6.59	5.37	100	que
4	2	173	0	3	0	641.850000	47.511230	26.510000	5.372400	-1	###LINE###
5	2	173	0	3	0	641.85	47.51	10.87	5.37	100	không
5	2	173	0	3	1	653.95	47.51	5.71	5.37	100	xác
5	2	173	0	3	2	660.55	47.51	7.81	5.37	100	định
4	2	173	0	4	0	591.250000	53.561230	66.079200	5.372400	-1	###LINE###
5	2	173	0	4	0	591.25	53.56	11.77	5.37	100	Nhiễm
5	2	173	0	4	1	603.90	53.56	9.77	5.37	100	trùng
5	2	173	0	4	2	614.90	53.56	11.97	5.37	100	đường
5	2	173	0	4	3	628.10	53.56	7.52	5.37	100	ruột
5	2	173	0	4	4	641.85	53.56	7.06	5.37	100	Loại
5	2	173	0	4	5	650.10	53.56	7.23	5.37	100	trừ:
4	2	173	0	5	0	591.250000	59.611230	30.461200	5.372400	-1	###LINE###
5	2	173	0	5	0	591.25	59.61	4.52	5.37	100	do
5	2	173	0	5	1	596.75	59.61	3.21	5.37	100	vi
5	2	173	0	5	2	601.15	59.61	11.11	5.37	100	khuẩn
5	2	173	0	5	3	613.25	59.61	8.46	5.37	100	khác
4	2	173	0	6	0	641.850000	59.611230	29.911200	5.372400	-1	###LINE###
5	2	173	0	6	0	641.85	59.61	1.35	5.37	100	-
5	2	173	0	6	1	644.05	59.61	11.22	5.37	100	nhiễm
5	2	173	0	6	2	656.15	59.61	6.26	5.37	100	độc
5	2	173	0	6	3	663.30	59.61	8.46	5.37	100	thực
4	2	173	0	7	0	641.850000	65.661230	32.907600	5.372400	-1	###LINE###
5	2	173	0	7	0	641.85	65.66	10.12	5.37	100	phẩm
5	2	173	0	7	1	652.85	65.66	4.31	5.37	100	đã
5	2	173	0	7	2	658.35	65.66	8.91	5.37	100	phân
5	2	173	0	7	3	668.25	65.66	6.51	5.37	100	loại
4	2	173	0	8	0	641.850000	71.711230	16.711200	5.372400	-1	###LINE###
5	2	173	0	8	0	641.85	71.71	7.36	5.37	100	mục
5	2	173	0	8	1	650.10	71.71	8.46	5.37	100	khác
4	2	173	0	9	0	641.850000	77.761230	25.418800	5.372400	-1	###LINE###
5	2	173	0	9	0	641.85	77.76	1.35	5.37	100	-
5	2	173	0	9	1	644.05	77.76	9.02	5.37	100	viêm
5	2	173	0	9	2	653.95	77.76	7.52	5.37	100	ruột
5	2	173	0	9	3	662.75	77.76	4.52	5.37	100	do
4	2	173	0	10	0	641.850000	83.811230	29.383200	5.372400	-1	###LINE###
5	2	173	0	10	0	641.85	83.81	8.91	5.37	100	bệnh
5	2	173	0	10	1	651.75	83.81	5.62	5.37	100	lao
5	2	173	0	10	2	658.35	83.81	12.88	5.37	100	(A18.3)
3	2	174	0	0	0	727.650000	53.561230	7.180800	5.372400	-1	###FLOW###
4	2	174	0	0	0	727.650000	53.561230	7.180800	5.372400	-1	###LINE###
5	2	174	0	0	0	727.65	53.56	7.18	5.37	100	A04
3	2	175	0	0	0	591.250000	108.561230	46.983200	11.422400	-1	###FLOW###
4	2	175	0	0	0	591.250000	108.561230	44.457600	5.372400	-1	###LINE###
5	2	175	0	0	0	591.25	108.56	11.77	5.37	100	Nhiễm
5	2	175	0	0	1	603.90	108.56	11.11	5.37	100	khuẩn
5	2	175	0	0	2	616.00	108.56	19.71	5.37	100	Escherichia
4	2	175	0	1	0	591.250000	114.611230	46.983200	5.372400	-1	###LINE###
5	2	175	0	1	0	591.25	114.61	5.96	5.37	100	coli
5	2	175	0	1	1	598.40	114.61	6.39	5.37	100	gây
5	2	175	0	1	2	606.10	114.61	6.26	5.37	100	độc
5	2	175	0	1	3	613.25	114.61	3.97	5.37	100	tố
5	2	175	0	1	4	618.20	114.61	7.52	5.37	100	ruột
5	2	175	0	1	5	627.00	114.61	11.23	5.37	100	(ETEC)
3	2	175	1	0	0	591.250000	126.711230	44.457600	11.422400	-1	###FLOW###
4	2	175	1	0	0	591.250000	126.711230	44.457600	5.372400	-1	###LINE###
5	2	175	1	0	0	591.25	126.71	11.77	5.37	100	Nhiễm
5	2	175	1	0	1	603.90	126.71	11.11	5.37	100	khuẩn
5	2	175	1	0	2	616.00	126.71	19.71	5.37	100	Escherichia
4	2	175	1	1	0	591.250000	132.761230	35.433200	5.372400	-1	###LINE###
5	2	175	1	1	0	591.25	132.76	5.96	5.37	100	coli
5	2	175	1	1	1	598.40	132.76	7.37	5.37	100	xâm
5	2	175	1	1	2	606.65	132.76	8.91	5.37	100	nhập
5	2	175	1	1	3	616.55	132.76	10.13	5.37	100	(EIEC)
3	2	175	2	0	0	591.250000	144.861230	77.457600	47.722400	-1	###FLOW###
4	2	175	2	0	0	591.250000	144.861230	44.457600	5.372400	-1	###LINE###
5	2	175	2	0	0	591.25	144.86	11.77	5.37	100	Nhiễm
5	2	175	2	0	1	603.90	144.86	11.11	5.37	100	khuẩn
5	2	175	2	0	2	616.00	144.86	19.71	5.37	100	Escherichia
4	2	175	2	1	0	591.250000	150.911230	47.172400	5.372400	-1	###LINE###
5	2	175	2	1	0	591.25	150.91	5.96	5.37	100	coli
5	2	175	2	1	1	598.40	150.91	6.39	5.37	100	gây
5	2	175	2	1	2	606.10	150.91	7.52	5.37	100	xuất
5	2	175	2	1	3	614.90	150.91	10.27	5.37	100	huyết
5	2	175	2	1	4	626.45	150.91	11.97	5.37	100	đường
4	2	175	2	2	0	591.250000	156.961230	20.583200	5.372400	-1	###LINE###
5	2	175	2	2	0	591.25	156.96	7.52	5.37	100	ruột
5	2	175	2	2	1	600.05	156.96	11.78	5.37	100	(EHEC)
4	2	175	2	3	0	591.250000	163.011230	74.368800	5.372400	-1	###LINE###
5	2	175	2	3	0	591.25	163.01	11.77	5.37	100	Nhiễm
5	2	175	2	3	1	603.90	163.01	11.11	5.37	100	khuẩn
5	2	175	2	3	2	616.00	163.01	19.71	5.37	100	Escherichia
5	2	175	2	3	3	641.85	163.01	9.57	5.37	100	Viêm
5	2	175	2	3	4	652.30	163.01	7.52	5.37	100	ruột
5	2	175	2	3	5	661.10	163.01	4.52	5.37	100	do
4	2	175	2	4	0	591.250000	169.061230	37.611200	5.372400	-1	###LINE###
5	2	175	2	4	0	591.25	169.06	5.96	5.37	100	coli
5	2	175	2	4	1	598.40	169.06	11.97	5.37	100	đường
5	2	175	2	4	2	611.60	169.06	7.52	5.37	100	ruột
5	2	175	2	4	3	620.40	169.06	8.46	5.37	100	khác
4	2	175	2	5	0	641.850000	169.061230	26.857600	5.372400	-1	###LINE###
5	2	175	2	5	0	641.85	169.06	19.71	5.37	100	Escherichia
5	2	175	2	5	1	662.75	169.06	5.96	5.37	100	coli
4	2	175	2	6	0	641.850000	175.111230	26.510000	5.372400	-1	###LINE###
5	2	175	2	6	0	641.85	175.11	10.87	5.37	100	không
5	2	175	2	6	1	653.95	175.11	5.71	5.37	100	xác
5	2	175	2	6	2	660.55	175.11	7.81	5.37	100	định
4	2	175	2	7	0	591.250000	181.161230	40.260000	5.372400	-1	###LINE###
5	2	175	2	7	0	591.25	181.16	9.57	5.37	100	Viêm
5	2	175	2	7	1	601.70	181.16	7.52	5.37	100	ruột
5	2	175	2	7	2	610.50	181.16	4.52	5.37	100	do
5	2	175	2	7	3	616.00	181.16	3.21	5.37	100	vi
5	2	175	2	7	4	620.40	181.16	11.11	5.37	100	khuẩn
4	2	175	2	8	0	591.250000	187.211230	26.835600	5.372400	-1	###LINE###
5	2	175	2	8	0	591.25	187.21	26.84	5.37	100	Campylobacter
3	2	176	0	0	0	547.250000	217.461230	84.260000	23.522400	-1	###FLOW###
4	2	176	0	0	0	547.250000	217.461230	84.260000	5.372400	-1	###LINE###
5	2	176	0	0	0	547.25	217.46	19.24	5.37	100	Foodborne
5	2	176	0	0	1	567.60	217.46	21.01	5.37	100	intoxication
5	2	176	0	0	2	591.25	217.46	9.57	5.37	100	Viêm
5	2	176	0	0	3	601.70	217.46	7.52	5.37	100	ruột
5	2	176	0	0	4	610.50	217.46	4.52	5.37	100	do
5	2	176	0	0	5	616.00	217.46	3.21	5.37	100	vi
5	2	176	0	0	6	620.40	217.46	11.11	5.37	100	khuẩn
4	2	176	0	1	0	547.250000	223.511230	78.091200	5.372400	-1	###LINE###
5	2	176	0	1	0	547.25	223.51	4.19	5.37	100	by
5	2	176	0	1	1	552.75	223.51	20.57	5.37	100	Clostridium
5	2	176	0	1	2	574.20	223.51	12.64	5.37	100	difficile
5	2	176	0	1	3	591.25	223.51	20.57	5.37	100	Clostridium
5	2	176	0	1	4	612.70	223.51	12.64	5.37	100	difficile
4	2	176	0	2	0	547.250000	229.561230	35.820400	5.372400	-1	###LINE###
5	2	176	0	2	0	547.25	229.56	35.82	5.37	100	Pseudomembranous
4	2	176	0	3	0	547.250000	235.611230	10.520400	5.372400	-1	###LINE###
5	2	176	0	3	0	547.25	235.61	10.52	5.37	100	colitis
3	2	177	0	0	0	641.850000	199.311230	34.091200	47.722400	-1	###FLOW###
4	2	177	0	0	0	641.850000	199.311230	29.915600	5.372400	-1	###LINE###
5	2	177	0	0	0	641.85	199.31	1.35	5.37	100	-
5	2	177	0	0	1	644.05	199.31	7.06	5.37	100	Loại
5	2	177	0	0	2	652.30	199.31	7.23	5.37	100	trừ:
5	2	177	0	0	3	660.55	199.31	11.22	5.37	100	nhiễm
4	2	177	0	1	0	641.850000	205.361230	25.207600	5.372400	-1	###LINE###
5	2	177	0	1	0	641.85	205.36	14.21	5.37	100	Yersinia
5	2	177	0	1	1	657.25	205.36	9.81	5.37	100	ngoài
4	2	177	0	2	0	641.850000	211.411230	21.683200	5.372400	-1	###LINE###
5	2	177	0	2	0	641.85	211.41	7.52	5.37	100	ruột
5	2	177	0	2	1	650.65	211.41	12.88	5.37	100	(A28.2)
4	2	177	0	3	0	641.850000	217.461230	30.461200	5.372400	-1	###LINE###
5	2	177	0	3	0	641.85	217.46	1.35	5.37	100	-
5	2	177	0	3	1	644.05	217.46	11.77	5.37	100	Nhiễm
5	2	177	0	3	2	656.70	217.46	6.26	5.37	100	độc
5	2	177	0	3	3	663.85	217.46	8.46	5.37	100	thực
4	2	177	0	4	0	641.850000	223.511230	15.518800	5.372400	-1	###LINE###
5	2	177	0	4	0	641.85	223.51	10.12	5.37	100	phẩm
5	2	177	0	4	1	652.85	223.51	4.52	5.37	100	do
4	2	177	0	5	0	641.850000	229.561230	34.091200	5.372400	-1	###LINE###
5	2	177	0	5	0	641.85	229.56	20.57	5.37	100	Clostridium
5	2	177	0	5	1	663.30	229.56	12.64	5.37	100	difficile
4	2	177	0	6	0	641.850000	235.611230	29.022400	5.372400	-1	###LINE###
5	2	177	0	6	0	641.85	235.61	1.35	5.37	100	-
5	2	177	0	6	1	644.05	235.61	9.57	5.37	100	Viêm
5	2	177	0	6	2	654.50	235.61	5.41	5.37	100	đại
5	2	177	0	6	3	661.10	235.61	9.77	5.37	100	tràng
4	2	177	0	7	0	641.850000	241.661230	13.961200	5.372400	-1	###LINE###
5	2	177	0	7	0	641.85	241.66	5.41	5.37	100	giả
5	2	177	0	7	1	648.45	241.66	7.36	5.37	100	mạc
3	2	178	0	0	0	591.250000	248.261230	45.861200	11.422400	-1	###FLOW###
4	2	178	0	0	0	591.250000	248.261230	44.374000	5.372400	-1	###LINE###
5	2	178	0	0	0	591.25	248.26	11.77	5.37	100	Nhiễm
5	2	178	0	0	1	603.90	248.26	9.77	5.37	100	trùng
5	2	178	0	0	2	614.90	248.26	11.97	5.37	100	đường
5	2	178	0	0	3	628.10	248.26	7.52	5.37	100	ruột
4	2	178	0	1	0	591.250000	254.311230	45.861200	5.372400	-1	###LINE###
5	2	178	0	1	0	591.25	254.31	4.52	5.37	100	do
5	2	178	0	1	1	596.75	254.31	3.21	5.37	100	vi
5	2	178	0	1	2	601.15	254.31	11.11	5.37	100	khuẩn
5	2	178	0	1	3	613.25	254.31	5.71	5.37	100	xác
5	2	178	0	1	4	619.85	254.31	7.81	5.37	100	định
5	2	178	0	1	5	628.65	254.31	8.46	5.37	100	khác
3	2	179	0	0	0	641.850000	272.461230	29.911200	17.472400	-1	###FLOW###
4	2	179	0	0	0	641.850000	272.461230	27.957600	5.372400	-1	###LINE###
5	2	179	0	0	0	641.85	272.46	9.57	5.37	100	Viêm
5	2	179	0	0	1	652.30	272.46	7.52	5.37	100	ruột
5	2	179	0	0	2	661.10	272.46	4.52	5.37	100	do
5	2	179	0	0	3	666.60	272.46	3.21	5.37	100	vi
4	2	179	0	1	0	641.850000	278.511230	29.911200	5.372400	-1	###LINE###
5	2	179	0	1	0	641.85	278.51	11.11	5.37	100	khuẩn
5	2	179	0	1	1	653.95	278.51	10.87	5.37	100	không
5	2	179	0	1	2	666.05	278.51	5.71	5.37	100	xác
4	2	179	0	2	0	641.850000	284.561230	17.261200	5.372400	-1	###LINE###
5	2	179	0	2	0	641.85	284.56	7.81	5.37	100	định
5	2	179	0	2	1	650.65	284.56	8.46	5.37	100	khác
3	2	180	0	0	0	591.250000	296.661230	84.361200	115.922400	-1	###FLOW###
4	2	180	0	0	0	641.850000	296.661230	29.915600	5.372400	-1	###LINE###
5	2	180	0	0	0	641.85	296.66	1.35	5.37	100	-
5	2	180	0	0	1	644.05	296.66	7.06	5.37	100	Loại
5	2	180	0	0	2	652.30	296.66	7.23	5.37	100	trừ:
5	2	180	0	0	3	660.55	296.66	11.22	5.37	100	nhiễm
4	2	180	0	1	0	641.850000	302.711230	25.511200	5.372400	-1	###LINE###
5	2	180	0	1	0	641.85	302.71	9.77	5.37	100	trùng
5	2	180	0	1	1	652.85	302.71	14.51	5.37	100	và/hoặc
4	2	180	0	2	0	641.850000	308.761230	27.711200	5.372400	-1	###LINE###
5	2	180	0	2	0	641.85	308.76	11.22	5.37	100	nhiễm
5	2	180	0	2	1	653.95	308.76	6.26	5.37	100	độc
5	2	180	0	2	2	661.10	308.76	8.46	5.37	100	thực
4	2	180	0	3	0	641.850000	314.811230	15.518800	5.372400	-1	###LINE###
5	2	180	0	3	0	641.85	314.81	10.12	5.37	100	phẩm
5	2	180	0	3	1	652.85	314.81	4.52	5.37	100	do
4	2	180	0	4	0	641.850000	320.861230	20.565600	5.372400	-1	###LINE###
5	2	180	0	4	0	641.85	320.86	20.57	5.37	100	Clostridium
4	2	180	0	5	0	641.850000	326.911230	26.633200	5.372400	-1	###LINE###
5	2	180	0	5	0	641.85	326.91	12.64	5.37	100	difficile
5	2	180	0	5	1	655.60	326.91	12.88	5.37	100	(A04.7)
4	2	180	0	6	0	641.850000	332.961230	14.515600	5.372400	-1	###LINE###
5	2	180	0	6	0	641.85	332.96	2.19	5.37	100	+
5	2	180	0	6	1	645.15	332.96	11.22	5.37	100	nhiễm
4	2	180	0	7	0	641.850000	339.011230	26.857600	5.372400	-1	###LINE###
5	2	180	0	7	0	641.85	339.01	19.71	5.37	100	Escherichia
5	2	180	0	7	1	662.75	339.01	5.96	5.37	100	coli
4	2	180	0	8	0	641.850000	345.061230	24.433200	5.372400	-1	###LINE###
5	2	180	0	8	0	641.85	345.06	24.43	5.37	100	(A04.0-A04.4)
4	2	180	0	9	0	641.850000	351.111230	28.507600	5.372400	-1	###LINE###
5	2	180	0	9	0	641.85	351.11	2.19	5.37	100	+
5	2	180	0	9	1	645.15	351.11	11.22	5.37	100	nhiễm
5	2	180	0	9	2	657.25	351.11	13.11	5.37	100	Listeria
4	2	180	0	10	0	641.850000	357.161230	11.783200	5.372400	-1	###LINE###
5	2	180	0	10	0	641.85	357.16	11.78	5.37	100	(A32.-)
4	2	180	0	11	0	641.850000	363.211230	25.172400	5.372400	-1	###LINE###
5	2	180	0	11	0	641.85	363.21	2.19	5.37	100	+
5	2	180	0	11	1	645.15	363.21	11.22	5.37	100	nhiễm
5	2	180	0	11	2	657.25	363.21	9.77	5.37	100	trùng
4	2	180	0	12	0	641.850000	369.261230	33.761200	5.372400	-1	###LINE###
5	2	180	0	12	0	641.85	369.26	14.51	5.37	100	và/hoặc
5	2	180	0	12	1	657.25	369.26	11.22	5.37	100	nhiễm
5	2	180	0	12	2	669.35	369.26	6.26	5.37	100	độc
4	2	180	0	13	0	641.850000	375.311230	24.868800	5.372400	-1	###LINE###
5	2	180	0	13	0	641.85	375.31	8.46	5.37	100	thực
5	2	180	0	13	1	651.20	375.31	10.12	5.37	100	phẩm
5	2	180	0	13	2	662.20	375.31	4.52	5.37	100	do
4	2	180	0	14	0	641.850000	381.361230	32.133200	5.372400	-1	###LINE###
5	2	180	0	14	0	641.85	381.36	19.16	5.37	100	salmonella
5	2	180	0	14	1	662.20	381.36	11.78	5.37	100	(A02.-)
4	2	180	0	15	0	641.850000	387.411230	32.357600	5.372400	-1	###LINE###
5	2	180	0	15	0	641.85	387.41	2.19	5.37	100	+
5	2	180	0	15	1	645.15	387.41	5.71	5.37	100	tác
5	2	180	0	15	2	651.75	387.41	8.67	5.37	100	dụng
5	2	180	0	15	3	661.65	387.41	6.26	5.37	100	độc
5	2	180	0	15	4	668.80	387.41	5.41	5.37	100	hại
4	2	180	0	16	0	641.850000	393.461230	26.615600	5.372400	-1	###LINE###
5	2	180	0	16	0	641.85	393.46	5.96	5.37	100	của
5	2	180	0	16	1	649.00	393.46	8.46	5.37	100	thực
5	2	180	0	16	2	658.35	393.46	10.12	5.37	100	phẩm
4	2	180	0	17	0	591.250000	399.511230	81.857600	7.022400	-1	###LINE###
5	2	180	0	17	0	591.25	401.16	7.27	5.37	100	Ngộ
5	2	180	0	17	1	599.50	401.16	6.26	5.37	100	độc
5	2	180	0	17	2	606.65	401.16	8.46	5.37	100	thực
5	2	180	0	17	3	616.00	401.16	10.12	5.37	100	phẩm
5	2	180	0	17	4	627.00	401.16	4.52	5.37	100	do
5	2	180	0	17	5	632.50	401.16	6.26	5.37	100	độc
5	2	180	0	17	6	641.85	399.51	8.71	5.37	100	chứa
5	2	180	0	17	7	651.75	399.51	7.52	5.37	100	chất
5	2	180	0	17	8	660.55	399.51	6.26	5.37	100	độc
5	2	180	0	17	9	667.70	399.51	5.41	5.37	100	hại
4	2	180	0	18	0	591.250000	407.211230	16.060000	5.372400	-1	###LINE###
5	2	180	0	18	0	591.25	407.21	3.97	5.37	100	tố
5	2	180	0	18	1	596.20	407.21	3.96	5.37	100	tụ
5	2	180	0	18	2	601.15	407.21	6.16	5.37	100	cầu
3	2	181	0	0	0	547.250000	431.961230	77.765600	17.472400	-1	###FLOW###
4	2	181	0	0	0	547.250000	431.961230	34.091200	5.372400	-1	###LINE###
5	2	181	0	0	0	547.25	431.96	14.76	5.37	100	Classical
5	2	181	0	0	1	563.20	431.96	18.14	5.37	100	foodborne
4	2	181	0	1	0	591.250000	431.961230	33.765600	5.372400	-1	###LINE###
5	2	181	0	1	0	591.25	431.96	7.27	5.37	100	Ngộ
5	2	181	0	1	1	599.50	431.96	6.26	5.37	100	độc
5	2	181	0	1	2	606.65	431.96	18.37	5.37	100	botulinum
4	2	181	0	2	0	547.250000	438.011230	33.668800	5.372400	-1	###LINE###
5	2	181	0	2	0	547.25	438.01	21.01	5.37	100	intoxication
5	2	181	0	2	1	569.25	438.01	6.59	5.37	100	due
5	2	181	0	2	2	576.95	438.01	3.97	5.37	100	to
4	2	181	0	3	0	547.250000	444.061230	39.815600	5.372400	-1	###LINE###
5	2	181	0	3	0	547.25	444.06	20.57	5.37	100	Clostridium
5	2	181	0	3	1	568.70	444.06	18.37	5.37	100	botulinum
3	2	182	0	0	0	641.850000	431.961230	34.553200	48.272400	-1	###FLOW###
4	2	182	0	0	0	641.850000	431.961230	28.261200	5.372400	-1	###LINE###
5	2	182	0	0	0	641.85	431.96	11.77	5.37	100	Nhiễm
5	2	182	0	0	1	654.50	431.96	6.26	5.37	100	độc
5	2	182	0	0	2	661.65	431.96	8.46	5.37	100	thực
4	2	182	0	1	0	641.850000	438.011230	29.268800	5.372400	-1	###LINE###
5	2	182	0	1	0	641.85	438.01	10.12	5.37	100	phẩm
5	2	182	0	1	1	652.85	438.01	3.97	5.37	100	cổ
5	2	182	0	1	2	657.80	438.01	7.81	5.37	100	điển
5	2	182	0	1	3	666.60	438.01	4.52	5.37	100	do
4	2	182	0	2	0	641.850000	444.061230	18.057600	5.372400	-1	###LINE###
5	2	182	0	2	0	641.85	444.06	6.26	5.37	100	độc
5	2	182	0	2	1	649.00	444.06	3.97	5.37	100	tố
5	2	182	0	2	2	653.95	444.06	5.96	5.37	100	của
4	2	182	0	3	0	641.850000	450.111230	20.565600	5.372400	-1	###LINE###
5	2	182	0	3	0	641.85	450.11	20.57	5.37	100	Clostridium
4	2	182	0	4	0	641.850000	456.161230	18.365600	5.372400	-1	###LINE###
5	2	182	0	4	0	641.85	456.16	18.37	5.37	100	botulinum
4	2	182	0	5	0	641.850000	462.761230	34.553200	5.372400	-1	###LINE###
5	2	182	0	5	0	641.85	462.76	1.35	5.37	100	-
5	2	182	0	5	1	644.05	462.76	9.57	5.37	100	Viêm
5	2	182	0	5	2	654.50	462.76	7.52	5.37	100	ruột
5	2	182	0	5	3	663.30	462.76	7.61	5.37	100	hoại
5	2	182	0	5	4	672.10	462.76	4.30	5.37	100	tử
4	2	182	0	6	0	641.850000	468.811230	25.515600	5.372400	-1	###LINE###
5	2	182	0	6	0	641.85	468.81	1.35	5.37	100	-
5	2	182	0	6	1	644.05	468.81	12.01	5.37	100	Pig-bel
5	2	182	0	6	2	657.25	468.81	10.12	5.37	100	[viêm
4	2	182	0	7	0	641.850000	474.861230	31.050800	5.372400	-1	###LINE###
5	2	182	0	7	0	641.85	474.86	7.52	5.37	100	ruột
5	2	182	0	7	1	650.65	474.86	6.71	5.37	100	non
5	2	182	0	7	2	658.35	474.86	7.61	5.37	100	hoại
5	2	182	0	7	3	667.15	474.86	5.75	5.37	100	tử]
3	2	183	0	0	0	727.650000	296.661230	7.180800	5.372400	-1	###FLOW###
4	2	183	0	0	0	727.650000	296.661230	7.180800	5.372400	-1	###LINE###
5	2	183	0	0	0	727.65	296.66	7.18	5.37	100	A05
1	3	0	0	0	0	727.650000	296.661230	842.000000	595.000000	-1	###PAGE###
3	3	0	0	0	0	403.150000	17.340430	36.061025	7.387050	-1	###FLOW###
4	3	0	0	0	0	403.150000	17.340430	36.061025	7.387050	-1	###LINE###
5	3	0	0	0	0	403.15	17.34	11.81	7.39	100	Page
5	3	0	0	0	1	415.80	17.34	3.07	7.39	100	3
5	3	0	0	0	2	420.20	17.34	5.15	7.39	100	of
5	3	0	0	0	3	426.24	17.34	12.97	7.39	100	1271
3	3	0	1	0	0	19.250000	35.411230	4.430800	5.372400	-1	###FLOW###
4	3	0	1	0	0	19.250000	35.411230	4.430800	5.372400	-1	###LINE###
5	3	0	1	0	0	19.25	35.41	4.43	5.37	100	41
3	3	1	0	0	0	32.450000	35.411230	1.108800	5.372400	-1	###FLOW###
4	3	1	0	0	0	32.450000	35.411230	1.108800	5.372400	-1	###LINE###
5	3	1	0	0	0	32.45	35.41	1.11	5.37	100	I
3	3	2	0	0	0	51.700000	35.411230	57.860000	11.422400	-1	###FLOW###
4	3	2	0	0	0	51.700000	35.411230	57.860000	5.372400	-1	###LINE###
5	3	2	0	0	0	51.70	35.41	14.88	5.37	100	A00-B99
5	3	2	0	0	1	70.40	35.41	13.31	5.37	100	Certain
5	3	2	0	0	2	84.70	35.41	17.12	5.37	100	infectious
5	3	2	0	0	3	102.85	35.41	6.71	5.37	100	and
4	3	2	0	1	0	70.400000	41.461230	31.420400	5.372400	-1	###LINE###
5	3	2	0	1	0	70.40	41.46	15.61	5.37	100	parasitic
5	3	2	0	1	1	86.90	41.46	14.92	5.37	100	diseases
3	3	3	0	0	0	115.500000	35.411230	96.320400	11.422400	-1	###FLOW###
4	3	3	0	0	0	115.500000	35.411230	96.320400	5.372400	-1	###LINE###
5	3	3	0	0	0	115.50	35.41	8.91	5.37	100	Bệnh
5	3	3	0	0	1	125.40	35.41	12.21	5.37	100	truyền
5	3	3	0	0	2	138.60	35.41	11.22	5.37	100	nhiễm
5	3	3	0	0	3	150.70	35.41	4.31	5.37	100	và
5	3	3	0	0	4	157.85	35.41	15.43	5.37	100	A00-A09
5	3	3	0	0	5	176.55	35.41	16.96	5.37	100	Intestinal
5	3	3	0	0	6	194.70	35.41	17.12	5.37	100	infectious
4	3	3	0	1	0	115.500000	41.461230	23.522400	5.372400	-1	###LINE###
5	3	3	0	1	0	115.50	41.46	4.19	5.37	100	ký
5	3	3	0	1	1	121.00	41.46	7.26	5.37	100	sinh
5	3	3	0	1	2	129.25	41.46	9.77	5.37	100	trùng
4	3	3	0	2	0	176.550000	41.461230	14.920400	5.372400	-1	###LINE###
5	3	3	0	2	0	176.55	41.46	14.92	5.37	100	diseases
3	3	4	0	0	0	217.250000	35.411230	34.315600	11.422400	-1	###FLOW###
4	3	4	0	0	0	217.250000	35.411230	34.315600	5.372400	-1	###LINE###
5	3	4	0	0	0	217.25	35.41	8.91	5.37	100	Bệnh
5	3	4	0	0	1	227.15	35.41	12.21	5.37	100	truyền
5	3	4	0	0	2	240.35	35.41	11.22	5.37	100	nhiễm
4	3	4	0	1	0	217.250000	41.461230	20.724000	5.372400	-1	###LINE###
5	3	4	0	1	0	217.25	41.46	11.97	5.37	100	đường
5	3	4	0	1	1	230.45	41.46	7.52	5.37	100	ruột
3	3	5	0	0	0	388.850000	35.411230	7.180800	5.372400	-1	###FLOW###
4	3	5	0	0	0	388.850000	35.411230	7.180800	5.372400	-1	###LINE###
5	3	5	0	0	0	388.85	35.41	7.18	5.37	100	A05
3	3	6	0	0	0	405.350000	35.411230	30.624000	29.572400	-1	###FLOW###
4	3	6	0	0	0	405.350000	35.411230	27.407600	5.372400	-1	###LINE###
5	3	6	0	0	0	405.35	35.41	10.34	5.37	100	Other
5	3	6	0	0	1	416.90	35.41	15.86	5.37	100	bacterial
4	3	6	0	1	0	405.350000	41.461230	18.141200	5.372400	-1	###LINE###
5	3	6	0	1	0	405.35	41.46	18.14	5.37	100	foodborne
4	3	6	0	2	0	405.350000	47.511230	30.624000	5.372400	-1	###LINE###
5	3	6	0	2	0	405.35	47.51	23.65	5.37	100	intoxications,
5	3	6	0	2	1	430.10	47.51	5.87	5.37	100	not
4	3	6	0	3	0	405.350000	53.561230	18.691200	5.372400	-1	###LINE###
5	3	6	0	3	0	405.35	53.56	18.69	5.37	100	elsewhere
4	3	6	0	4	0	405.350000	59.611230	16.060000	5.372400	-1	###LINE###
5	3	6	0	4	0	405.35	59.61	16.06	5.37	100	classified
3	3	7	0	0	0	441.650000	35.411230	41.830800	29.572400	-1	###FLOW###
4	3	7	0	0	0	441.650000	35.411230	23.861200	5.372400	-1	###LINE###
5	3	7	0	0	0	441.65	35.41	7.27	5.37	100	Ngộ
5	3	7	0	0	1	449.90	35.41	6.26	5.37	100	độc
5	3	7	0	0	2	457.05	35.41	8.46	5.37	100	thực
4	3	7	0	1	0	473.000000	35.411230	10.480800	5.372400	-1	###LINE###
5	3	7	0	1	0	473.00	35.41	10.48	5.37	100	A05.8
4	3	7	0	2	0	441.650000	41.461230	19.707600	5.372400	-1	###LINE###
5	3	7	0	2	0	441.65	41.46	10.12	5.37	100	phẩm
5	3	7	0	2	1	452.65	41.46	4.52	5.37	100	do
5	3	7	0	2	2	458.15	41.46	3.21	5.37	100	vi
4	3	7	0	3	0	441.650000	47.511230	21.450000	5.372400	-1	###LINE###
5	3	7	0	3	0	441.65	47.51	11.11	5.37	100	khuẩn
5	3	7	0	3	1	453.75	47.51	9.35	5.37	100	khác,
4	3	7	0	4	0	441.650000	53.561230	28.507600	5.372400	-1	###LINE###
5	3	7	0	4	0	441.65	53.56	10.87	5.37	100	không
5	3	7	0	4	1	453.75	53.56	8.91	5.37	100	phân
5	3	7	0	4	2	463.65	53.56	6.51	5.37	100	loại
4	3	7	0	5	0	441.650000	59.611230	16.711200	5.372400	-1	###LINE###
5	3	7	0	5	0	441.65	59.61	7.36	5.37	100	mục
5	3	7	0	5	1	449.90	59.61	8.46	5.37	100	khác
3	3	8	0	0	0	490.050000	35.411230	9.380800	5.372400	-1	###FLOW###
4	3	8	0	0	0	490.050000	35.411230	9.380800	5.372400	-1	###LINE###
5	3	8	0	0	0	490.05	35.41	9.38	5.37	100	A058
3	3	9	0	0	0	509.850000	35.411230	27.060000	23.522400	-1	###FLOW###
4	3	9	0	0	0	509.850000	35.411230	27.060000	5.372400	-1	###LINE###
5	3	9	0	0	0	509.85	35.41	10.34	5.37	100	Other
5	3	9	0	0	1	521.40	35.41	15.51	5.37	100	specified
4	3	9	0	1	0	509.850000	41.461230	15.857600	5.372400	-1	###LINE###
5	3	9	0	1	0	509.85	41.46	15.86	5.37	100	bacterial
4	3	9	0	2	0	509.850000	47.511230	18.141200	5.372400	-1	###LINE###
5	3	9	0	2	0	509.85	47.51	18.14	5.37	100	foodborne
4	3	9	0	3	0	509.850000	53.561230	22.620400	5.372400	-1	###LINE###
5	3	9	0	3	0	509.85	53.56	22.62	5.37	100	intoxications
3	3	10	0	0	0	591.250000	35.411230	44.457600	11.422400	-1	###FLOW###
4	3	10	0	0	0	591.250000	35.411230	44.457600	5.372400	-1	###LINE###
5	3	10	0	0	0	591.25	35.41	7.27	5.37	100	Ngộ
5	3	10	0	0	1	599.50	35.41	6.26	5.37	100	độc
5	3	10	0	0	2	606.65	35.41	8.46	5.37	100	thực
5	3	10	0	0	3	616.00	35.41	10.12	5.37	100	phẩm
5	3	10	0	0	4	627.00	35.41	4.52	5.37	100	do
5	3	10	0	0	5	632.50	35.41	3.21	5.37	100	vi
4	3	10	0	1	0	591.250000	41.461230	35.961200	5.372400	-1	###LINE###
5	3	10	0	1	0	591.25	41.46	11.11	5.37	100	khuẩn
5	3	10	0	1	1	603.35	41.46	5.71	5.37	100	xác
5	3	10	0	1	2	609.95	41.46	7.81	5.37	100	định
5	3	10	0	1	3	618.75	41.46	8.46	5.37	100	khác
3	3	11	0	0	0	19.250000	66.211230	4.430800	5.372400	-1	###FLOW###
4	3	11	0	0	0	19.250000	66.211230	4.430800	5.372400	-1	###LINE###
5	3	11	0	0	0	19.25	66.21	4.43	5.37	100	42
3	3	12	0	0	0	32.450000	66.211230	1.108800	5.372400	-1	###FLOW###
4	3	12	0	0	0	32.450000	66.211230	1.108800	5.372400	-1	###LINE###
5	3	12	0	0	0	32.45	66.21	1.11	5.37	100	I
3	3	13	0	0	0	51.700000	66.211230	57.860000	11.422400	-1	###FLOW###
4	3	13	0	0	0	51.700000	66.211230	57.860000	5.372400	-1	###LINE###
5	3	13	0	0	0	51.70	66.21	14.88	5.37	100	A00-B99
5	3	13	0	0	1	70.40	66.21	13.31	5.37	100	Certain
5	3	13	0	0	2	84.70	66.21	17.12	5.37	100	infectious
5	3	13	0	0	3	102.85	66.21	6.71	5.37	100	and
4	3	13	0	1	0	70.400000	72.261230	31.420400	5.372400	-1	###LINE###
5	3	13	0	1	0	70.40	72.26	15.61	5.37	100	parasitic
5	3	13	0	1	1	86.90	72.26	14.92	5.37	100	diseases
3	3	14	0	0	0	115.500000	66.211230	96.320400	11.422400	-1	###FLOW###
4	3	14	0	0	0	115.500000	66.211230	96.320400	5.372400	-1	###LINE###
5	3	14	0	0	0	115.50	66.21	8.91	5.37	100	Bệnh
5	3	14	0	0	1	125.40	66.21	12.21	5.37	100	truyền
5	3	14	0	0	2	138.60	66.21	11.22	5.37	100	nhiễm
5	3	14	0	0	3	150.70	66.21	4.31	5.37	100	và
5	3	14	0	0	4	157.85	66.21	15.43	5.37	100	A00-A09
5	3	14	0	0	5	176.55	66.21	16.96	5.37	100	Intestinal
5	3	14	0	0	6	194.70	66.21	17.12	5.37	100	infectious
4	3	14	0	1	0	115.500000	72.261230	23.522400	5.372400	-1	###LINE###
5	3	14	0	1	0	115.50	72.26	4.19	5.37	100	ký
5	3	14	0	1	1	121.00	72.26	7.26	5.37	100	sinh
5	3	14	0	1	2	129.25	72.26	9.77	5.37	100	trùng
4	3	14	0	2	0	176.550000	72.261230	14.920400	5.372400	-1	###LINE###
5	3	14	0	2	0	176.55	72.26	14.92	5.37	100	diseases
3	3	15	0	0	0	217.250000	66.211230	34.315600	11.422400	-1	###FLOW###
4	3	15	0	0	0	217.250000	66.211230	34.315600	5.372400	-1	###LINE###
5	3	15	0	0	0	217.25	66.21	8.91	5.37	100	Bệnh
5	3	15	0	0	1	227.15	66.21	12.21	5.37	100	truyền
5	3	15	0	0	2	240.35	66.21	11.22	5.37	100	nhiễm
4	3	15	0	1	0	217.250000	72.261230	20.724000	5.372400	-1	###LINE###
5	3	15	0	1	0	217.25	72.26	11.97	5.37	100	đường
5	3	15	0	1	1	230.45	72.26	7.52	5.37	100	ruột
3	3	16	0	0	0	388.850000	66.211230	7.180800	5.372400	-1	###FLOW###
4	3	16	0	0	0	388.850000	66.211230	7.180800	5.372400	-1	###LINE###
5	3	16	0	0	0	388.85	66.21	7.18	5.37	100	A05
3	3	17	0	0	0	405.350000	66.211230	30.624000	29.572400	-1	###FLOW###
4	3	17	0	0	0	405.350000	66.211230	27.407600	5.372400	-1	###LINE###
5	3	17	0	0	0	405.35	66.21	10.34	5.37	100	Other
5	3	17	0	0	1	416.90	66.21	15.86	5.37	100	bacterial
4	3	17	0	1	0	405.350000	72.261230	18.141200	5.372400	-1	###LINE###
5	3	17	0	1	0	405.35	72.26	18.14	5.37	100	foodborne
4	3	17	0	2	0	405.350000	78.311230	30.624000	5.372400	-1	###LINE###
5	3	17	0	2	0	405.35	78.31	23.65	5.37	100	intoxications,
5	3	17	0	2	1	430.10	78.31	5.87	5.37	100	not
4	3	17	0	3	0	405.350000	84.361230	18.691200	5.372400	-1	###LINE###
5	3	17	0	3	0	405.35	84.36	18.69	5.37	100	elsewhere
4	3	17	0	4	0	405.350000	90.411230	16.060000	5.372400	-1	###LINE###
5	3	17	0	4	0	405.35	90.41	16.06	5.37	100	classified
3	3	18	0	0	0	441.650000	66.211230	41.830800	29.572400	-1	###FLOW###
4	3	18	0	0	0	441.650000	66.211230	23.861200	5.372400	-1	###LINE###
5	3	18	0	0	0	441.65	66.21	7.27	5.37	100	Ngộ
5	3	18	0	0	1	449.90	66.21	6.26	5.37	100	độc
5	3	18	0	0	2	457.05	66.21	8.46	5.37	100	thực
4	3	18	0	1	0	473.000000	66.211230	10.480800	5.372400	-1	###LINE###
5	3	18	0	1	0	473.00	66.21	10.48	5.37	100	A05.9
4	3	18	0	2	0	441.650000	72.261230	19.707600	5.372400	-1	###LINE###
5	3	18	0	2	0	441.65	72.26	10.12	5.37	100	phẩm
5	3	18	0	2	1	452.65	72.26	4.52	5.37	100	do
5	3	18	0	2	2	458.15	72.26	3.21	5.37	100	vi
4	3	18	0	3	0	441.650000	78.311230	21.450000	5.372400	-1	###LINE###
5	3	18	0	3	0	441.65	78.31	11.11	5.37	100	khuẩn
5	3	18	0	3	1	453.75	78.31	9.35	5.37	100	khác,
4	3	18	0	4	0	441.650000	84.361230	28.507600	5.372400	-1	###LINE###
5	3	18	0	4	0	441.65	84.36	10.87	5.37	100	không
5	3	18	0	4	1	453.75	84.36	8.91	5.37	100	phân
5	3	18	0	4	2	463.65	84.36	6.51	5.37	100	loại
4	3	18	0	5	0	441.650000	90.411230	16.711200	5.372400	-1	###LINE###
5	3	18	0	5	0	441.65	90.41	7.36	5.37	100	mục
5	3	18	0	5	1	449.90	90.41	8.46	5.37	100	khác
3	3	19	0	0	0	490.050000	66.211230	9.380800	5.372400	-1	###FLOW###
4	3	19	0	0	0	490.050000	66.211230	9.380800	5.372400	-1	###LINE###
5	3	19	0	0	0	490.05	66.21	9.38	5.37	100	A059
3	3	20	0	0	0	509.850000	66.211230	22.000000	23.522400	-1	###FLOW###
4	3	20	0	0	0	509.850000	66.211230	15.857600	5.372400	-1	###LINE###
5	3	20	0	0	0	509.85	66.21	15.86	5.37	100	Bacterial
4	3	20	0	1	0	509.850000	72.261230	18.141200	5.372400	-1	###LINE###
5	3	20	0	1	0	509.85	72.26	18.14	5.37	100	foodborne
4	3	20	0	2	0	509.850000	78.311230	22.000000	5.372400	-1	###LINE###
5	3	20	0	2	0	509.85	78.31	22.00	5.37	100	intoxication,
4	3	20	0	3	0	509.850000	84.361230	19.910000	5.372400	-1	###LINE###
5	3	20	0	3	0	509.85	84.36	19.91	5.37	100	unspecified
3	3	21	0	0	0	591.250000	66.211230	44.457600	11.422400	-1	###FLOW###
4	3	21	0	0	0	591.250000	66.211230	44.457600	5.372400	-1	###LINE###
5	3	21	0	0	0	591.25	66.21	7.27	5.37	100	Ngộ
5	3	21	0	0	1	599.50	66.21	6.26	5.37	100	độc
5	3	21	0	0	2	606.65	66.21	8.46	5.37	100	thực
5	3	21	0	0	3	616.00	66.21	10.12	5.37	100	phẩm
5	3	21	0	0	4	627.00	66.21	4.52	5.37	100	do
5	3	21	0	0	5	632.50	66.21	3.21	5.37	100	vi
4	3	21	0	1	0	591.250000	72.261230	39.710000	5.372400	-1	###LINE###
5	3	21	0	1	0	591.25	72.26	12.10	5.37	100	khuẩn,
5	3	21	0	1	1	604.45	72.26	10.87	5.37	100	không
5	3	21	0	1	2	616.55	72.26	5.71	5.37	100	xác
5	3	21	0	1	3	623.15	72.26	7.81	5.37	100	định
3	3	22	0	0	0	19.250000	97.011230	4.430800	5.372400	-1	###FLOW###
4	3	22	0	0	0	19.250000	97.011230	4.430800	5.372400	-1	###LINE###
5	3	22	0	0	0	19.25	97.01	4.43	5.37	100	43
3	3	23	0	0	0	32.450000	97.011230	1.108800	5.372400	-1	###FLOW###
4	3	23	0	0	0	32.450000	97.011230	1.108800	5.372400	-1	###LINE###
5	3	23	0	0	0	32.45	97.01	1.11	5.37	100	I
3	3	24	0	0	0	51.700000	97.011230	57.860000	11.422400	-1	###FLOW###
4	3	24	0	0	0	51.700000	97.011230	57.860000	5.372400	-1	###LINE###
5	3	24	0	0	0	51.70	97.01	14.88	5.37	100	A00-B99
5	3	24	0	0	1	70.40	97.01	13.31	5.37	100	Certain
5	3	24	0	0	2	84.70	97.01	17.12	5.37	100	infectious
5	3	24	0	0	3	102.85	97.01	6.71	5.37	100	and
4	3	24	0	1	0	70.400000	103.061230	31.420400	5.372400	-1	###LINE###
5	3	24	0	1	0	70.40	103.06	15.61	5.37	100	parasitic
5	3	24	0	1	1	86.90	103.06	14.92	5.37	100	diseases
3	3	25	0	0	0	115.500000	97.011230	96.320400	11.422400	-1	###FLOW###
4	3	25	0	0	0	115.500000	97.011230	96.320400	5.372400	-1	###LINE###
5	3	25	0	0	0	115.50	97.01	8.91	5.37	100	Bệnh
5	3	25	0	0	1	125.40	97.01	12.21	5.37	100	truyền
5	3	25	0	0	2	138.60	97.01	11.22	5.37	100	nhiễm
5	3	25	0	0	3	150.70	97.01	4.31	5.37	100	và
5	3	25	0	0	4	157.85	97.01	15.43	5.37	100	A00-A09
5	3	25	0	0	5	176.55	97.01	16.96	5.37	100	Intestinal
5	3	25	0	0	6	194.70	97.01	17.12	5.37	100	infectious
4	3	25	0	1	0	115.500000	103.061230	23.522400	5.372400	-1	###LINE###
5	3	25	0	1	0	115.50	103.06	4.19	5.37	100	ký
5	3	25	0	1	1	121.00	103.06	7.26	5.37	100	sinh
5	3	25	0	1	2	129.25	103.06	9.77	5.37	100	trùng
4	3	25	0	2	0	176.550000	103.061230	14.920400	5.372400	-1	###LINE###
5	3	25	0	2	0	176.55	103.06	14.92	5.37	100	diseases
3	3	26	0	0	0	217.250000	97.011230	34.315600	11.422400	-1	###FLOW###
4	3	26	0	0	0	217.250000	97.011230	34.315600	5.372400	-1	###LINE###
5	3	26	0	0	0	217.25	97.01	8.91	5.37	100	Bệnh
5	3	26	0	0	1	227.15	97.01	12.21	5.37	100	truyền
5	3	26	0	0	2	240.35	97.01	11.22	5.37	100	nhiễm
4	3	26	0	1	0	217.250000	103.061230	20.724000	5.372400	-1	###LINE###
5	3	26	0	1	0	217.25	103.06	11.97	5.37	100	đường
5	3	26	0	1	1	230.45	103.06	7.52	5.37	100	ruột
3	3	27	0	0	0	388.850000	97.011230	7.180800	5.372400	-1	###FLOW###
4	3	27	0	0	0	388.850000	97.011230	7.180800	5.372400	-1	###LINE###
5	3	27	0	0	0	388.85	97.01	7.18	5.37	100	A06
3	3	28	0	0	0	405.350000	97.011230	20.420400	5.372400	-1	###FLOW###
4	3	28	0	0	0	405.350000	97.011230	20.420400	5.372400	-1	###LINE###
5	3	28	0	0	0	405.35	97.01	20.42	5.37	100	Amoebiasis
3	3	29	0	0	0	441.650000	97.011230	24.310000	5.372400	-1	###FLOW###
4	3	29	0	0	0	441.650000	97.011230	24.310000	5.372400	-1	###LINE###
5	3	29	0	0	0	441.65	97.01	8.91	5.37	100	Bệnh
5	3	29	0	0	1	451.55	97.01	3.09	5.37	100	lỵ
5	3	29	0	0	2	455.95	97.01	10.01	5.37	100	a-míp
3	3	30	0	0	0	473.000000	97.011230	7.180800	5.372400	-1	###FLOW###
4	3	30	0	0	0	473.000000	97.011230	7.180800	5.372400	-1	###LINE###
5	3	30	0	0	0	473.00	97.01	7.18	5.37	100	A06
3	3	31	0	0	0	490.050000	97.011230	7.180800	5.372400	-1	###FLOW###
4	3	31	0	0	0	490.050000	97.011230	7.180800	5.372400	-1	###LINE###
5	3	31	0	0	0	490.05	97.01	7.18	5.37	100	A06
3	3	32	0	0	0	509.850000	97.011230	20.420400	5.372400	-1	###FLOW###
4	3	32	0	0	0	509.850000	97.011230	20.420400	5.372400	-1	###LINE###
5	3	32	0	0	0	509.85	97.01	20.42	5.37	100	Amoebiasis
3	3	33	0	0	0	547.250000	97.011230	68.310000	29.572400	-1	###FLOW###
4	3	33	0	0	0	547.250000	97.011230	68.310000	5.372400	-1	###LINE###
5	3	33	0	0	0	547.25	97.01	8.33	5.37	100	Incl.:
5	3	33	0	0	1	556.60	97.01	15.51	5.37	100	infection
5	3	33	0	0	2	573.10	97.01	6.59	5.37	100	due
5	3	33	0	0	3	580.80	97.01	3.97	5.37	100	to
5	3	33	0	0	4	591.25	97.01	8.91	5.37	100	Bệnh
5	3	33	0	0	5	601.15	97.01	3.09	5.37	100	lỵ
5	3	33	0	0	6	605.55	97.01	10.01	5.37	100	a-míp
4	3	33	0	1	0	547.250000	103.061230	40.057600	5.372400	-1	###LINE###
5	3	33	0	1	0	547.25	103.06	20.26	5.37	100	Entamoeba
5	3	33	0	1	1	568.70	103.06	18.61	5.37	100	histolytica
4	3	33	0	2	0	547.250000	109.111230	37.857600	5.372400	-1	###LINE###
5	3	33	0	2	0	547.25	109.11	8.88	5.37	100	Excl.:
5	3	33	0	2	1	557.15	109.11	9.79	5.37	100	other
5	3	33	0	2	2	568.15	109.11	16.96	5.37	100	protozoal
4	3	33	0	3	0	547.250000	115.161230	33.070400	5.372400	-1	###LINE###
5	3	33	0	3	0	547.25	115.16	16.96	5.37	100	intestinal
5	3	33	0	3	1	565.40	115.16	14.92	5.37	100	diseases
4	3	33	0	4	0	547.250000	121.211230	11.783200	5.372400	-1	###LINE###
5	3	33	0	4	0	547.25	121.21	11.78	5.37	100	(A07.-)
3	3	34	0	0	0	19.250000	139.911230	4.430800	5.372400	-1	###FLOW###
4	3	34	0	0	0	19.250000	139.911230	4.430800	5.372400	-1	###LINE###
5	3	34	0	0	0	19.25	139.91	4.43	5.37	100	44
3	3	35	0	0	0	32.450000	139.911230	1.108800	5.372400	-1	###FLOW###
4	3	35	0	0	0	32.450000	139.911230	1.108800	5.372400	-1	###LINE###
5	3	35	0	0	0	32.45	139.91	1.11	5.37	100	I
3	3	36	0	0	0	51.700000	139.911230	57.860000	11.422400	-1	###FLOW###
4	3	36	0	0	0	51.700000	139.911230	57.860000	5.372400	-1	###LINE###
5	3	36	0	0	0	51.70	139.91	14.88	5.37	100	A00-B99
5	3	36	0	0	1	70.40	139.91	13.31	5.37	100	Certain
5	3	36	0	0	2	84.70	139.91	17.12	5.37	100	infectious
5	3	36	0	0	3	102.85	139.91	6.71	5.37	100	and
4	3	36	0	1	0	70.400000	145.961230	31.420400	5.372400	-1	###LINE###
5	3	36	0	1	0	70.40	145.96	15.61	5.37	100	parasitic
5	3	36	0	1	1	86.90	145.96	14.92	5.37	100	diseases
3	3	37	0	0	0	115.500000	139.911230	96.320400	11.422400	-1	###FLOW###
4	3	37	0	0	0	115.500000	139.911230	96.320400	5.372400	-1	###LINE###
5	3	37	0	0	0	115.50	139.91	8.91	5.37	100	Bệnh
5	3	37	0	0	1	125.40	139.91	12.21	5.37	100	truyền
5	3	37	0	0	2	138.60	139.91	11.22	5.37	100	nhiễm
5	3	37	0	0	3	150.70	139.91	4.31	5.37	100	và
5	3	37	0	0	4	157.85	139.91	15.43	5.37	100	A00-A09
5	3	37	0	0	5	176.55	139.91	16.96	5.37	100	Intestinal
5	3	37	0	0	6	194.70	139.91	17.12	5.37	100	infectious
4	3	37	0	1	0	115.500000	145.961230	23.522400	5.372400	-1	###LINE###
5	3	37	0	1	0	115.50	145.96	4.19	5.37	100	ký
5	3	37	0	1	1	121.00	145.96	7.26	5.37	100	sinh
5	3	37	0	1	2	129.25	145.96	9.77	5.37	100	trùng
4	3	37	0	2	0	176.550000	145.961230	14.920400	5.372400	-1	###LINE###
5	3	37	0	2	0	176.55	145.96	14.92	5.37	100	diseases
3	3	38	0	0	0	217.250000	139.911230	34.315600	11.422400	-1	###FLOW###
4	3	38	0	0	0	217.250000	139.911230	34.315600	5.372400	-1	###LINE###
5	3	38	0	0	0	217.25	139.91	8.91	5.37	100	Bệnh
5	3	38	0	0	1	227.15	139.91	12.21	5.37	100	truyền
5	3	38	0	0	2	240.35	139.91	11.22	5.37	100	nhiễm
4	3	38	0	1	0	217.250000	145.961230	20.724000	5.372400	-1	###LINE###
5	3	38	0	1	0	217.25	145.96	11.97	5.37	100	đường
5	3	38	0	1	1	230.45	145.96	7.52	5.37	100	ruột
3	3	39	0	0	0	388.850000	139.911230	7.180800	5.372400	-1	###FLOW###
4	3	39	0	0	0	388.850000	139.911230	7.180800	5.372400	-1	###LINE###
5	3	39	0	0	0	388.85	139.91	7.18	5.37	100	A06
3	3	40	0	0	0	405.350000	139.911230	20.420400	5.372400	-1	###FLOW###
4	3	40	0	0	0	405.350000	139.911230	20.420400	5.372400	-1	###LINE###
5	3	40	0	0	0	405.35	139.91	20.42	5.37	100	Amoebiasis
3	3	41	0	0	0	441.650000	139.911230	24.310000	5.372400	-1	###FLOW###
4	3	41	0	0	0	441.650000	139.911230	24.310000	5.372400	-1	###LINE###
5	3	41	0	0	0	441.65	139.91	8.91	5.37	100	Bệnh
5	3	41	0	0	1	451.55	139.91	3.09	5.37	100	lỵ
5	3	41	0	0	2	455.95	139.91	10.01	5.37	100	a-míp
3	3	42	0	0	0	473.000000	139.911230	10.480800	5.372400	-1	###FLOW###
4	3	42	0	0	0	473.000000	139.911230	10.480800	5.372400	-1	###LINE###
5	3	42	0	0	0	473.00	139.91	10.48	5.37	100	A06.0
3	3	43	0	0	0	490.050000	139.911230	9.380800	5.372400	-1	###FLOW###
4	3	43	0	0	0	490.050000	139.911230	9.380800	5.372400	-1	###LINE###
5	3	43	0	0	0	490.05	139.91	9.38	5.37	100	A060
3	3	44	0	0	0	509.850000	139.911230	26.611200	11.422400	-1	###FLOW###
4	3	44	0	0	0	509.850000	139.911230	26.611200	5.372400	-1	###LINE###
5	3	44	0	0	0	509.85	139.91	10.44	5.37	100	Acute
5	3	44	0	0	1	521.40	139.91	15.06	5.37	100	amoebic
4	3	44	0	1	0	509.850000	145.961230	17.943200	5.372400	-1	###LINE###
5	3	44	0	1	0	509.85	145.96	17.94	5.37	100	dysentery
3	3	45	0	0	0	547.250000	139.911230	38.020400	17.472400	-1	###FLOW###
4	3	45	0	0	0	547.250000	139.911230	31.420400	5.372400	-1	###LINE###
5	3	45	0	0	0	547.25	139.91	10.44	5.37	100	Acute
5	3	45	0	0	1	558.80	139.91	19.87	5.37	100	amoebiasis
4	3	45	0	1	0	547.250000	145.961230	38.020400	5.372400	-1	###LINE###
5	3	45	0	1	0	547.25	145.96	16.96	5.37	100	Intestinal
5	3	45	0	1	1	565.40	145.96	19.87	5.37	100	amoebiasis
4	3	45	0	2	0	547.250000	152.011230	7.519600	5.372400	-1	###LINE###
5	3	45	0	2	0	547.25	152.01	7.52	5.37	100	NOS
3	3	46	0	0	0	51.700000	170.711230	57.860000	23.522400	-1	###FLOW###
4	3	46	0	0	0	51.700000	170.711230	57.860000	5.372400	-1	###LINE###
5	3	46	0	0	0	51.70	170.71	14.88	5.37	100	A00-B99
5	3	46	0	0	1	70.40	170.71	13.31	5.37	100	Certain
5	3	46	0	0	2	84.70	170.71	17.12	5.37	100	infectious
5	3	46	0	0	3	102.85	170.71	6.71	5.37	100	and
4	3	46	0	1	0	70.400000	176.761230	31.420400	5.372400	-1	###LINE###
5	3	46	0	1	0	70.40	176.76	15.61	5.37	100	parasitic
5	3	46	0	1	1	86.90	176.76	14.92	5.37	100	diseases
4	3	46	0	2	0	51.700000	182.811230	57.860000	5.372400	-1	###LINE###
5	3	46	0	2	0	51.70	182.81	14.88	5.37	100	A00-B99
5	3	46	0	2	1	70.40	182.81	13.31	5.37	100	Certain
5	3	46	0	2	2	84.70	182.81	17.12	5.37	100	infectious
5	3	46	0	2	3	102.85	182.81	6.71	5.37	100	and
4	3	46	0	3	0	70.400000	188.861230	31.420400	5.372400	-1	###LINE###
5	3	46	0	3	0	70.40	188.86	15.61	5.37	100	parasitic
5	3	46	0	3	1	86.90	188.86	14.92	5.37	100	diseases
3	3	47	0	0	0	115.500000	170.711230	57.780800	23.522400	-1	###FLOW###
4	3	47	0	0	0	115.500000	170.711230	57.780800	5.372400	-1	###LINE###
5	3	47	0	0	0	115.50	170.71	8.91	5.37	100	Bệnh
5	3	47	0	0	1	125.40	170.71	12.21	5.37	100	truyền
5	3	47	0	0	2	138.60	170.71	11.22	5.37	100	nhiễm
5	3	47	0	0	3	150.70	170.71	4.31	5.37	100	và
5	3	47	0	0	4	157.85	170.71	15.43	5.37	100	A00-A09
4	3	47	0	1	0	115.500000	176.761230	23.522400	5.372400	-1	###LINE###
5	3	47	0	1	0	115.50	176.76	4.19	5.37	100	ký
5	3	47	0	1	1	121.00	176.76	7.26	5.37	100	sinh
5	3	47	0	1	2	129.25	176.76	9.77	5.37	100	trùng
4	3	47	0	2	0	115.500000	182.811230	57.780800	5.372400	-1	###LINE###
5	3	47	0	2	0	115.50	182.81	8.91	5.37	100	Bệnh
5	3	47	0	2	1	125.40	182.81	12.21	5.37	100	truyền
5	3	47	0	2	2	138.60	182.81	11.22	5.37	100	nhiễm
5	3	47	0	2	3	150.70	182.81	4.31	5.37	100	và
5	3	47	0	2	4	157.85	182.81	15.43	5.37	100	A00-A09
4	3	47	0	3	0	115.500000	188.861230	23.522400	5.372400	-1	###LINE###
5	3	47	0	3	0	115.50	188.86	4.19	5.37	100	ký
5	3	47	0	3	1	121.00	188.86	7.26	5.37	100	sinh
5	3	47	0	3	2	129.25	188.86	9.77	5.37	100	trùng
3	3	48	0	0	0	176.550000	170.711230	35.270400	23.522400	-1	###FLOW###
4	3	48	0	0	0	176.550000	170.711230	35.270400	5.372400	-1	###LINE###
5	3	48	0	0	0	176.55	170.71	16.96	5.37	100	Intestinal
5	3	48	0	0	1	194.70	170.71	17.12	5.37	100	infectious
4	3	48	0	1	0	176.550000	176.761230	14.920400	5.372400	-1	###LINE###
5	3	48	0	1	0	176.55	176.76	14.92	5.37	100	diseases
4	3	48	0	2	0	176.550000	182.811230	35.270400	5.372400	-1	###LINE###
5	3	48	0	2	0	176.55	182.81	16.96	5.37	100	Intestinal
5	3	48	0	2	1	194.70	182.81	17.12	5.37	100	infectious
4	3	48	0	3	0	176.550000	188.861230	14.920400	5.372400	-1	###LINE###
5	3	48	0	3	0	176.55	188.86	14.92	5.37	100	diseases
3	3	49	0	0	0	217.250000	170.711230	34.315600	23.522400	-1	###FLOW###
4	3	49	0	0	0	217.250000	170.711230	34.315600	5.372400	-1	###LINE###
5	3	49	0	0	0	217.25	170.71	8.91	5.37	100	Bệnh
5	3	49	0	0	1	227.15	170.71	12.21	5.37	100	truyền
5	3	49	0	0	2	240.35	170.71	11.22	5.37	100	nhiễm
4	3	49	0	1	0	217.250000	176.761230	20.724000	5.372400	-1	###LINE###
5	3	49	0	1	0	217.25	176.76	11.97	5.37	100	đường
5	3	49	0	1	1	230.45	176.76	7.52	5.37	100	ruột
4	3	49	0	2	0	217.250000	182.811230	34.315600	5.372400	-1	###LINE###
5	3	49	0	2	0	217.25	182.81	8.91	5.37	100	Bệnh
5	3	49	0	2	1	227.15	182.81	12.21	5.37	100	truyền
5	3	49	0	2	2	240.35	182.81	11.22	5.37	100	nhiễm
4	3	49	0	3	0	217.250000	188.861230	20.724000	5.372400	-1	###LINE###
5	3	49	0	3	0	217.25	188.86	11.97	5.37	100	đường
5	3	49	0	3	1	230.45	188.86	7.52	5.37	100	ruột
3	3	50	0	0	0	388.850000	170.711230	7.180800	5.372400	-1	###FLOW###
4	3	50	0	0	0	388.850000	170.711230	7.180800	5.372400	-1	###LINE###
5	3	50	0	0	0	388.85	170.71	7.18	5.37	100	A06
3	3	51	0	0	0	405.350000	170.711230	20.420400	5.372400	-1	###FLOW###
4	3	51	0	0	0	405.350000	170.711230	20.420400	5.372400	-1	###LINE###
5	3	51	0	0	0	405.35	170.71	20.42	5.37	100	Amoebiasis
3	3	52	0	0	0	441.650000	170.711230	24.310000	5.372400	-1	###FLOW###
4	3	52	0	0	0	441.650000	170.711230	24.310000	5.372400	-1	###LINE###
5	3	52	0	0	0	441.65	170.71	8.91	5.37	100	Bệnh
5	3	52	0	0	1	451.55	170.71	3.09	5.37	100	lỵ
5	3	52	0	0	2	455.95	170.71	10.01	5.37	100	a-míp
3	3	53	0	0	0	473.000000	170.711230	10.480800	5.372400	-1	###FLOW###
4	3	53	0	0	0	473.000000	170.711230	10.480800	5.372400	-1	###LINE###
5	3	53	0	0	0	473.00	170.71	10.48	5.37	100	A06.1
3	3	54	0	0	0	490.050000	170.711230	9.380800	5.372400	-1	###FLOW###
4	3	54	0	0	0	490.050000	170.711230	9.380800	5.372400	-1	###LINE###
5	3	54	0	0	0	490.05	170.71	9.38	5.37	100	A061
3	3	55	0	0	0	388.850000	182.811230	7.180800	5.372400	-1	###FLOW###
4	3	55	0	0	0	388.850000	182.811230	7.180800	5.372400	-1	###LINE###
5	3	55	0	0	0	388.85	182.81	7.18	5.37	100	A06
3	3	56	0	0	0	405.350000	182.811230	20.420400	5.372400	-1	###FLOW###
4	3	56	0	0	0	405.350000	182.811230	20.420400	5.372400	-1	###LINE###
5	3	56	0	0	0	405.35	182.81	20.42	5.37	100	Amoebiasis
3	3	57	0	0	0	441.650000	182.811230	24.310000	5.372400	-1	###FLOW###
4	3	57	0	0	0	441.650000	182.811230	24.310000	5.372400	-1	###LINE###
5	3	57	0	0	0	441.65	182.81	8.91	5.37	100	Bệnh
5	3	57	0	0	1	451.55	182.81	3.09	5.37	100	lỵ
5	3	57	0	0	2	455.95	182.81	10.01	5.37	100	a-míp
3	3	58	0	0	0	473.000000	182.811230	10.480800	5.372400	-1	###FLOW###
4	3	58	0	0	0	473.000000	182.811230	10.480800	5.372400	-1	###LINE###
5	3	58	0	0	0	473.00	182.81	10.48	5.37	100	A06.2
3	3	59	0	0	0	490.050000	182.811230	9.380800	5.372400	-1	###FLOW###
4	3	59	0	0	0	490.050000	182.811230	9.380800	5.372400	-1	###LINE###
5	3	59	0	0	0	490.05	182.81	9.38	5.37	100	A062
3	3	60	0	0	0	51.700000	200.961230	57.860000	35.622400	-1	###FLOW###
4	3	60	0	0	0	51.700000	200.961230	57.860000	5.372400	-1	###LINE###
5	3	60	0	0	0	51.70	200.96	14.88	5.37	100	A00-B99
5	3	60	0	0	1	70.40	200.96	13.31	5.37	100	Certain
5	3	60	0	0	2	84.70	200.96	17.12	5.37	100	infectious
5	3	60	0	0	3	102.85	200.96	6.71	5.37	100	and
4	3	60	0	1	0	70.400000	207.011230	31.420400	5.372400	-1	###LINE###
5	3	60	0	1	0	70.40	207.01	15.61	5.37	100	parasitic
5	3	60	0	1	1	86.90	207.01	14.92	5.37	100	diseases
4	3	60	0	2	0	51.700000	213.061230	57.860000	5.372400	-1	###LINE###
5	3	60	0	2	0	51.70	213.06	14.88	5.37	100	A00-B99
5	3	60	0	2	1	70.40	213.06	13.31	5.37	100	Certain
5	3	60	0	2	2	84.70	213.06	17.12	5.37	100	infectious
5	3	60	0	2	3	102.85	213.06	6.71	5.37	100	and
4	3	60	0	3	0	70.400000	219.111230	31.420400	5.372400	-1	###LINE###
5	3	60	0	3	0	70.40	219.11	15.61	5.37	100	parasitic
5	3	60	0	3	1	86.90	219.11	14.92	5.37	100	diseases
4	3	60	0	4	0	51.700000	225.161230	57.860000	5.372400	-1	###LINE###
5	3	60	0	4	0	51.70	225.16	14.88	5.37	100	A00-B99
5	3	60	0	4	1	70.40	225.16	13.31	5.37	100	Certain
5	3	60	0	4	2	84.70	225.16	17.12	5.37	100	infectious
5	3	60	0	4	3	102.85	225.16	6.71	5.37	100	and
4	3	60	0	5	0	70.400000	231.211230	31.420400	5.372400	-1	###LINE###
5	3	60	0	5	0	70.40	231.21	15.61	5.37	100	parasitic
5	3	60	0	5	1	86.90	231.21	14.92	5.37	100	diseases
3	3	61	0	0	0	115.500000	200.961230	57.780800	35.622400	-1	###FLOW###
4	3	61	0	0	0	115.500000	200.961230	57.780800	5.372400	-1	###LINE###
5	3	61	0	0	0	115.50	200.96	8.91	5.37	100	Bệnh
5	3	61	0	0	1	125.40	200.96	12.21	5.37	100	truyền
5	3	61	0	0	2	138.60	200.96	11.22	5.37	100	nhiễm
5	3	61	0	0	3	150.70	200.96	4.31	5.37	100	và
5	3	61	0	0	4	157.85	200.96	15.43	5.37	100	A00-A09
4	3	61	0	1	0	115.500000	207.011230	23.522400	5.372400	-1	###LINE###
5	3	61	0	1	0	115.50	207.01	4.19	5.37	100	ký
5	3	61	0	1	1	121.00	207.01	7.26	5.37	100	sinh
5	3	61	0	1	2	129.25	207.01	9.77	5.37	100	trùng
4	3	61	0	2	0	115.500000	213.061230	57.780800	5.372400	-1	###LINE###
5	3	61	0	2	0	115.50	213.06	8.91	5.37	100	Bệnh
5	3	61	0	2	1	125.40	213.06	12.21	5.37	100	truyền
5	3	61	0	2	2	138.60	213.06	11.22	5.37	100	nhiễm
5	3	61	0	2	3	150.70	213.06	4.31	5.37	100	và
5	3	61	0	2	4	157.85	213.06	15.43	5.37	100	A00-A09
4	3	61	0	3	0	115.500000	219.111230	23.522400	5.372400	-1	###LINE###
5	3	61	0	3	0	115.50	219.11	4.19	5.37	100	ký
5	3	61	0	3	1	121.00	219.11	7.26	5.37	100	sinh
5	3	61	0	3	2	129.25	219.11	9.77	5.37	100	trùng
4	3	61	0	4	0	115.500000	225.161230	57.780800	5.372400	-1	###LINE###
5	3	61	0	4	0	115.50	225.16	8.91	5.37	100	Bệnh
5	3	61	0	4	1	125.40	225.16	12.21	5.37	100	truyền
5	3	61	0	4	2	138.60	225.16	11.22	5.37	100	nhiễm
5	3	61	0	4	3	150.70	225.16	4.31	5.37	100	và
5	3	61	0	4	4	157.85	225.16	15.43	5.37	100	A00-A09
4	3	61	0	5	0	115.500000	231.211230	23.522400	5.372400	-1	###LINE###
5	3	61	0	5	0	115.50	231.21	4.19	5.37	100	ký
5	3	61	0	5	1	121.00	231.21	7.26	5.37	100	sinh
5	3	61	0	5	2	129.25	231.21	9.77	5.37	100	trùng
3	3	62	0	0	0	176.550000	200.961230	35.270400	35.622400	-1	###FLOW###
4	3	62	0	0	0	176.550000	200.961230	35.270400	5.372400	-1	###LINE###
5	3	62	0	0	0	176.55	200.96	16.96	5.37	100	Intestinal
5	3	62	0	0	1	194.70	200.96	17.12	5.37	100	infectious
4	3	62	0	1	0	176.550000	207.011230	14.920400	5.372400	-1	###LINE###
5	3	62	0	1	0	176.55	207.01	14.92	5.37	100	diseases
4	3	62	0	2	0	176.550000	213.061230	35.270400	5.372400	-1	###LINE###
5	3	62	0	2	0	176.55	213.06	16.96	5.37	100	Intestinal
5	3	62	0	2	1	194.70	213.06	17.12	5.37	100	infectious
4	3	62	0	3	0	176.550000	219.111230	14.920400	5.372400	-1	###LINE###
5	3	62	0	3	0	176.55	219.11	14.92	5.37	100	diseases
4	3	62	0	4	0	176.550000	225.161230	35.270400	5.372400	-1	###LINE###
5	3	62	0	4	0	176.55	225.16	16.96	5.37	100	Intestinal
5	3	62	0	4	1	194.70	225.16	17.12	5.37	100	infectious
4	3	62	0	5	0	176.550000	231.211230	14.920400	5.372400	-1	###LINE###
5	3	62	0	5	0	176.55	231.21	14.92	5.37	100	diseases
3	3	63	0	0	0	217.250000	200.961230	34.315600	35.622400	-1	###FLOW###
4	3	63	0	0	0	217.250000	200.961230	34.315600	5.372400	-1	###LINE###
5	3	63	0	0	0	217.25	200.96	8.91	5.37	100	Bệnh
5	3	63	0	0	1	227.15	200.96	12.21	5.37	100	truyền
5	3	63	0	0	2	240.35	200.96	11.22	5.37	100	nhiễm
4	3	63	0	1	0	217.250000	207.011230	20.724000	5.372400	-1	###LINE###
5	3	63	0	1	0	217.25	207.01	11.97	5.37	100	đường
5	3	63	0	1	1	230.45	207.01	7.52	5.37	100	ruột
4	3	63	0	2	0	217.250000	213.061230	34.315600	5.372400	-1	###LINE###
5	3	63	0	2	0	217.25	213.06	8.91	5.37	100	Bệnh
5	3	63	0	2	1	227.15	213.06	12.21	5.37	100	truyền
5	3	63	0	2	2	240.35	213.06	11.22	5.37	100	nhiễm
4	3	63	0	3	0	217.250000	219.111230	20.724000	5.372400	-1	###LINE###
5	3	63	0	3	0	217.25	219.11	11.97	5.37	100	đường
5	3	63	0	3	1	230.45	219.11	7.52	5.37	100	ruột
4	3	63	0	4	0	217.250000	225.161230	34.315600	5.372400	-1	###LINE###
5	3	63	0	4	0	217.25	225.16	8.91	5.37	100	Bệnh
5	3	63	0	4	1	227.15	225.16	12.21	5.37	100	truyền
5	3	63	0	4	2	240.35	225.16	11.22	5.37	100	nhiễm
4	3	63	0	5	0	217.250000	231.211230	20.724000	5.372400	-1	###LINE###
5	3	63	0	5	0	217.25	231.21	11.97	5.37	100	đường
5	3	63	0	5	1	230.45	231.21	7.52	5.37	100	ruột
3	3	64	0	0	0	388.850000	200.961230	7.180800	5.372400	-1	###FLOW###
4	3	64	0	0	0	388.850000	200.961230	7.180800	5.372400	-1	###LINE###
5	3	64	0	0	0	388.85	200.96	7.18	5.37	100	A06
3	3	65	0	0	0	405.350000	200.961230	20.420400	5.372400	-1	###FLOW###
4	3	65	0	0	0	405.350000	200.961230	20.420400	5.372400	-1	###LINE###
5	3	65	0	0	0	405.35	200.96	20.42	5.37	100	Amoebiasis
3	3	66	0	0	0	441.650000	200.961230	24.310000	5.372400	-1	###FLOW###
4	3	66	0	0	0	441.650000	200.961230	24.310000	5.372400	-1	###LINE###
5	3	66	0	0	0	441.65	200.96	8.91	5.37	100	Bệnh
5	3	66	0	0	1	451.55	200.96	3.09	5.37	100	lỵ
5	3	66	0	0	2	455.95	200.96	10.01	5.37	100	a-míp
3	3	67	0	0	0	473.000000	200.961230	10.480800	5.372400	-1	###FLOW###
4	3	67	0	0	0	473.000000	200.961230	10.480800	5.372400	-1	###LINE###
5	3	67	0	0	0	473.00	200.96	10.48	5.37	100	A06.3
3	3	68	0	0	0	490.050000	200.961230	9.380800	5.372400	-1	###FLOW###
4	3	68	0	0	0	490.050000	200.961230	9.380800	5.372400	-1	###LINE###
5	3	68	0	0	0	490.05	200.96	9.38	5.37	100	A063
3	3	69	0	0	0	388.850000	213.061230	7.180800	5.372400	-1	###FLOW###
4	3	69	0	0	0	388.850000	213.061230	7.180800	5.372400	-1	###LINE###
5	3	69	0	0	0	388.85	213.06	7.18	5.37	100	A06
3	3	70	0	0	0	405.350000	213.061230	20.420400	5.372400	-1	###FLOW###
4	3	70	0	0	0	405.350000	213.061230	20.420400	5.372400	-1	###LINE###
5	3	70	0	0	0	405.35	213.06	20.42	5.37	100	Amoebiasis
3	3	71	0	0	0	441.650000	213.061230	24.310000	5.372400	-1	###FLOW###
4	3	71	0	0	0	441.650000	213.061230	24.310000	5.372400	-1	###LINE###
5	3	71	0	0	0	441.65	213.06	8.91	5.37	100	Bệnh
5	3	71	0	0	1	451.55	213.06	3.09	5.37	100	lỵ
5	3	71	0	0	2	455.95	213.06	10.01	5.37	100	a-míp
3	3	72	0	0	0	473.000000	213.061230	12.641200	5.372400	-1	###FLOW###
4	3	72	0	0	0	473.000000	213.061230	12.641200	5.372400	-1	###LINE###
5	3	72	0	0	0	473.00	213.06	12.64	5.37	100	A06.4†
3	3	73	0	0	0	490.050000	213.061230	9.380800	5.372400	-1	###FLOW###
4	3	73	0	0	0	490.050000	213.061230	9.380800	5.372400	-1	###LINE###
5	3	73	0	0	0	490.05	213.06	9.38	5.37	100	A064
3	3	74	0	0	0	388.850000	225.161230	7.180800	5.372400	-1	###FLOW###
4	3	74	0	0	0	388.850000	225.161230	7.180800	5.372400	-1	###LINE###
5	3	74	0	0	0	388.85	225.16	7.18	5.37	100	A06
3	3	75	0	0	0	405.350000	225.161230	20.420400	5.372400	-1	###FLOW###
4	3	75	0	0	0	405.350000	225.161230	20.420400	5.372400	-1	###LINE###
5	3	75	0	0	0	405.35	225.16	20.42	5.37	100	Amoebiasis
3	3	76	0	0	0	441.650000	225.161230	24.310000	5.372400	-1	###FLOW###
4	3	76	0	0	0	441.650000	225.161230	24.310000	5.372400	-1	###LINE###
5	3	76	0	0	0	441.65	225.16	8.91	5.37	100	Bệnh
5	3	76	0	0	1	451.55	225.16	3.09	5.37	100	lỵ
5	3	76	0	0	2	455.95	225.16	10.01	5.37	100	a-míp
3	3	77	0	0	0	473.000000	225.161230	12.641200	5.372400	-1	###FLOW###
4	3	77	0	0	0	473.000000	225.161230	12.641200	5.372400	-1	###LINE###
5	3	77	0	0	0	473.00	225.16	12.64	5.37	100	A06.5†
3	3	78	0	0	0	490.050000	225.161230	9.380800	5.372400	-1	###FLOW###
4	3	78	0	0	0	490.050000	225.161230	9.380800	5.372400	-1	###LINE###
5	3	78	0	0	0	490.05	225.16	9.38	5.37	100	A065
3	3	79	0	0	0	51.700000	255.961230	57.860000	35.622400	-1	###FLOW###
4	3	79	0	0	0	51.700000	255.961230	57.860000	5.372400	-1	###LINE###
5	3	79	0	0	0	51.70	255.96	14.88	5.37	100	A00-B99
5	3	79	0	0	1	70.40	255.96	13.31	5.37	100	Certain
5	3	79	0	0	2	84.70	255.96	17.12	5.37	100	infectious
5	3	79	0	0	3	102.85	255.96	6.71	5.37	100	and
4	3	79	0	1	0	70.400000	262.011230	31.420400	5.372400	-1	###LINE###
5	3	79	0	1	0	70.40	262.01	15.61	5.37	100	parasitic
5	3	79	0	1	1	86.90	262.01	14.92	5.37	100	diseases
4	3	79	0	2	0	51.700000	268.061230	57.860000	5.372400	-1	###LINE###
5	3	79	0	2	0	51.70	268.06	14.88	5.37	100	A00-B99
5	3	79	0	2	1	70.40	268.06	13.31	5.37	100	Certain
5	3	79	0	2	2	84.70	268.06	17.12	5.37	100	infectious
5	3	79	0	2	3	102.85	268.06	6.71	5.37	100	and
4	3	79	0	3	0	70.400000	274.111230	31.420400	5.372400	-1	###LINE###
5	3	79	0	3	0	70.40	274.11	15.61	5.37	100	parasitic
5	3	79	0	3	1	86.90	274.11	14.92	5.37	100	diseases
4	3	79	0	4	0	51.700000	280.161230	57.860000	5.372400	-1	###LINE###
5	3	79	0	4	0	51.70	280.16	14.88	5.37	100	A00-B99
5	3	79	0	4	1	70.40	280.16	13.31	5.37	100	Certain
5	3	79	0	4	2	84.70	280.16	17.12	5.37	100	infectious
5	3	79	0	4	3	102.85	280.16	6.71	5.37	100	and
4	3	79	0	5	0	70.400000	286.211230	31.420400	5.372400	-1	###LINE###
5	3	79	0	5	0	70.40	286.21	15.61	5.37	100	parasitic
5	3	79	0	5	1	86.90	286.21	14.92	5.37	100	diseases
3	3	80	0	0	0	115.500000	255.961230	57.780800	35.622400	-1	###FLOW###
4	3	80	0	0	0	115.500000	255.961230	57.780800	5.372400	-1	###LINE###
5	3	80	0	0	0	115.50	255.96	8.91	5.37	100	Bệnh
5	3	80	0	0	1	125.40	255.96	12.21	5.37	100	truyền
5	3	80	0	0	2	138.60	255.96	11.22	5.37	100	nhiễm
5	3	80	0	0	3	150.70	255.96	4.31	5.37	100	và
5	3	80	0	0	4	157.85	255.96	15.43	5.37	100	A00-A09
4	3	80	0	1	0	115.500000	262.011230	23.522400	5.372400	-1	###LINE###
5	3	80	0	1	0	115.50	262.01	4.19	5.37	100	ký
5	3	80	0	1	1	121.00	262.01	7.26	5.37	100	sinh
5	3	80	0	1	2	129.25	262.01	9.77	5.37	100	trùng
4	3	80	0	2	0	115.500000	268.061230	57.780800	5.372400	-1	###LINE###
5	3	80	0	2	0	115.50	268.06	8.91	5.37	100	Bệnh
5	3	80	0	2	1	125.40	268.06	12.21	5.37	100	truyền
5	3	80	0	2	2	138.60	268.06	11.22	5.37	100	nhiễm
5	3	80	0	2	3	150.70	268.06	4.31	5.37	100	và
5	3	80	0	2	4	157.85	268.06	15.43	5.37	100	A00-A09
4	3	80	0	3	0	115.500000	274.111230	23.522400	5.372400	-1	###LINE###
5	3	80	0	3	0	115.50	274.11	4.19	5.37	100	ký
5	3	80	0	3	1	121.00	274.11	7.26	5.37	100	sinh
5	3	80	0	3	2	129.25	274.11	9.77	5.37	100	trùng
4	3	80	0	4	0	115.500000	280.161230	57.780800	5.372400	-1	###LINE###
5	3	80	0	4	0	115.50	280.16	8.91	5.37	100	Bệnh
5	3	80	0	4	1	125.40	280.16	12.21	5.37	100	truyền
5	3	80	0	4	2	138.60	280.16	11.22	5.37	100	nhiễm
5	3	80	0	4	3	150.70	280.16	4.31	5.37	100	và
5	3	80	0	4	4	157.85	280.16	15.43	5.37	100	A00-A09
4	3	80	0	5	0	115.500000	286.211230	23.522400	5.372400	-1	###LINE###
5	3	80	0	5	0	115.50	286.21	4.19	5.37	100	ký
5	3	80	0	5	1	121.00	286.21	7.26	5.37	100	sinh
5	3	80	0	5	2	129.25	286.21	9.77	5.37	100	trùng
3	3	81	0	0	0	176.550000	255.961230	35.270400	35.622400	-1	###FLOW###
4	3	81	0	0	0	176.550000	255.961230	35.270400	5.372400	-1	###LINE###
5	3	81	0	0	0	176.55	255.96	16.96	5.37	100	Intestinal
5	3	81	0	0	1	194.70	255.96	17.12	5.37	100	infectious
4	3	81	0	1	0	176.550000	262.011230	14.920400	5.372400	-1	###LINE###
5	3	81	0	1	0	176.55	262.01	14.92	5.37	100	diseases
4	3	81	0	2	0	176.550000	268.061230	35.270400	5.372400	-1	###LINE###
5	3	81	0	2	0	176.55	268.06	16.96	5.37	100	Intestinal
5	3	81	0	2	1	194.70	268.06	17.12	5.37	100	infectious
4	3	81	0	3	0	176.550000	274.111230	14.920400	5.372400	-1	###LINE###
5	3	81	0	3	0	176.55	274.11	14.92	5.37	100	diseases
4	3	81	0	4	0	176.550000	280.161230	35.270400	5.372400	-1	###LINE###
5	3	81	0	4	0	176.55	280.16	16.96	5.37	100	Intestinal
5	3	81	0	4	1	194.70	280.16	17.12	5.37	100	infectious
4	3	81	0	5	0	176.550000	286.211230	14.920400	5.372400	-1	###LINE###
5	3	81	0	5	0	176.55	286.21	14.92	5.37	100	diseases
3	3	82	0	0	0	217.250000	255.961230	34.315600	35.622400	-1	###FLOW###
4	3	82	0	0	0	217.250000	255.961230	34.315600	5.372400	-1	###LINE###
5	3	82	0	0	0	217.25	255.96	8.91	5.37	100	Bệnh
5	3	82	0	0	1	227.15	255.96	12.21	5.37	100	truyền
5	3	82	0	0	2	240.35	255.96	11.22	5.37	100	nhiễm
4	3	82	0	1	0	217.250000	262.011230	20.724000	5.372400	-1	###LINE###
5	3	82	0	1	0	217.25	262.01	11.97	5.37	100	đường
5	3	82	0	1	1	230.45	262.01	7.52	5.37	100	ruột
4	3	82	0	2	0	217.250000	268.061230	34.315600	5.372400	-1	###LINE###
5	3	82	0	2	0	217.25	268.06	8.91	5.37	100	Bệnh
5	3	82	0	2	1	227.15	268.06	12.21	5.37	100	truyền
5	3	82	0	2	2	240.35	268.06	11.22	5.37	100	nhiễm
4	3	82	0	3	0	217.250000	274.111230	20.724000	5.372400	-1	###LINE###
5	3	82	0	3	0	217.25	274.11	11.97	5.37	100	đường
5	3	82	0	3	1	230.45	274.11	7.52	5.37	100	ruột
4	3	82	0	4	0	217.250000	280.161230	34.315600	5.372400	-1	###LINE###
5	3	82	0	4	0	217.25	280.16	8.91	5.37	100	Bệnh
5	3	82	0	4	1	227.15	280.16	12.21	5.37	100	truyền
5	3	82	0	4	2	240.35	280.16	11.22	5.37	100	nhiễm
4	3	82	0	5	0	217.250000	286.211230	20.724000	5.372400	-1	###LINE###
5	3	82	0	5	0	217.25	286.21	11.97	5.37	100	đường
5	3	82	0	5	1	230.45	286.21	7.52	5.37	100	ruột
3	3	83	0	0	0	388.850000	255.961230	7.180800	5.372400	-1	###FLOW###
4	3	83	0	0	0	388.850000	255.961230	7.180800	5.372400	-1	###LINE###
5	3	83	0	0	0	388.85	255.96	7.18	5.37	100	A06
3	3	84	0	0	0	405.350000	255.961230	20.420400	5.372400	-1	###FLOW###
4	3	84	0	0	0	405.350000	255.961230	20.420400	5.372400	-1	###LINE###
5	3	84	0	0	0	405.35	255.96	20.42	5.37	100	Amoebiasis
3	3	85	0	0	0	441.650000	255.961230	24.310000	5.372400	-1	###FLOW###
4	3	85	0	0	0	441.650000	255.961230	24.310000	5.372400	-1	###LINE###
5	3	85	0	0	0	441.65	255.96	8.91	5.37	100	Bệnh
5	3	85	0	0	1	451.55	255.96	3.09	5.37	100	lỵ
5	3	85	0	0	2	455.95	255.96	10.01	5.37	100	a-míp
3	3	86	0	0	0	473.000000	255.961230	12.641200	5.372400	-1	###FLOW###
4	3	86	0	0	0	473.000000	255.961230	12.641200	5.372400	-1	###LINE###
5	3	86	0	0	0	473.00	255.96	12.64	5.37	100	A06.6†
3	3	87	0	0	0	490.050000	255.961230	9.380800	5.372400	-1	###FLOW###
4	3	87	0	0	0	490.050000	255.961230	9.380800	5.372400	-1	###LINE###
5	3	87	0	0	0	490.05	255.96	9.38	5.37	100	A066
3	3	88	0	0	0	388.850000	268.061230	7.180800	5.372400	-1	###FLOW###
4	3	88	0	0	0	388.850000	268.061230	7.180800	5.372400	-1	###LINE###
5	3	88	0	0	0	388.85	268.06	7.18	5.37	100	A06
3	3	89	0	0	0	405.350000	268.061230	20.420400	5.372400	-1	###FLOW###
4	3	89	0	0	0	405.350000	268.061230	20.420400	5.372400	-1	###LINE###
5	3	89	0	0	0	405.35	268.06	20.42	5.37	100	Amoebiasis
3	3	90	0	0	0	441.650000	268.061230	24.310000	5.372400	-1	###FLOW###
4	3	90	0	0	0	441.650000	268.061230	24.310000	5.372400	-1	###LINE###
5	3	90	0	0	0	441.65	268.06	8.91	5.37	100	Bệnh
5	3	90	0	0	1	451.55	268.06	3.09	5.37	100	lỵ
5	3	90	0	0	2	455.95	268.06	10.01	5.37	100	a-míp
3	3	91	0	0	0	473.000000	268.061230	10.480800	5.372400	-1	###FLOW###
4	3	91	0	0	0	473.000000	268.061230	10.480800	5.372400	-1	###LINE###
5	3	91	0	0	0	473.00	268.06	10.48	5.37	100	A06.7
3	3	92	0	0	0	490.050000	268.061230	9.380800	5.372400	-1	###FLOW###
4	3	92	0	0	0	490.050000	268.061230	9.380800	5.372400	-1	###LINE###
5	3	92	0	0	0	490.05	268.06	9.38	5.37	100	A067
3	3	93	0	0	0	388.850000	280.161230	7.180800	5.372400	-1	###FLOW###
4	3	93	0	0	0	388.850000	280.161230	7.180800	5.372400	-1	###LINE###
5	3	93	0	0	0	388.85	280.16	7.18	5.37	100	A06
3	3	94	0	0	0	405.350000	280.161230	20.420400	5.372400	-1	###FLOW###
4	3	94	0	0	0	405.350000	280.161230	20.420400	5.372400	-1	###LINE###
5	3	94	0	0	0	405.35	280.16	20.42	5.37	100	Amoebiasis
3	3	95	0	0	0	441.650000	280.161230	24.310000	5.372400	-1	###FLOW###
4	3	95	0	0	0	441.650000	280.161230	24.310000	5.372400	-1	###LINE###
5	3	95	0	0	0	441.65	280.16	8.91	5.37	100	Bệnh
5	3	95	0	0	1	451.55	280.16	3.09	5.37	100	lỵ
5	3	95	0	0	2	455.95	280.16	10.01	5.37	100	a-míp
3	3	96	0	0	0	473.000000	280.161230	10.480800	5.372400	-1	###FLOW###
4	3	96	0	0	0	473.000000	280.161230	10.480800	5.372400	-1	###LINE###
5	3	96	0	0	0	473.00	280.16	10.48	5.37	100	A06.8
3	3	97	0	0	0	490.050000	280.161230	9.380800	5.372400	-1	###FLOW###
4	3	97	0	0	0	490.050000	280.161230	9.380800	5.372400	-1	###LINE###
5	3	97	0	0	0	490.05	280.16	9.38	5.37	100	A068
3	3	98	0	0	0	51.700000	304.361230	57.860000	23.522400	-1	###FLOW###
4	3	98	0	0	0	51.700000	304.361230	57.860000	5.372400	-1	###LINE###
5	3	98	0	0	0	51.70	304.36	14.88	5.37	100	A00-B99
5	3	98	0	0	1	70.40	304.36	13.31	5.37	100	Certain
5	3	98	0	0	2	84.70	304.36	17.12	5.37	100	infectious
5	3	98	0	0	3	102.85	304.36	6.71	5.37	100	and
4	3	98	0	1	0	70.400000	310.411230	31.420400	5.372400	-1	###LINE###
5	3	98	0	1	0	70.40	310.41	15.61	5.37	100	parasitic
5	3	98	0	1	1	86.90	310.41	14.92	5.37	100	diseases
4	3	98	0	2	0	51.700000	316.461230	57.860000	5.372400	-1	###LINE###
5	3	98	0	2	0	51.70	316.46	14.88	5.37	100	A00-B99
5	3	98	0	2	1	70.40	316.46	13.31	5.37	100	Certain
5	3	98	0	2	2	84.70	316.46	17.12	5.37	100	infectious
5	3	98	0	2	3	102.85	316.46	6.71	5.37	100	and
4	3	98	0	3	0	70.400000	322.511230	31.420400	5.372400	-1	###LINE###
5	3	98	0	3	0	70.40	322.51	15.61	5.37	100	parasitic
5	3	98	0	3	1	86.90	322.51	14.92	5.37	100	diseases
3	3	99	0	0	0	115.500000	304.361230	57.780800	23.522400	-1	###FLOW###
4	3	99	0	0	0	115.500000	304.361230	57.780800	5.372400	-1	###LINE###
5	3	99	0	0	0	115.50	304.36	8.91	5.37	100	Bệnh
5	3	99	0	0	1	125.40	304.36	12.21	5.37	100	truyền
5	3	99	0	0	2	138.60	304.36	11.22	5.37	100	nhiễm
5	3	99	0	0	3	150.70	304.36	4.31	5.37	100	và
5	3	99	0	0	4	157.85	304.36	15.43	5.37	100	A00-A09
4	3	99	0	1	0	115.500000	310.411230	23.522400	5.372400	-1	###LINE###
5	3	99	0	1	0	115.50	310.41	4.19	5.37	100	ký
5	3	99	0	1	1	121.00	310.41	7.26	5.37	100	sinh
5	3	99	0	1	2	129.25	310.41	9.77	5.37	100	trùng
4	3	99	0	2	0	115.500000	316.461230	57.780800	5.372400	-1	###LINE###
5	3	99	0	2	0	115.50	316.46	8.91	5.37	100	Bệnh
5	3	99	0	2	1	125.40	316.46	12.21	5.37	100	truyền
5	3	99	0	2	2	138.60	316.46	11.22	5.37	100	nhiễm
5	3	99	0	2	3	150.70	316.46	4.31	5.37	100	và
5	3	99	0	2	4	157.85	316.46	15.43	5.37	100	A00-A09
4	3	99	0	3	0	115.500000	322.511230	23.522400	5.372400	-1	###LINE###
5	3	99	0	3	0	115.50	322.51	4.19	5.37	100	ký
5	3	99	0	3	1	121.00	322.51	7.26	5.37	100	sinh
5	3	99	0	3	2	129.25	322.51	9.77	5.37	100	trùng
3	3	100	0	0	0	176.550000	304.361230	35.270400	23.522400	-1	###FLOW###
4	3	100	0	0	0	176.550000	304.361230	35.270400	5.372400	-1	###LINE###
5	3	100	0	0	0	176.55	304.36	16.96	5.37	100	Intestinal
5	3	100	0	0	1	194.70	304.36	17.12	5.37	100	infectious
4	3	100	0	1	0	176.550000	310.411230	14.920400	5.372400	-1	###LINE###
5	3	100	0	1	0	176.55	310.41	14.92	5.37	100	diseases
4	3	100	0	2	0	176.550000	316.461230	35.270400	5.372400	-1	###LINE###
5	3	100	0	2	0	176.55	316.46	16.96	5.37	100	Intestinal
5	3	100	0	2	1	194.70	316.46	17.12	5.37	100	infectious
4	3	100	0	3	0	176.550000	322.511230	14.920400	5.372400	-1	###LINE###
5	3	100	0	3	0	176.55	322.51	14.92	5.37	100	diseases
3	3	101	0	0	0	217.250000	304.361230	34.315600	23.522400	-1	###FLOW###
4	3	101	0	0	0	217.250000	304.361230	34.315600	5.372400	-1	###LINE###
5	3	101	0	0	0	217.25	304.36	8.91	5.37	100	Bệnh
5	3	101	0	0	1	227.15	304.36	12.21	5.37	100	truyền
5	3	101	0	0	2	240.35	304.36	11.22	5.37	100	nhiễm
4	3	101	0	1	0	217.250000	310.411230	20.724000	5.372400	-1	###LINE###
5	3	101	0	1	0	217.25	310.41	11.97	5.37	100	đường
5	3	101	0	1	1	230.45	310.41	7.52	5.37	100	ruột
4	3	101	0	2	0	217.250000	316.461230	34.315600	5.372400	-1	###LINE###
5	3	101	0	2	0	217.25	316.46	8.91	5.37	100	Bệnh
5	3	101	0	2	1	227.15	316.46	12.21	5.37	100	truyền
5	3	101	0	2	2	240.35	316.46	11.22	5.37	100	nhiễm
4	3	101	0	3	0	217.250000	322.511230	20.724000	5.372400	-1	###LINE###
5	3	101	0	3	0	217.25	322.51	11.97	5.37	100	đường
5	3	101	0	3	1	230.45	322.51	7.52	5.37	100	ruột
3	3	102	0	0	0	388.850000	304.361230	7.180800	5.372400	-1	###FLOW###
4	3	102	0	0	0	388.850000	304.361230	7.180800	5.372400	-1	###LINE###
5	3	102	0	0	0	388.85	304.36	7.18	5.37	100	A06
3	3	103	0	0	0	405.350000	304.361230	20.420400	5.372400	-1	###FLOW###
4	3	103	0	0	0	405.350000	304.361230	20.420400	5.372400	-1	###LINE###
5	3	103	0	0	0	405.35	304.36	20.42	5.37	100	Amoebiasis
3	3	104	0	0	0	441.650000	304.361230	24.310000	5.372400	-1	###FLOW###
4	3	104	0	0	0	441.650000	304.361230	24.310000	5.372400	-1	###LINE###
5	3	104	0	0	0	441.65	304.36	8.91	5.37	100	Bệnh
5	3	104	0	0	1	451.55	304.36	3.09	5.37	100	lỵ
5	3	104	0	0	2	455.95	304.36	10.01	5.37	100	a-míp
3	3	105	0	0	0	473.000000	304.361230	10.480800	5.372400	-1	###FLOW###
4	3	105	0	0	0	473.000000	304.361230	10.480800	5.372400	-1	###LINE###
5	3	105	0	0	0	473.00	304.36	10.48	5.37	100	A06.9
3	3	106	0	0	0	490.050000	304.361230	9.380800	5.372400	-1	###FLOW###
4	3	106	0	0	0	490.050000	304.361230	9.380800	5.372400	-1	###LINE###
5	3	106	0	0	0	490.05	304.36	9.38	5.37	100	A069
3	3	107	0	0	0	388.850000	316.461230	7.180800	5.372400	-1	###FLOW###
4	3	107	0	0	0	388.850000	316.461230	7.180800	5.372400	-1	###LINE###
5	3	107	0	0	0	388.85	316.46	7.18	5.37	100	A07
3	3	108	0	0	0	405.350000	316.461230	58.172400	90.072400	-1	###FLOW###
4	3	108	0	0	0	405.350000	316.461230	28.507600	5.372400	-1	###LINE###
5	3	108	0	0	0	405.35	316.46	10.34	5.37	100	Other
5	3	108	0	0	1	416.90	316.46	16.96	5.37	100	protozoal
4	3	108	0	1	0	441.650000	316.461230	21.872400	5.372400	-1	###LINE###
5	3	108	0	1	0	441.65	316.46	8.91	5.37	100	Bệnh
5	3	108	0	1	1	451.55	316.46	11.97	5.37	100	đường
4	3	108	0	2	0	405.350000	322.511230	57.860000	5.372400	-1	###LINE###
5	3	108	0	2	0	405.35	322.51	16.96	5.37	100	intestinal
5	3	108	0	2	1	423.50	322.51	14.92	5.37	100	diseases
5	3	108	0	2	2	441.65	322.51	7.52	5.37	100	ruột
5	3	108	0	2	3	450.45	322.51	4.52	5.37	100	do
5	3	108	0	2	4	455.95	322.51	7.26	5.37	100	đơn
4	3	108	0	3	0	441.650000	328.561230	16.161200	5.372400	-1	###LINE###
5	3	108	0	3	0	441.65	328.56	6.72	5.37	100	bào
5	3	108	0	3	1	449.35	328.56	8.46	5.37	100	khác
4	3	108	0	4	0	405.350000	334.611230	28.507600	5.372400	-1	###LINE###
5	3	108	0	4	0	405.35	334.61	10.34	5.37	100	Other
5	3	108	0	4	1	416.90	334.61	16.96	5.37	100	protozoal
4	3	108	0	5	0	441.650000	334.611230	21.872400	5.372400	-1	###LINE###
5	3	108	0	5	0	441.65	334.61	8.91	5.37	100	Bệnh
5	3	108	0	5	1	451.55	334.61	11.97	5.37	100	đường
4	3	108	0	6	0	405.350000	340.661230	57.860000	5.372400	-1	###LINE###
5	3	108	0	6	0	405.35	340.66	16.96	5.37	100	intestinal
5	3	108	0	6	1	423.50	340.66	14.92	5.37	100	diseases
5	3	108	0	6	2	441.65	340.66	7.52	5.37	100	ruột
5	3	108	0	6	3	450.45	340.66	4.52	5.37	100	do
5	3	108	0	6	4	455.95	340.66	7.26	5.37	100	đơn
4	3	108	0	7	0	441.650000	346.711230	16.161200	5.372400	-1	###LINE###
5	3	108	0	7	0	441.65	346.71	6.72	5.37	100	bào
5	3	108	0	7	1	449.35	346.71	8.46	5.37	100	khác
4	3	108	0	8	0	405.350000	352.761230	28.507600	5.372400	-1	###LINE###
5	3	108	0	8	0	405.35	352.76	10.34	5.37	100	Other
5	3	108	0	8	1	416.90	352.76	16.96	5.37	100	protozoal
4	3	108	0	9	0	441.650000	352.761230	21.872400	5.372400	-1	###LINE###
5	3	108	0	9	0	441.65	352.76	8.91	5.37	100	Bệnh
5	3	108	0	9	1	451.55	352.76	11.97	5.37	100	đường
4	3	108	0	10	0	405.350000	358.811230	57.860000	5.372400	-1	###LINE###
5	3	108	0	10	0	405.35	358.81	16.96	5.37	100	intestinal
5	3	108	0	10	1	423.50	358.81	14.92	5.37	100	diseases
5	3	108	0	10	2	441.65	358.81	7.52	5.37	100	ruột
5	3	108	0	10	3	450.45	358.81	4.52	5.37	100	do
5	3	108	0	10	4	455.95	358.81	7.26	5.37	100	đơn
4	3	108	0	11	0	441.650000	364.861230	16.161200	5.372400	-1	###LINE###
5	3	108	0	11	0	441.65	364.86	6.72	5.37	100	bào
5	3	108	0	11	1	449.35	364.86	8.46	5.37	100	khác
4	3	108	0	12	0	405.350000	370.911230	28.507600	5.372400	-1	###LINE###
5	3	108	0	12	0	405.35	370.91	10.34	5.37	100	Other
5	3	108	0	12	1	416.90	370.91	16.96	5.37	100	protozoal
4	3	108	0	13	0	441.650000	370.911230	21.872400	5.372400	-1	###LINE###
5	3	108	0	13	0	441.65	370.91	8.91	5.37	100	Bệnh
5	3	108	0	13	1	451.55	370.91	11.97	5.37	100	đường
4	3	108	0	14	0	405.350000	376.961230	57.860000	5.372400	-1	###LINE###
5	3	108	0	14	0	405.35	376.96	16.96	5.37	100	intestinal
5	3	108	0	14	1	423.50	376.96	14.92	5.37	100	diseases
5	3	108	0	14	2	441.65	376.96	7.52	5.37	100	ruột
5	3	108	0	14	3	450.45	376.96	4.52	5.37	100	do
5	3	108	0	14	4	455.95	376.96	7.26	5.37	100	đơn
4	3	108	0	15	0	441.650000	383.011230	16.161200	5.372400	-1	###LINE###
5	3	108	0	15	0	441.65	383.01	6.72	5.37	100	bào
5	3	108	0	15	1	449.35	383.01	8.46	5.37	100	khác
4	3	108	0	16	0	405.350000	389.061230	28.507600	5.372400	-1	###LINE###
5	3	108	0	16	0	405.35	389.06	10.34	5.37	100	Other
5	3	108	0	16	1	416.90	389.06	16.96	5.37	100	protozoal
4	3	108	0	17	0	441.650000	389.061230	21.872400	5.372400	-1	###LINE###
5	3	108	0	17	0	441.65	389.06	8.91	5.37	100	Bệnh
5	3	108	0	17	1	451.55	389.06	11.97	5.37	100	đường
4	3	108	0	18	0	405.350000	395.111230	57.860000	5.372400	-1	###LINE###
5	3	108	0	18	0	405.35	395.11	16.96	5.37	100	intestinal
5	3	108	0	18	1	423.50	395.11	14.92	5.37	100	diseases
5	3	108	0	18	2	441.65	395.11	7.52	5.37	100	ruột
5	3	108	0	18	3	450.45	395.11	4.52	5.37	100	do
5	3	108	0	18	4	455.95	395.11	7.26	5.37	100	đơn
4	3	108	0	19	0	441.650000	401.161230	16.161200	5.372400	-1	###LINE###
5	3	108	0	19	0	441.65	401.16	6.72	5.37	100	bào
5	3	108	0	19	1	449.35	401.16	8.46	5.37	100	khác
3	3	109	0	0	0	473.000000	316.461230	7.180800	5.372400	-1	###FLOW###
4	3	109	0	0	0	473.000000	316.461230	7.180800	5.372400	-1	###LINE###
5	3	109	0	0	0	473.00	316.46	7.18	5.37	100	A07
3	3	110	0	0	0	490.050000	316.461230	7.180800	5.372400	-1	###FLOW###
4	3	110	0	0	0	490.050000	316.461230	7.180800	5.372400	-1	###LINE###
5	3	110	0	0	0	490.05	316.46	7.18	5.37	100	A07
3	3	111	0	0	0	473.000000	334.611230	10.480800	5.372400	-1	###FLOW###
4	3	111	0	0	0	473.000000	334.611230	10.480800	5.372400	-1	###LINE###
5	3	111	0	0	0	473.00	334.61	10.48	5.37	100	A07.0
3	3	112	0	0	0	490.050000	334.611230	9.380800	5.372400	-1	###FLOW###
4	3	112	0	0	0	490.050000	334.611230	9.380800	5.372400	-1	###LINE###
5	3	112	0	0	0	490.05	334.61	9.38	5.37	100	A070
3	3	113	0	0	0	509.850000	334.611230	22.620400	5.372400	-1	###FLOW###
4	3	113	0	0	0	509.850000	334.611230	22.620400	5.372400	-1	###LINE###
5	3	113	0	0	0	509.85	334.61	22.62	5.37	100	Balantidiasis
3	3	114	0	0	0	473.000000	352.761230	10.480800	5.372400	-1	###FLOW###
4	3	114	0	0	0	473.000000	352.761230	10.480800	5.372400	-1	###LINE###
5	3	114	0	0	0	473.00	352.76	10.48	5.37	100	A07.1
3	3	115	0	0	0	490.050000	352.761230	9.380800	5.372400	-1	###FLOW###
4	3	115	0	0	0	490.050000	352.761230	9.380800	5.372400	-1	###LINE###
5	3	115	0	0	0	490.05	352.76	9.38	5.37	100	A071
3	3	116	0	0	0	509.850000	352.761230	20.050800	11.422400	-1	###FLOW###
4	3	116	0	0	0	509.850000	352.761230	17.670400	5.372400	-1	###LINE###
5	3	116	0	0	0	509.85	352.76	17.67	5.37	100	Giardiasis
4	3	116	0	1	0	509.850000	358.811230	20.050800	5.372400	-1	###LINE###
5	3	116	0	1	0	509.85	358.81	20.05	5.37	100	[lambliasis]
3	3	117	0	0	0	591.250000	352.761230	41.500800	11.422400	-1	###FLOW###
4	3	117	0	0	0	591.250000	352.761230	36.418800	5.372400	-1	###LINE###
5	3	117	0	0	0	591.25	352.76	8.91	5.37	100	Bệnh
5	3	117	0	0	1	601.15	352.76	11.97	5.37	100	đường
5	3	117	0	0	2	614.35	352.76	7.52	5.37	100	ruột
5	3	117	0	0	3	623.15	352.76	4.52	5.37	100	do
4	3	117	0	1	0	591.250000	358.811230	41.500800	5.372400	-1	###LINE###
5	3	117	0	1	0	591.25	358.81	11.22	5.37	100	nhiễm
5	3	117	0	1	1	603.35	358.81	12.56	5.37	100	giardia
5	3	117	0	1	2	617.10	358.81	15.65	5.37	100	[lamblia]
3	3	118	0	0	0	473.000000	370.911230	10.480800	5.372400	-1	###FLOW###
4	3	118	0	0	0	473.000000	370.911230	10.480800	5.372400	-1	###LINE###
5	3	118	0	0	0	473.00	370.91	10.48	5.37	100	A07.2
3	3	119	0	0	0	490.050000	370.911230	9.380800	5.372400	-1	###FLOW###
4	3	119	0	0	0	490.050000	370.911230	9.380800	5.372400	-1	###LINE###
5	3	119	0	0	0	490.05	370.91	9.38	5.37	100	A072
3	3	120	0	0	0	509.850000	370.911230	30.870400	5.372400	-1	###FLOW###
4	3	120	0	0	0	509.850000	370.911230	30.870400	5.372400	-1	###LINE###
5	3	120	0	0	0	509.85	370.91	30.87	5.37	100	Cryptosporidiosis
3	3	121	0	0	0	591.250000	370.911230	41.465600	11.422400	-1	###FLOW###
4	3	121	0	0	0	591.250000	370.911230	36.418800	5.372400	-1	###LINE###
5	3	121	0	0	0	591.25	370.91	8.91	5.37	100	Bệnh
5	3	121	0	0	1	601.15	370.91	11.97	5.37	100	đường
5	3	121	0	0	2	614.35	370.91	7.52	5.37	100	ruột
5	3	121	0	0	3	623.15	370.91	4.52	5.37	100	do
4	3	121	0	1	0	591.250000	376.961230	41.465600	5.372400	-1	###LINE###
5	3	121	0	1	0	591.25	376.96	11.22	5.37	100	nhiễm
5	3	121	0	1	1	603.35	376.96	29.37	5.37	100	cryptosporidium
3	3	122	0	0	0	473.000000	389.061230	10.480800	5.372400	-1	###FLOW###
4	3	122	0	0	0	473.000000	389.061230	10.480800	5.372400	-1	###LINE###
5	3	122	0	0	0	473.00	389.06	10.48	5.37	100	A07.3
3	3	123	0	0	0	490.050000	389.061230	9.380800	5.372400	-1	###FLOW###
4	3	123	0	0	0	490.050000	389.061230	9.380800	5.372400	-1	###LINE###
5	3	123	0	0	0	490.05	389.06	9.38	5.37	100	A073
3	3	124	0	0	0	509.850000	389.061230	20.420400	5.372400	-1	###FLOW###
4	3	124	0	0	0	509.850000	389.061230	20.420400	5.372400	-1	###LINE###
5	3	124	0	0	0	509.85	389.06	20.42	5.37	100	Isosporiasis
3	3	125	0	0	0	19.250000	170.711230	4.430800	5.372400	-1	###FLOW###
4	3	125	0	0	0	19.250000	170.711230	4.430800	5.372400	-1	###LINE###
5	3	125	0	0	0	19.25	170.71	4.43	5.37	100	45
3	3	126	0	0	0	32.450000	170.711230	1.108800	5.372400	-1	###FLOW###
4	3	126	0	0	0	32.450000	170.711230	1.108800	5.372400	-1	###LINE###
5	3	126	0	0	0	32.45	170.71	1.11	5.37	100	I
3	3	127	0	0	0	19.250000	182.811230	4.430800	5.372400	-1	###FLOW###
4	3	127	0	0	0	19.250000	182.811230	4.430800	5.372400	-1	###LINE###
5	3	127	0	0	0	19.25	182.81	4.43	5.37	100	46
3	3	128	0	0	0	32.450000	182.811230	1.108800	5.372400	-1	###FLOW###
4	3	128	0	0	0	32.450000	182.811230	1.108800	5.372400	-1	###LINE###
5	3	128	0	0	0	32.45	182.81	1.11	5.37	100	I
3	3	129	0	0	0	509.850000	170.711230	31.257600	65.872400	-1	###FLOW###
4	3	129	0	0	0	509.850000	170.711230	31.257600	5.372400	-1	###LINE###
5	3	129	0	0	0	509.85	170.71	13.41	5.37	100	Chronic
5	3	129	0	0	1	524.15	170.71	16.96	5.37	100	intestinal
4	3	129	0	1	0	509.850000	176.761230	19.870400	5.372400	-1	###LINE###
5	3	129	0	1	0	509.85	176.76	19.87	5.37	100	amoebiasis
4	3	129	0	2	0	509.850000	182.811230	15.611200	5.372400	-1	###LINE###
5	3	129	0	2	0	509.85	182.81	15.61	5.37	100	Amoebic
4	3	129	0	3	0	509.850000	188.861230	25.511200	5.372400	-1	###LINE###
5	3	129	0	3	0	509.85	188.86	25.51	5.37	100	nondysenteric
4	3	129	0	4	0	509.850000	194.911230	10.520400	5.372400	-1	###LINE###
5	3	129	0	4	0	509.85	194.91	10.52	5.37	100	colitis
4	3	129	0	5	0	509.850000	200.961230	24.992000	5.372400	-1	###LINE###
5	3	129	0	5	0	509.85	200.96	20.26	5.37	100	Amoeboma
5	3	129	0	5	1	531.30	200.96	3.54	5.37	100	of
4	3	129	0	6	0	509.850000	207.011230	15.941200	5.372400	-1	###LINE###
5	3	129	0	6	0	509.85	207.01	15.94	5.37	100	intestine
4	3	129	0	7	0	509.850000	213.061230	24.635600	5.372400	-1	###LINE###
5	3	129	0	7	0	509.85	213.06	15.61	5.37	100	Amoebic
5	3	129	0	7	1	526.35	213.06	8.14	5.37	100	liver
4	3	129	0	8	0	509.850000	219.111230	28.833200	5.372400	-1	###LINE###
5	3	129	0	8	0	509.85	219.11	13.27	5.37	100	abscess
5	3	129	0	8	1	524.15	219.11	14.53	5.37	100	(K77.0*)
4	3	129	0	9	0	509.850000	225.161230	24.072400	5.372400	-1	###LINE###
5	3	129	0	9	0	509.85	225.16	15.61	5.37	100	Amoebic
5	3	129	0	9	1	526.35	225.16	7.57	5.37	100	lung
4	3	129	0	10	0	509.850000	231.211230	13.270400	5.372400	-1	###LINE###
5	3	129	0	10	0	509.85	231.21	13.27	5.37	100	abscess
3	3	130	0	0	0	19.250000	200.961230	4.430800	5.372400	-1	###FLOW###
4	3	130	0	0	0	19.250000	200.961230	4.430800	5.372400	-1	###LINE###
5	3	130	0	0	0	19.25	200.96	4.43	5.37	100	47
3	3	131	0	0	0	32.450000	200.961230	1.108800	5.372400	-1	###FLOW###
4	3	131	0	0	0	32.450000	200.961230	1.108800	5.372400	-1	###LINE###
5	3	131	0	0	0	32.45	200.96	1.11	5.37	100	I
3	3	132	0	0	0	19.250000	213.061230	4.430800	5.372400	-1	###FLOW###
4	3	132	0	0	0	19.250000	213.061230	4.430800	5.372400	-1	###LINE###
5	3	132	0	0	0	19.25	213.06	4.43	5.37	100	48
3	3	133	0	0	0	32.450000	213.061230	1.108800	5.372400	-1	###FLOW###
4	3	133	0	0	0	32.450000	213.061230	1.108800	5.372400	-1	###LINE###
5	3	133	0	0	0	32.45	213.06	1.11	5.37	100	I
3	3	134	0	0	0	19.250000	225.161230	4.430800	5.372400	-1	###FLOW###
4	3	134	0	0	0	19.250000	225.161230	4.430800	5.372400	-1	###LINE###
5	3	134	0	0	0	19.25	225.16	4.43	5.37	100	49
3	3	135	0	0	0	32.450000	225.161230	1.108800	5.372400	-1	###FLOW###
4	3	135	0	0	0	32.450000	225.161230	1.108800	5.372400	-1	###LINE###
5	3	135	0	0	0	32.45	225.16	1.11	5.37	100	I
3	3	136	0	0	0	19.250000	255.961230	4.430800	5.372400	-1	###FLOW###
4	3	136	0	0	0	19.250000	255.961230	4.430800	5.372400	-1	###LINE###
5	3	136	0	0	0	19.25	255.96	4.43	5.37	100	50
3	3	137	0	0	0	32.450000	255.961230	1.108800	5.372400	-1	###FLOW###
4	3	137	0	0	0	32.450000	255.961230	1.108800	5.372400	-1	###LINE###
5	3	137	0	0	0	32.45	255.96	1.11	5.37	100	I
3	3	138	0	0	0	19.250000	268.061230	4.430800	5.372400	-1	###FLOW###
4	3	138	0	0	0	19.250000	268.061230	4.430800	5.372400	-1	###LINE###
5	3	138	0	0	0	19.25	268.06	4.43	5.37	100	51
3	3	139	0	0	0	32.450000	268.061230	1.108800	5.372400	-1	###FLOW###
4	3	139	0	0	0	32.450000	268.061230	1.108800	5.372400	-1	###LINE###
5	3	139	0	0	0	32.45	268.06	1.11	5.37	100	I
3	3	140	0	0	0	19.250000	280.161230	4.430800	5.372400	-1	###FLOW###
4	3	140	0	0	0	19.250000	280.161230	4.430800	5.372400	-1	###LINE###
5	3	140	0	0	0	19.25	280.16	4.43	5.37	100	52
3	3	141	0	0	0	32.450000	280.161230	1.108800	5.372400	-1	###FLOW###
4	3	141	0	0	0	32.450000	280.161230	1.108800	5.372400	-1	###LINE###
5	3	141	0	0	0	32.45	280.16	1.11	5.37	100	I
3	3	142	0	0	0	19.250000	304.361230	4.430800	5.372400	-1	###FLOW###
4	3	142	0	0	0	19.250000	304.361230	4.430800	5.372400	-1	###LINE###
5	3	142	0	0	0	19.25	304.36	4.43	5.37	100	53
3	3	143	0	0	0	32.450000	304.361230	1.108800	5.372400	-1	###FLOW###
4	3	143	0	0	0	32.450000	304.361230	1.108800	5.372400	-1	###LINE###
5	3	143	0	0	0	32.45	304.36	1.11	5.37	100	I
3	3	144	0	0	0	19.250000	316.461230	4.430800	5.372400	-1	###FLOW###
4	3	144	0	0	0	19.250000	316.461230	4.430800	5.372400	-1	###LINE###
5	3	144	0	0	0	19.25	316.46	4.43	5.37	100	54
3	3	145	0	0	0	32.450000	316.461230	1.108800	5.372400	-1	###FLOW###
4	3	145	0	0	0	32.450000	316.461230	1.108800	5.372400	-1	###LINE###
5	3	145	0	0	0	32.45	316.46	1.11	5.37	100	I
3	3	146	0	0	0	19.250000	334.611230	4.430800	5.372400	-1	###FLOW###
4	3	146	0	0	0	19.250000	334.611230	4.430800	5.372400	-1	###LINE###
5	3	146	0	0	0	19.25	334.61	4.43	5.37	100	55
3	3	147	0	0	0	32.450000	334.611230	1.108800	5.372400	-1	###FLOW###
4	3	147	0	0	0	32.450000	334.611230	1.108800	5.372400	-1	###LINE###
5	3	147	0	0	0	32.45	334.61	1.11	5.37	100	I
3	3	148	0	0	0	51.700000	334.611230	57.860000	11.422400	-1	###FLOW###
4	3	148	0	0	0	51.700000	334.611230	57.860000	5.372400	-1	###LINE###
5	3	148	0	0	0	51.70	334.61	14.88	5.37	100	A00-B99
5	3	148	0	0	1	70.40	334.61	13.31	5.37	100	Certain
5	3	148	0	0	2	84.70	334.61	17.12	5.37	100	infectious
5	3	148	0	0	3	102.85	334.61	6.71	5.37	100	and
4	3	148	0	1	0	70.400000	340.661230	31.420400	5.372400	-1	###LINE###
5	3	148	0	1	0	70.40	340.66	15.61	5.37	100	parasitic
5	3	148	0	1	1	86.90	340.66	14.92	5.37	100	diseases
3	3	149	0	0	0	115.500000	334.611230	96.320400	11.422400	-1	###FLOW###
4	3	149	0	0	0	115.500000	334.611230	96.320400	5.372400	-1	###LINE###
5	3	149	0	0	0	115.50	334.61	8.91	5.37	100	Bệnh
5	3	149	0	0	1	125.40	334.61	12.21	5.37	100	truyền
5	3	149	0	0	2	138.60	334.61	11.22	5.37	100	nhiễm
5	3	149	0	0	3	150.70	334.61	4.31	5.37	100	và
5	3	149	0	0	4	157.85	334.61	15.43	5.37	100	A00-A09
5	3	149	0	0	5	176.55	334.61	16.96	5.37	100	Intestinal
5	3	149	0	0	6	194.70	334.61	17.12	5.37	100	infectious
4	3	149	0	1	0	115.500000	340.661230	23.522400	5.372400	-1	###LINE###
5	3	149	0	1	0	115.50	340.66	4.19	5.37	100	ký
5	3	149	0	1	1	121.00	340.66	7.26	5.37	100	sinh
5	3	149	0	1	2	129.25	340.66	9.77	5.37	100	trùng
4	3	149	0	2	0	176.550000	340.661230	14.920400	5.372400	-1	###LINE###
5	3	149	0	2	0	176.55	340.66	14.92	5.37	100	diseases
3	3	150	0	0	0	217.250000	334.611230	34.315600	11.422400	-1	###FLOW###
4	3	150	0	0	0	217.250000	334.611230	34.315600	5.372400	-1	###LINE###
5	3	150	0	0	0	217.25	334.61	8.91	5.37	100	Bệnh
5	3	150	0	0	1	227.15	334.61	12.21	5.37	100	truyền
5	3	150	0	0	2	240.35	334.61	11.22	5.37	100	nhiễm
4	3	150	0	1	0	217.250000	340.661230	20.724000	5.372400	-1	###LINE###
5	3	150	0	1	0	217.25	340.66	11.97	5.37	100	đường
5	3	150	0	1	1	230.45	340.66	7.52	5.37	100	ruột
3	3	151	0	0	0	388.850000	334.611230	7.180800	5.372400	-1	###FLOW###
4	3	151	0	0	0	388.850000	334.611230	7.180800	5.372400	-1	###LINE###
5	3	151	0	0	0	388.85	334.61	7.18	5.37	100	A07
3	3	152	0	0	0	19.250000	352.761230	4.430800	5.372400	-1	###FLOW###
4	3	152	0	0	0	19.250000	352.761230	4.430800	5.372400	-1	###LINE###
5	3	152	0	0	0	19.25	352.76	4.43	5.37	100	56
3	3	153	0	0	0	32.450000	352.761230	1.108800	5.372400	-1	###FLOW###
4	3	153	0	0	0	32.450000	352.761230	1.108800	5.372400	-1	###LINE###
5	3	153	0	0	0	32.45	352.76	1.11	5.37	100	I
3	3	154	0	0	0	51.700000	352.761230	57.860000	11.422400	-1	###FLOW###
4	3	154	0	0	0	51.700000	352.761230	57.860000	5.372400	-1	###LINE###
5	3	154	0	0	0	51.70	352.76	14.88	5.37	100	A00-B99
5	3	154	0	0	1	70.40	352.76	13.31	5.37	100	Certain
5	3	154	0	0	2	84.70	352.76	17.12	5.37	100	infectious
5	3	154	0	0	3	102.85	352.76	6.71	5.37	100	and
4	3	154	0	1	0	70.400000	358.811230	31.420400	5.372400	-1	###LINE###
5	3	154	0	1	0	70.40	358.81	15.61	5.37	100	parasitic
5	3	154	0	1	1	86.90	358.81	14.92	5.37	100	diseases
3	3	155	0	0	0	115.500000	352.761230	96.320400	11.422400	-1	###FLOW###
4	3	155	0	0	0	115.500000	352.761230	96.320400	5.372400	-1	###LINE###
5	3	155	0	0	0	115.50	352.76	8.91	5.37	100	Bệnh
5	3	155	0	0	1	125.40	352.76	12.21	5.37	100	truyền
5	3	155	0	0	2	138.60	352.76	11.22	5.37	100	nhiễm
5	3	155	0	0	3	150.70	352.76	4.31	5.37	100	và
5	3	155	0	0	4	157.85	352.76	15.43	5.37	100	A00-A09
5	3	155	0	0	5	176.55	352.76	16.96	5.37	100	Intestinal
5	3	155	0	0	6	194.70	352.76	17.12	5.37	100	infectious
4	3	155	0	1	0	115.500000	358.811230	23.522400	5.372400	-1	###LINE###
5	3	155	0	1	0	115.50	358.81	4.19	5.37	100	ký
5	3	155	0	1	1	121.00	358.81	7.26	5.37	100	sinh
5	3	155	0	1	2	129.25	358.81	9.77	5.37	100	trùng
4	3	155	0	2	0	176.550000	358.811230	14.920400	5.372400	-1	###LINE###
5	3	155	0	2	0	176.55	358.81	14.92	5.37	100	diseases
3	3	156	0	0	0	217.250000	352.761230	34.315600	11.422400	-1	###FLOW###
4	3	156	0	0	0	217.250000	352.761230	34.315600	5.372400	-1	###LINE###
5	3	156	0	0	0	217.25	352.76	8.91	5.37	100	Bệnh
5	3	156	0	0	1	227.15	352.76	12.21	5.37	100	truyền
5	3	156	0	0	2	240.35	352.76	11.22	5.37	100	nhiễm
4	3	156	0	1	0	217.250000	358.811230	20.724000	5.372400	-1	###LINE###
5	3	156	0	1	0	217.25	358.81	11.97	5.37	100	đường
5	3	156	0	1	1	230.45	358.81	7.52	5.37	100	ruột
3	3	157	0	0	0	388.850000	352.761230	7.180800	5.372400	-1	###FLOW###
4	3	157	0	0	0	388.850000	352.761230	7.180800	5.372400	-1	###LINE###
5	3	157	0	0	0	388.85	352.76	7.18	5.37	100	A07
3	3	158	0	0	0	19.250000	370.911230	4.430800	5.372400	-1	###FLOW###
4	3	158	0	0	0	19.250000	370.911230	4.430800	5.372400	-1	###LINE###
5	3	158	0	0	0	19.25	370.91	4.43	5.37	100	57
3	3	159	0	0	0	32.450000	370.911230	1.108800	5.372400	-1	###FLOW###
4	3	159	0	0	0	32.450000	370.911230	1.108800	5.372400	-1	###LINE###
5	3	159	0	0	0	32.45	370.91	1.11	5.37	100	I
3	3	160	0	0	0	51.700000	370.911230	57.860000	11.422400	-1	###FLOW###
4	3	160	0	0	0	51.700000	370.911230	57.860000	5.372400	-1	###LINE###
5	3	160	0	0	0	51.70	370.91	14.88	5.37	100	A00-B99
5	3	160	0	0	1	70.40	370.91	13.31	5.37	100	Certain
5	3	160	0	0	2	84.70	370.91	17.12	5.37	100	infectious
5	3	160	0	0	3	102.85	370.91	6.71	5.37	100	and
4	3	160	0	1	0	70.400000	376.961230	31.420400	5.372400	-1	###LINE###
5	3	160	0	1	0	70.40	376.96	15.61	5.37	100	parasitic
5	3	160	0	1	1	86.90	376.96	14.92	5.37	100	diseases
3	3	161	0	0	0	115.500000	370.911230	96.320400	11.422400	-1	###FLOW###
4	3	161	0	0	0	115.500000	370.911230	96.320400	5.372400	-1	###LINE###
5	3	161	0	0	0	115.50	370.91	8.91	5.37	100	Bệnh
5	3	161	0	0	1	125.40	370.91	12.21	5.37	100	truyền
5	3	161	0	0	2	138.60	370.91	11.22	5.37	100	nhiễm
5	3	161	0	0	3	150.70	370.91	4.31	5.37	100	và
5	3	161	0	0	4	157.85	370.91	15.43	5.37	100	A00-A09
5	3	161	0	0	5	176.55	370.91	16.96	5.37	100	Intestinal
5	3	161	0	0	6	194.70	370.91	17.12	5.37	100	infectious
4	3	161	0	1	0	115.500000	376.961230	23.522400	5.372400	-1	###LINE###
5	3	161	0	1	0	115.50	376.96	4.19	5.37	100	ký
5	3	161	0	1	1	121.00	376.96	7.26	5.37	100	sinh
5	3	161	0	1	2	129.25	376.96	9.77	5.37	100	trùng
4	3	161	0	2	0	176.550000	376.961230	14.920400	5.372400	-1	###LINE###
5	3	161	0	2	0	176.55	376.96	14.92	5.37	100	diseases
3	3	162	0	0	0	217.250000	370.911230	34.315600	11.422400	-1	###FLOW###
4	3	162	0	0	0	217.250000	370.911230	34.315600	5.372400	-1	###LINE###
5	3	162	0	0	0	217.25	370.91	8.91	5.37	100	Bệnh
5	3	162	0	0	1	227.15	370.91	12.21	5.37	100	truyền
5	3	162	0	0	2	240.35	370.91	11.22	5.37	100	nhiễm
4	3	162	0	1	0	217.250000	376.961230	20.724000	5.372400	-1	###LINE###
5	3	162	0	1	0	217.25	376.96	11.97	5.37	100	đường
5	3	162	0	1	1	230.45	376.96	7.52	5.37	100	ruột
3	3	163	0	0	0	388.850000	370.911230	7.180800	5.372400	-1	###FLOW###
4	3	163	0	0	0	388.850000	370.911230	7.180800	5.372400	-1	###LINE###
5	3	163	0	0	0	388.85	370.91	7.18	5.37	100	A07
3	3	164	0	0	0	19.250000	389.061230	4.430800	5.372400	-1	###FLOW###
4	3	164	0	0	0	19.250000	389.061230	4.430800	5.372400	-1	###LINE###
5	3	164	0	0	0	19.25	389.06	4.43	5.37	100	58
3	3	165	0	0	0	32.450000	389.061230	1.108800	5.372400	-1	###FLOW###
4	3	165	0	0	0	32.450000	389.061230	1.108800	5.372400	-1	###LINE###
5	3	165	0	0	0	32.45	389.06	1.11	5.37	100	I
3	3	166	0	0	0	51.700000	389.061230	57.860000	11.422400	-1	###FLOW###
4	3	166	0	0	0	51.700000	389.061230	57.860000	5.372400	-1	###LINE###
5	3	166	0	0	0	51.70	389.06	14.88	5.37	100	A00-B99
5	3	166	0	0	1	70.40	389.06	13.31	5.37	100	Certain
5	3	166	0	0	2	84.70	389.06	17.12	5.37	100	infectious
5	3	166	0	0	3	102.85	389.06	6.71	5.37	100	and
4	3	166	0	1	0	70.400000	395.111230	31.420400	5.372400	-1	###LINE###
5	3	166	0	1	0	70.40	395.11	15.61	5.37	100	parasitic
5	3	166	0	1	1	86.90	395.11	14.92	5.37	100	diseases
3	3	167	0	0	0	115.500000	389.061230	96.320400	11.422400	-1	###FLOW###
4	3	167	0	0	0	115.500000	389.061230	96.320400	5.372400	-1	###LINE###
5	3	167	0	0	0	115.50	389.06	8.91	5.37	100	Bệnh
5	3	167	0	0	1	125.40	389.06	12.21	5.37	100	truyền
5	3	167	0	0	2	138.60	389.06	11.22	5.37	100	nhiễm
5	3	167	0	0	3	150.70	389.06	4.31	5.37	100	và
5	3	167	0	0	4	157.85	389.06	15.43	5.37	100	A00-A09
5	3	167	0	0	5	176.55	389.06	16.96	5.37	100	Intestinal
5	3	167	0	0	6	194.70	389.06	17.12	5.37	100	infectious
4	3	167	0	1	0	115.500000	395.111230	23.522400	5.372400	-1	###LINE###
5	3	167	0	1	0	115.50	395.11	4.19	5.37	100	ký
5	3	167	0	1	1	121.00	395.11	7.26	5.37	100	sinh
5	3	167	0	1	2	129.25	395.11	9.77	5.37	100	trùng
4	3	167	0	2	0	176.550000	395.111230	14.920400	5.372400	-1	###LINE###
5	3	167	0	2	0	176.55	395.11	14.92	5.37	100	diseases
3	3	168	0	0	0	217.250000	389.061230	34.315600	11.422400	-1	###FLOW###
4	3	168	0	0	0	217.250000	389.061230	34.315600	5.372400	-1	###LINE###
5	3	168	0	0	0	217.25	389.06	8.91	5.37	100	Bệnh
5	3	168	0	0	1	227.15	389.06	12.21	5.37	100	truyền
5	3	168	0	0	2	240.35	389.06	11.22	5.37	100	nhiễm
4	3	168	0	1	0	217.250000	395.111230	20.724000	5.372400	-1	###LINE###
5	3	168	0	1	0	217.25	395.11	11.97	5.37	100	đường
5	3	168	0	1	1	230.45	395.11	7.52	5.37	100	ruột
3	3	169	0	0	0	388.850000	389.061230	7.180800	5.372400	-1	###FLOW###
4	3	169	0	0	0	388.850000	389.061230	7.180800	5.372400	-1	###LINE###
5	3	169	0	0	0	388.85	389.06	7.18	5.37	100	A07
3	3	170	0	0	0	19.250000	425.911230	4.430800	5.372400	-1	###FLOW###
4	3	170	0	0	0	19.250000	425.911230	4.430800	5.372400	-1	###LINE###
5	3	170	0	0	0	19.25	425.91	4.43	5.37	100	59
3	3	171	0	0	0	32.450000	425.911230	1.108800	5.372400	-1	###FLOW###
4	3	171	0	0	0	32.450000	425.911230	1.108800	5.372400	-1	###LINE###
5	3	171	0	0	0	32.45	425.91	1.11	5.37	100	I
3	3	172	0	0	0	51.700000	425.911230	57.860000	11.422400	-1	###FLOW###
4	3	172	0	0	0	51.700000	425.911230	57.860000	5.372400	-1	###LINE###
5	3	172	0	0	0	51.70	425.91	14.88	5.37	100	A00-B99
5	3	172	0	0	1	70.40	425.91	13.31	5.37	100	Certain
5	3	172	0	0	2	84.70	425.91	17.12	5.37	100	infectious
5	3	172	0	0	3	102.85	425.91	6.71	5.37	100	and
4	3	172	0	1	0	70.400000	431.961230	31.420400	5.372400	-1	###LINE###
5	3	172	0	1	0	70.40	431.96	15.61	5.37	100	parasitic
5	3	172	0	1	1	86.90	431.96	14.92	5.37	100	diseases
3	3	173	0	0	0	115.500000	425.911230	96.320400	11.422400	-1	###FLOW###
4	3	173	0	0	0	115.500000	425.911230	96.320400	5.372400	-1	###LINE###
5	3	173	0	0	0	115.50	425.91	8.91	5.37	100	Bệnh
5	3	173	0	0	1	125.40	425.91	12.21	5.37	100	truyền
5	3	173	0	0	2	138.60	425.91	11.22	5.37	100	nhiễm
5	3	173	0	0	3	150.70	425.91	4.31	5.37	100	và
5	3	173	0	0	4	157.85	425.91	15.43	5.37	100	A00-A09
5	3	173	0	0	5	176.55	425.91	16.96	5.37	100	Intestinal
5	3	173	0	0	6	194.70	425.91	17.12	5.37	100	infectious
4	3	173	0	1	0	115.500000	431.961230	23.522400	5.372400	-1	###LINE###
5	3	173	0	1	0	115.50	431.96	4.19	5.37	100	ký
5	3	173	0	1	1	121.00	431.96	7.26	5.37	100	sinh
5	3	173	0	1	2	129.25	431.96	9.77	5.37	100	trùng
4	3	173	0	2	0	176.550000	431.961230	14.920400	5.372400	-1	###LINE###
5	3	173	0	2	0	176.55	431.96	14.92	5.37	100	diseases
3	3	174	0	0	0	217.250000	425.911230	34.315600	11.422400	-1	###FLOW###
4	3	174	0	0	0	217.250000	425.911230	34.315600	5.372400	-1	###LINE###
5	3	174	0	0	0	217.25	425.91	8.91	5.37	100	Bệnh
5	3	174	0	0	1	227.15	425.91	12.21	5.37	100	truyền
5	3	174	0	0	2	240.35	425.91	11.22	5.37	100	nhiễm
4	3	174	0	1	0	217.250000	431.961230	20.724000	5.372400	-1	###LINE###
5	3	174	0	1	0	217.25	431.96	11.97	5.37	100	đường
5	3	174	0	1	1	230.45	431.96	7.52	5.37	100	ruột
3	3	175	0	0	0	388.850000	425.911230	7.180800	5.372400	-1	###FLOW###
4	3	175	0	0	0	388.850000	425.911230	7.180800	5.372400	-1	###LINE###
5	3	175	0	0	0	388.85	425.91	7.18	5.37	100	A07
3	3	176	0	0	0	405.350000	425.911230	58.172400	17.472400	-1	###FLOW###
4	3	176	0	0	0	405.350000	425.911230	28.507600	5.372400	-1	###LINE###
5	3	176	0	0	0	405.35	425.91	10.34	5.37	100	Other
5	3	176	0	0	1	416.90	425.91	16.96	5.37	100	protozoal
4	3	176	0	1	0	441.650000	425.911230	21.872400	5.372400	-1	###LINE###
5	3	176	0	1	0	441.65	425.91	8.91	5.37	100	Bệnh
5	3	176	0	1	1	451.55	425.91	11.97	5.37	100	đường
4	3	176	0	2	0	405.350000	431.961230	57.860000	5.372400	-1	###LINE###
5	3	176	0	2	0	405.35	431.96	16.96	5.37	100	intestinal
5	3	176	0	2	1	423.50	431.96	14.92	5.37	100	diseases
5	3	176	0	2	2	441.65	431.96	7.52	5.37	100	ruột
5	3	176	0	2	3	450.45	431.96	4.52	5.37	100	do
5	3	176	0	2	4	455.95	431.96	7.26	5.37	100	đơn
4	3	176	0	3	0	441.650000	438.011230	16.161200	5.372400	-1	###LINE###
5	3	176	0	3	0	441.65	438.01	6.72	5.37	100	bào
5	3	176	0	3	1	449.35	438.01	8.46	5.37	100	khác
3	3	177	0	0	0	473.000000	425.911230	10.480800	5.372400	-1	###FLOW###
4	3	177	0	0	0	473.000000	425.911230	10.480800	5.372400	-1	###LINE###
5	3	177	0	0	0	473.00	425.91	10.48	5.37	100	A07.8
3	3	178	0	0	0	490.050000	425.911230	9.380800	5.372400	-1	###FLOW###
4	3	178	0	0	0	490.050000	425.911230	9.380800	5.372400	-1	###LINE###
5	3	178	0	0	0	490.05	425.91	9.38	5.37	100	A078
3	3	179	0	0	0	509.850000	425.911230	66.070400	23.522400	-1	###FLOW###
4	3	179	0	0	0	509.850000	425.911230	27.060000	5.372400	-1	###LINE###
5	3	179	0	0	0	509.85	425.91	10.34	5.37	100	Other
5	3	179	0	0	1	521.40	425.91	15.51	5.37	100	specified
4	3	179	0	1	0	547.250000	425.911230	16.957600	5.372400	-1	###LINE###
5	3	179	0	1	0	547.25	425.91	16.96	5.37	100	Intestinal
4	3	179	0	2	0	509.850000	431.961230	16.957600	5.372400	-1	###LINE###
5	3	179	0	2	0	509.85	431.96	16.96	5.37	100	protozoal
4	3	179	0	3	0	547.250000	431.961230	25.920400	5.372400	-1	###LINE###
5	3	179	0	3	0	547.25	431.96	25.92	5.37	100	trichomoniasis
4	3	179	0	4	0	509.850000	438.011230	61.120400	5.372400	-1	###LINE###
5	3	179	0	4	0	509.85	438.01	16.96	5.37	100	intestinal
5	3	179	0	4	1	528.00	438.01	14.92	5.37	100	diseases
5	3	179	0	4	2	547.25	438.01	23.72	5.37	100	Sarcocystosis
4	3	179	0	5	0	547.250000	444.061230	28.670400	5.372400	-1	###LINE###
5	3	179	0	5	0	547.25	444.06	28.67	5.37	100	Sarcosporidiosis
3	3	180	0	0	0	19.250000	468.811230	4.430800	5.372400	-1	###FLOW###
4	3	180	0	0	0	19.250000	468.811230	4.430800	5.372400	-1	###LINE###
5	3	180	0	0	0	19.25	468.81	4.43	5.37	100	60
3	3	181	0	0	0	32.450000	468.811230	1.108800	5.372400	-1	###FLOW###
4	3	181	0	0	0	32.450000	468.811230	1.108800	5.372400	-1	###LINE###
5	3	181	0	0	0	32.45	468.81	1.11	5.37	100	I
3	3	182	0	0	0	51.700000	468.811230	57.860000	11.422400	-1	###FLOW###
4	3	182	0	0	0	51.700000	468.811230	57.860000	5.372400	-1	###LINE###
5	3	182	0	0	0	51.70	468.81	14.88	5.37	100	A00-B99
5	3	182	0	0	1	70.40	468.81	13.31	5.37	100	Certain
5	3	182	0	0	2	84.70	468.81	17.12	5.37	100	infectious
5	3	182	0	0	3	102.85	468.81	6.71	5.37	100	and
4	3	182	0	1	0	70.400000	474.861230	31.420400	5.372400	-1	###LINE###
5	3	182	0	1	0	70.40	474.86	15.61	5.37	100	parasitic
5	3	182	0	1	1	86.90	474.86	14.92	5.37	100	diseases
3	3	183	0	0	0	115.500000	468.811230	96.320400	11.422400	-1	###FLOW###
4	3	183	0	0	0	115.500000	468.811230	96.320400	5.372400	-1	###LINE###
5	3	183	0	0	0	115.50	468.81	8.91	5.37	100	Bệnh
5	3	183	0	0	1	125.40	468.81	12.21	5.37	100	truyền
5	3	183	0	0	2	138.60	468.81	11.22	5.37	100	nhiễm
5	3	183	0	0	3	150.70	468.81	4.31	5.37	100	và
5	3	183	0	0	4	157.85	468.81	15.43	5.37	100	A00-A09
5	3	183	0	0	5	176.55	468.81	16.96	5.37	100	Intestinal
5	3	183	0	0	6	194.70	468.81	17.12	5.37	100	infectious
4	3	183	0	1	0	115.500000	474.861230	23.522400	5.372400	-1	###LINE###
5	3	183	0	1	0	115.50	474.86	4.19	5.37	100	ký
5	3	183	0	1	1	121.00	474.86	7.26	5.37	100	sinh
5	3	183	0	1	2	129.25	474.86	9.77	5.37	100	trùng
4	3	183	0	2	0	176.550000	474.861230	14.920400	5.372400	-1	###LINE###
5	3	183	0	2	0	176.55	474.86	14.92	5.37	100	diseases
3	3	184	0	0	0	217.250000	468.811230	34.315600	11.422400	-1	###FLOW###
4	3	184	0	0	0	217.250000	468.811230	34.315600	5.372400	-1	###LINE###
5	3	184	0	0	0	217.25	468.81	8.91	5.37	100	Bệnh
5	3	184	0	0	1	227.15	468.81	12.21	5.37	100	truyền
5	3	184	0	0	2	240.35	468.81	11.22	5.37	100	nhiễm
4	3	184	0	1	0	217.250000	474.861230	20.724000	5.372400	-1	###LINE###
5	3	184	0	1	0	217.25	474.86	11.97	5.37	100	đường
5	3	184	0	1	1	230.45	474.86	7.52	5.37	100	ruột
3	3	185	0	0	0	388.850000	468.811230	7.180800	5.372400	-1	###FLOW###
4	3	185	0	0	0	388.850000	468.811230	7.180800	5.372400	-1	###LINE###
5	3	185	0	0	0	388.85	468.81	7.18	5.37	100	A07
3	3	186	0	0	0	405.350000	468.811230	58.172400	17.472400	-1	###FLOW###
4	3	186	0	0	0	405.350000	468.811230	28.507600	5.372400	-1	###LINE###
5	3	186	0	0	0	405.35	468.81	10.34	5.37	100	Other
5	3	186	0	0	1	416.90	468.81	16.96	5.37	100	protozoal
4	3	186	0	1	0	441.650000	468.811230	21.872400	5.372400	-1	###LINE###
5	3	186	0	1	0	441.65	468.81	8.91	5.37	100	Bệnh
5	3	186	0	1	1	451.55	468.81	11.97	5.37	100	đường
4	3	186	0	2	0	405.350000	474.861230	57.860000	5.372400	-1	###LINE###
5	3	186	0	2	0	405.35	474.86	16.96	5.37	100	intestinal
5	3	186	0	2	1	423.50	474.86	14.92	5.37	100	diseases
5	3	186	0	2	2	441.65	474.86	7.52	5.37	100	ruột
5	3	186	0	2	3	450.45	474.86	4.52	5.37	100	do
5	3	186	0	2	4	455.95	474.86	7.26	5.37	100	đơn
4	3	186	0	3	0	441.650000	480.911230	16.161200	5.372400	-1	###LINE###
5	3	186	0	3	0	441.65	480.91	6.72	5.37	100	bào
5	3	186	0	3	1	449.35	480.91	8.46	5.37	100	khác
3	3	187	0	0	0	473.000000	468.811230	10.480800	5.372400	-1	###FLOW###
4	3	187	0	0	0	473.000000	468.811230	10.480800	5.372400	-1	###LINE###
5	3	187	0	0	0	473.00	468.81	10.48	5.37	100	A07.9
3	3	188	0	0	0	490.050000	468.811230	9.380800	5.372400	-1	###FLOW###
4	3	188	0	0	0	490.050000	468.811230	9.380800	5.372400	-1	###LINE###
5	3	188	0	0	0	490.05	468.81	9.38	5.37	100	A079
3	3	189	0	0	0	509.850000	468.811230	32.450000	17.472400	-1	###FLOW###
4	3	189	0	0	0	509.850000	468.811230	16.957600	5.372400	-1	###LINE###
5	3	189	0	0	0	509.85	468.81	16.96	5.37	100	Protozoal
4	3	189	0	1	0	509.850000	474.861230	32.450000	5.372400	-1	###LINE###
5	3	189	0	1	0	509.85	474.86	16.96	5.37	100	intestinal
5	3	189	0	1	1	528.00	474.86	14.30	5.37	100	disease,
4	3	189	0	2	0	509.850000	480.911230	19.910000	5.372400	-1	###LINE###
5	3	189	0	2	0	509.85	480.91	19.91	5.37	100	unspecified
3	3	190	0	0	0	19.250000	511.711230	4.430800	5.372400	-1	###FLOW###
4	3	190	0	0	0	19.250000	511.711230	4.430800	5.372400	-1	###LINE###
5	3	190	0	0	0	19.25	511.71	4.43	5.37	100	61
3	3	191	0	0	0	32.450000	511.711230	1.108800	5.372400	-1	###FLOW###
4	3	191	0	0	0	32.450000	511.711230	1.108800	5.372400	-1	###LINE###
5	3	191	0	0	0	32.45	511.71	1.11	5.37	100	I
3	3	192	0	0	0	51.700000	511.711230	57.860000	11.422400	-1	###FLOW###
4	3	192	0	0	0	51.700000	511.711230	57.860000	5.372400	-1	###LINE###
5	3	192	0	0	0	51.70	511.71	14.88	5.37	100	A00-B99
5	3	192	0	0	1	70.40	511.71	13.31	5.37	100	Certain
5	3	192	0	0	2	84.70	511.71	17.12	5.37	100	infectious
5	3	192	0	0	3	102.85	511.71	6.71	5.37	100	and
4	3	192	0	1	0	70.400000	517.761230	31.420400	5.372400	-1	###LINE###
5	3	192	0	1	0	70.40	517.76	15.61	5.37	100	parasitic
5	3	192	0	1	1	86.90	517.76	14.92	5.37	100	diseases
3	3	193	0	0	0	115.500000	511.711230	96.320400	11.422400	-1	###FLOW###
4	3	193	0	0	0	115.500000	511.711230	96.320400	5.372400	-1	###LINE###
5	3	193	0	0	0	115.50	511.71	8.91	5.37	100	Bệnh
5	3	193	0	0	1	125.40	511.71	12.21	5.37	100	truyền
5	3	193	0	0	2	138.60	511.71	11.22	5.37	100	nhiễm
5	3	193	0	0	3	150.70	511.71	4.31	5.37	100	và
5	3	193	0	0	4	157.85	511.71	15.43	5.37	100	A00-A09
5	3	193	0	0	5	176.55	511.71	16.96	5.37	100	Intestinal
5	3	193	0	0	6	194.70	511.71	17.12	5.37	100	infectious
4	3	193	0	1	0	115.500000	517.761230	23.522400	5.372400	-1	###LINE###
5	3	193	0	1	0	115.50	517.76	4.19	5.37	100	ký
5	3	193	0	1	1	121.00	517.76	7.26	5.37	100	sinh
5	3	193	0	1	2	129.25	517.76	9.77	5.37	100	trùng
4	3	193	0	2	0	176.550000	517.761230	14.920400	5.372400	-1	###LINE###
5	3	193	0	2	0	176.55	517.76	14.92	5.37	100	diseases
3	3	194	0	0	0	217.250000	511.711230	34.315600	11.422400	-1	###FLOW###
4	3	194	0	0	0	217.250000	511.711230	34.315600	5.372400	-1	###LINE###
5	3	194	0	0	0	217.25	511.71	8.91	5.37	100	Bệnh
5	3	194	0	0	1	227.15	511.71	12.21	5.37	100	truyền
5	3	194	0	0	2	240.35	511.71	11.22	5.37	100	nhiễm
4	3	194	0	1	0	217.250000	517.761230	20.724000	5.372400	-1	###LINE###
5	3	194	0	1	0	217.25	517.76	11.97	5.37	100	đường
5	3	194	0	1	1	230.45	517.76	7.52	5.37	100	ruột
3	3	195	0	0	0	388.850000	511.711230	7.180800	5.372400	-1	###FLOW###
4	3	195	0	0	0	388.850000	511.711230	7.180800	5.372400	-1	###LINE###
5	3	195	0	0	0	388.85	511.71	7.18	5.37	100	A08
3	3	196	0	0	0	473.000000	511.711230	7.180800	5.372400	-1	###FLOW###
4	3	196	0	0	0	473.000000	511.711230	7.180800	5.372400	-1	###LINE###
5	3	196	0	0	0	473.00	511.71	7.18	5.37	100	A08
3	3	197	0	0	0	490.050000	511.711230	7.180800	5.372400	-1	###FLOW###
4	3	197	0	0	0	490.050000	511.711230	7.180800	5.372400	-1	###LINE###
5	3	197	0	0	0	490.05	511.71	7.18	5.37	100	A08
3	3	198	0	0	0	19.250000	542.511230	4.430800	5.372400	-1	###FLOW###
4	3	198	0	0	0	19.250000	542.511230	4.430800	5.372400	-1	###LINE###
5	3	198	0	0	0	19.25	542.51	4.43	5.37	100	62
3	3	199	0	0	0	32.450000	542.511230	1.108800	5.372400	-1	###FLOW###
4	3	199	0	0	0	32.450000	542.511230	1.108800	5.372400	-1	###LINE###
5	3	199	0	0	0	32.45	542.51	1.11	5.37	100	I
3	3	200	0	0	0	51.700000	542.511230	57.860000	11.422400	-1	###FLOW###
4	3	200	0	0	0	51.700000	542.511230	57.860000	5.372400	-1	###LINE###
5	3	200	0	0	0	51.70	542.51	14.88	5.37	100	A00-B99
5	3	200	0	0	1	70.40	542.51	13.31	5.37	100	Certain
5	3	200	0	0	2	84.70	542.51	17.12	5.37	100	infectious
5	3	200	0	0	3	102.85	542.51	6.71	5.37	100	and
4	3	200	0	1	0	70.400000	548.561230	31.420400	5.372400	-1	###LINE###
5	3	200	0	1	0	70.40	548.56	15.61	5.37	100	parasitic
5	3	200	0	1	1	86.90	548.56	14.92	5.37	100	diseases
3	3	201	0	0	0	115.500000	542.511230	96.320400	11.422400	-1	###FLOW###
4	3	201	0	0	0	115.500000	542.511230	96.320400	5.372400	-1	###LINE###
5	3	201	0	0	0	115.50	542.51	8.91	5.37	100	Bệnh
5	3	201	0	0	1	125.40	542.51	12.21	5.37	100	truyền
5	3	201	0	0	2	138.60	542.51	11.22	5.37	100	nhiễm
5	3	201	0	0	3	150.70	542.51	4.31	5.37	100	và
5	3	201	0	0	4	157.85	542.51	15.43	5.37	100	A00-A09
5	3	201	0	0	5	176.55	542.51	16.96	5.37	100	Intestinal
5	3	201	0	0	6	194.70	542.51	17.12	5.37	100	infectious
4	3	201	0	1	0	115.500000	548.561230	23.522400	5.372400	-1	###LINE###
5	3	201	0	1	0	115.50	548.56	4.19	5.37	100	ký
5	3	201	0	1	1	121.00	548.56	7.26	5.37	100	sinh
5	3	201	0	1	2	129.25	548.56	9.77	5.37	100	trùng
4	3	201	0	2	0	176.550000	548.561230	14.920400	5.372400	-1	###LINE###
5	3	201	0	2	0	176.55	548.56	14.92	5.37	100	diseases
3	3	202	0	0	0	217.250000	542.511230	34.315600	11.422400	-1	###FLOW###
4	3	202	0	0	0	217.250000	542.511230	34.315600	5.372400	-1	###LINE###
5	3	202	0	0	0	217.25	542.51	8.91	5.37	100	Bệnh
5	3	202	0	0	1	227.15	542.51	12.21	5.37	100	truyền
5	3	202	0	0	2	240.35	542.51	11.22	5.37	100	nhiễm
4	3	202	0	1	0	217.250000	548.561230	20.724000	5.372400	-1	###LINE###
5	3	202	0	1	0	217.25	548.56	11.97	5.37	100	đường
5	3	202	0	1	1	230.45	548.56	7.52	5.37	100	ruột
3	3	203	0	0	0	388.850000	542.511230	7.180800	5.372400	-1	###FLOW###
4	3	203	0	0	0	388.850000	542.511230	7.180800	5.372400	-1	###LINE###
5	3	203	0	0	0	388.85	542.51	7.18	5.37	100	A08
3	3	204	0	0	0	405.350000	511.711230	62.818800	60.372400	-1	###FLOW###
4	3	204	0	0	0	405.350000	511.711230	27.385600	5.372400	-1	###LINE###
5	3	204	0	0	0	405.35	511.71	8.71	5.37	100	Viral
5	3	204	0	0	1	415.25	511.71	6.71	5.37	100	and
5	3	204	0	0	2	422.95	511.71	9.79	5.37	100	other
4	3	204	0	1	0	441.650000	511.711230	22.422400	5.372400	-1	###LINE###
5	3	204	0	1	0	441.65	511.71	11.77	5.37	100	Nhiễm
5	3	204	0	1	1	454.30	511.71	9.77	5.37	100	trùng
4	3	204	0	2	0	405.350000	517.761230	62.818800	5.372400	-1	###LINE###
5	3	204	0	2	0	405.35	517.76	15.51	5.37	100	specified
5	3	204	0	2	1	421.85	517.76	16.96	5.37	100	intestinal
5	3	204	0	2	2	441.65	517.76	11.97	5.37	100	đường
5	3	204	0	2	3	454.85	517.76	7.52	5.37	100	ruột
5	3	204	0	2	4	463.65	517.76	4.52	5.37	100	do
4	3	204	0	3	0	405.350000	523.811230	17.120400	5.372400	-1	###LINE###
5	3	204	0	3	0	405.35	523.81	17.12	5.37	100	infections
4	3	204	0	4	0	441.650000	523.811230	24.411200	5.372400	-1	###LINE###
5	3	204	0	4	0	441.65	523.81	8.87	5.37	100	virus
5	3	204	0	4	1	451.55	523.81	14.51	5.37	100	và/hoặc
4	3	204	0	5	0	441.650000	529.861230	22.211200	5.372400	-1	###LINE###
5	3	204	0	5	0	441.65	529.86	5.71	5.37	100	tác
5	3	204	0	5	1	448.25	529.86	8.91	5.37	100	nhân
5	3	204	0	5	2	458.15	529.86	5.71	5.37	100	xác
4	3	204	0	6	0	441.650000	535.911230	17.261200	5.372400	-1	###LINE###
5	3	204	0	6	0	441.65	535.91	7.81	5.37	100	định
5	3	204	0	6	1	450.45	535.91	8.46	5.37	100	khác
4	3	204	0	7	0	405.350000	542.511230	27.385600	5.372400	-1	###LINE###
5	3	204	0	7	0	405.35	542.51	8.71	5.37	100	Viral
5	3	204	0	7	1	415.25	542.51	6.71	5.37	100	and
5	3	204	0	7	2	422.95	542.51	9.79	5.37	100	other
4	3	204	0	8	0	441.650000	542.511230	22.422400	5.372400	-1	###LINE###
5	3	204	0	8	0	441.65	542.51	11.77	5.37	100	Nhiễm
5	3	204	0	8	1	454.30	542.51	9.77	5.37	100	trùng
4	3	204	0	9	0	405.350000	548.561230	62.818800	5.372400	-1	###LINE###
5	3	204	0	9	0	405.35	548.56	15.51	5.37	100	specified
5	3	204	0	9	1	421.85	548.56	16.96	5.37	100	intestinal
5	3	204	0	9	2	441.65	548.56	11.97	5.37	100	đường
5	3	204	0	9	3	454.85	548.56	7.52	5.37	100	ruột
5	3	204	0	9	4	463.65	548.56	4.52	5.37	100	do
4	3	204	0	10	0	405.350000	554.611230	17.120400	5.372400	-1	###LINE###
5	3	204	0	10	0	405.35	554.61	17.12	5.37	100	infections
4	3	204	0	11	0	441.650000	554.611230	24.411200	5.372400	-1	###LINE###
5	3	204	0	11	0	441.65	554.61	8.87	5.37	100	virus
5	3	204	0	11	1	451.55	554.61	14.51	5.37	100	và/hoặc
4	3	204	0	12	0	441.650000	560.661230	22.211200	5.372400	-1	###LINE###
5	3	204	0	12	0	441.65	560.66	5.71	5.37	100	tác
5	3	204	0	12	1	448.25	560.66	8.91	5.37	100	nhân
5	3	204	0	12	2	458.15	560.66	5.71	5.37	100	xác
4	3	204	0	13	0	441.650000	566.711230	17.261200	5.372400	-1	###LINE###
5	3	204	0	13	0	441.65	566.71	7.81	5.37	100	định
5	3	204	0	13	1	450.45	566.71	8.46	5.37	100	khác
3	3	205	0	0	0	473.000000	542.511230	10.480800	5.372400	-1	###FLOW###
4	3	205	0	0	0	473.000000	542.511230	10.480800	5.372400	-1	###LINE###
5	3	205	0	0	0	473.00	542.51	10.48	5.37	100	A08.0
3	3	206	0	0	0	490.050000	542.511230	9.380800	5.372400	-1	###FLOW###
4	3	206	0	0	0	490.050000	542.511230	9.380800	5.372400	-1	###LINE###
5	3	206	0	0	0	490.05	542.51	9.38	5.37	100	A080
3	3	207	0	0	0	509.850000	511.711230	75.724000	36.172400	-1	###FLOW###
4	3	207	0	0	0	509.850000	511.711230	27.385600	5.372400	-1	###LINE###
5	3	207	0	0	0	509.85	511.71	8.71	5.37	100	Viral
5	3	207	0	0	1	519.75	511.71	6.71	5.37	100	and
5	3	207	0	0	2	527.45	511.71	9.79	5.37	100	other
4	3	207	0	1	0	547.250000	511.711230	8.879200	5.372400	-1	###LINE###
5	3	207	0	1	0	547.25	511.71	8.88	5.37	100	Excl.:
4	3	207	0	2	0	509.850000	517.761230	62.810000	5.372400	-1	###LINE###
5	3	207	0	2	0	509.85	517.76	15.51	5.37	100	specified
5	3	207	0	2	1	526.35	517.76	16.96	5.37	100	intestinal
5	3	207	0	2	2	547.25	517.76	15.86	5.37	100	influenza
5	3	207	0	2	3	564.30	517.76	8.36	5.37	100	with
4	3	207	0	3	0	509.850000	523.811230	17.120400	5.372400	-1	###LINE###
5	3	207	0	3	0	509.85	523.81	17.12	5.37	100	infections
4	3	207	0	4	0	547.250000	523.811230	27.192000	5.372400	-1	###LINE###
5	3	207	0	4	0	547.25	523.81	22.37	5.37	100	involvement
5	3	207	0	4	1	570.90	523.81	3.54	5.37	100	of
4	3	207	0	5	0	547.250000	529.861230	38.324000	5.372400	-1	###LINE###
5	3	207	0	5	0	547.25	529.86	28.51	5.37	100	gastrointestinal
5	3	207	0	5	1	576.95	529.86	8.62	5.37	100	tract
4	3	207	0	6	0	547.250000	535.911230	31.583200	5.372400	-1	###LINE###
5	3	207	0	6	0	547.25	535.91	8.25	5.37	100	(J09,
5	3	207	0	6	1	556.60	535.91	10.45	5.37	100	J10.8,
5	3	207	0	6	2	568.15	535.91	10.68	5.37	100	J11.8)
4	3	207	0	7	0	509.850000	542.511230	33.070400	5.372400	-1	###LINE###
5	3	207	0	7	0	509.85	542.51	16.41	5.37	100	Rotaviral
5	3	207	0	7	1	527.45	542.51	15.47	5.37	100	enteritis
3	3	208	0	0	0	509.850000	255.961230	32.010000	35.622400	-1	###FLOW###
4	3	208	0	0	0	509.850000	255.961230	25.960000	5.372400	-1	###LINE###
5	3	208	0	0	0	509.85	255.96	15.61	5.37	100	Amoebic
5	3	208	0	0	1	526.35	255.96	9.46	5.37	100	brain
4	3	208	0	1	0	509.850000	262.011230	26.083200	5.372400	-1	###LINE###
5	3	208	0	1	0	509.85	262.01	13.27	5.37	100	abscess
5	3	208	0	1	1	524.15	262.01	11.78	5.37	100	(G07*)
4	3	208	0	2	0	509.850000	268.061230	18.770400	5.372400	-1	###LINE###
5	3	208	0	2	0	509.85	268.06	18.77	5.37	100	Cutaneous
4	3	208	0	3	0	509.850000	274.111230	19.870400	5.372400	-1	###LINE###
5	3	208	0	3	0	509.85	274.11	19.87	5.37	100	amoebiasis
4	3	208	0	4	0	509.850000	280.161230	32.010000	5.372400	-1	###LINE###
5	3	208	0	4	0	509.85	280.16	15.61	5.37	100	Amoebic
5	3	208	0	4	1	526.35	280.16	15.51	5.37	100	infection
4	3	208	0	5	0	509.850000	286.211230	23.720400	5.372400	-1	###LINE###
5	3	208	0	5	0	509.85	286.21	3.54	5.37	100	of
5	3	208	0	5	1	514.25	286.21	9.79	5.37	100	other
5	3	208	0	5	2	525.25	286.21	8.32	5.37	100	sites
3	3	209	0	0	0	591.250000	139.911230	39.710000	5.372400	-1	###FLOW###
4	3	209	0	0	0	591.250000	139.911230	39.710000	5.372400	-1	###LINE###
5	3	209	0	0	0	591.25	139.91	8.91	5.37	100	Bệnh
5	3	209	0	0	1	601.15	139.91	3.09	5.37	100	lỵ
5	3	209	0	0	2	605.55	139.91	10.01	5.37	100	a-míp
5	3	209	0	0	3	616.55	139.91	6.16	5.37	100	cấp
5	3	209	0	0	4	623.70	139.91	7.26	5.37	100	tính
3	3	210	0	0	0	641.850000	97.011230	33.660000	48.272400	-1	###FLOW###
4	3	210	0	0	0	641.850000	97.011230	31.015600	5.372400	-1	###LINE###
5	3	210	0	0	0	641.85	97.01	1.35	5.37	100	-
5	3	210	0	0	1	644.05	97.01	6.72	5.37	100	Bao
5	3	210	0	0	2	651.75	97.01	8.88	5.37	100	gồm:
5	3	210	0	0	3	661.65	97.01	11.22	5.37	100	nhiễm
4	3	210	0	1	0	641.850000	103.061230	15.518800	5.372400	-1	###LINE###
5	3	210	0	1	0	641.85	103.06	9.77	5.37	100	trùng
5	3	210	0	1	1	652.85	103.06	4.52	5.37	100	do
4	3	210	0	2	0	641.850000	109.111230	20.257600	5.372400	-1	###LINE###
5	3	210	0	2	0	641.85	109.11	20.26	5.37	100	Entamoeba
4	3	210	0	3	0	641.850000	115.161230	18.607600	5.372400	-1	###LINE###
5	3	210	0	3	0	641.85	115.16	18.61	5.37	100	histolytica
4	3	210	0	4	0	641.850000	121.211230	27.610000	5.372400	-1	###LINE###
5	3	210	0	4	0	641.85	121.21	1.35	5.37	100	-
5	3	210	0	4	1	644.05	121.21	7.06	5.37	100	Loại
5	3	210	0	4	2	652.30	121.21	7.23	5.37	100	trừ:
5	3	210	0	4	3	660.55	121.21	8.91	5.37	100	bệnh
4	3	210	0	5	0	641.850000	127.261230	31.693200	5.372400	-1	###LINE###
5	3	210	0	5	0	641.85	127.26	11.97	5.37	100	đường
5	3	210	0	5	1	655.05	127.26	7.52	5.37	100	ruột
5	3	210	0	5	2	663.85	127.26	4.52	5.37	100	do
5	3	210	0	5	3	669.35	127.26	4.19	5.37	100	ký
4	3	210	0	6	0	641.850000	133.311230	26.510000	5.372400	-1	###LINE###
5	3	210	0	6	0	641.85	133.31	7.26	5.37	100	sinh
5	3	210	0	6	1	650.10	133.31	9.77	5.37	100	trùng
5	3	210	0	6	2	661.10	133.31	7.26	5.37	100	đơn
4	3	210	0	7	0	641.850000	139.361230	6.718800	5.372400	-1	###LINE###
5	3	210	0	7	0	641.85	139.36	6.72	5.37	100	bào
4	3	210	0	8	0	649.550000	139.361230	8.461200	5.372400	-1	###LINE###
5	3	210	0	8	0	649.55	139.36	8.46	5.37	100	khác
4	3	210	0	9	0	658.900000	139.361230	16.610000	5.922400	-1	###LINE###
5	3	210	0	9	0	658.90	139.36	11.78	5.37	100	(A07.-)
5	3	210	0	9	1	669.35	139.91	6.16	5.37	100	cấp
4	3	210	0	10	0	641.850000	139.911230	11.110000	5.372400	-1	###LINE###
5	3	210	0	10	0	641.85	139.91	1.35	5.37	100	-
5	3	210	0	10	1	644.05	139.91	8.91	5.37	100	Bệnh
4	3	210	0	11	0	653.950000	139.911230	14.410000	5.372400	-1	###LINE###
5	3	210	0	11	0	653.95	139.91	3.09	5.37	100	lỵ
5	3	210	0	11	1	658.35	139.91	10.01	5.37	100	a-míp
3	3	211	0	0	0	727.650000	97.011230	7.180800	5.372400	-1	###FLOW###
4	3	211	0	0	0	727.650000	97.011230	7.180800	5.372400	-1	###LINE###
5	3	211	0	0	0	727.65	97.01	7.18	5.37	100	A06
3	3	212	0	0	0	641.850000	145.961230	32.872400	23.522400	-1	###FLOW###
4	3	212	0	0	0	641.850000	145.961230	7.260000	5.372400	-1	###LINE###
5	3	212	0	0	0	641.85	145.96	7.26	5.37	100	tính
4	3	212	0	1	0	641.850000	152.011230	26.510000	5.372400	-1	###LINE###
5	3	212	0	1	0	641.85	152.01	1.35	5.37	100	-
5	3	212	0	1	1	644.05	152.01	8.91	5.37	100	Bệnh
5	3	212	0	1	2	653.95	152.01	3.09	5.37	100	lỵ
5	3	212	0	1	3	658.35	152.01	10.01	5.37	100	a-míp
4	3	212	0	2	0	641.850000	158.061230	32.872400	5.372400	-1	###LINE###
5	3	212	0	2	0	641.85	158.06	11.97	5.37	100	đường
5	3	212	0	2	1	655.05	158.06	7.52	5.37	100	ruột
5	3	212	0	2	2	663.85	158.06	10.87	5.37	100	không
4	3	212	0	3	0	641.850000	164.111230	23.861200	5.372400	-1	###LINE###
5	3	212	0	3	0	641.85	164.11	5.71	5.37	100	xác
5	3	212	0	3	1	648.45	164.11	7.81	5.37	100	định
5	3	212	0	3	2	657.25	164.11	8.46	5.37	100	khác
3	3	212	1	0	0	591.250000	170.711230	46.024000	23.522400	-1	###FLOW###
4	3	212	1	0	0	591.250000	170.711230	46.024000	5.372400	-1	###LINE###
5	3	212	1	0	0	591.25	170.71	8.91	5.37	100	Bệnh
5	3	212	1	0	1	601.15	170.71	3.09	5.37	100	lỵ
5	3	212	1	0	2	605.55	170.71	10.01	5.37	100	a-míp
5	3	212	1	0	3	616.55	170.71	11.97	5.37	100	đường
5	3	212	1	0	4	629.75	170.71	7.52	5.37	100	ruột
4	3	212	1	1	0	591.250000	176.761230	16.060000	5.372400	-1	###LINE###
5	3	212	1	1	0	591.25	176.76	7.81	5.37	100	mạn
5	3	212	1	1	1	600.05	176.76	7.26	5.37	100	tính
4	3	212	1	2	0	591.250000	182.811230	43.560000	5.372400	-1	###LINE###
5	3	212	1	2	0	591.25	182.81	9.57	5.37	100	Viêm
5	3	212	1	2	1	601.70	182.81	5.41	5.37	100	đại
5	3	212	1	2	2	608.30	182.81	9.77	5.37	100	tràng
5	3	212	1	2	3	619.30	182.81	4.52	5.37	100	do
5	3	212	1	2	4	624.80	182.81	10.01	5.37	100	a-míp
4	3	212	1	3	0	591.250000	188.861230	41.593200	5.372400	-1	###LINE###
5	3	212	1	3	0	591.25	188.86	10.87	5.37	100	không
5	3	212	1	3	1	603.35	188.86	6.39	5.37	100	gây
5	3	212	1	3	2	611.05	188.86	5.41	5.37	100	hội
5	3	212	1	3	3	617.65	188.86	10.87	5.37	100	chứng
5	3	212	1	3	4	629.75	188.86	3.09	5.37	100	lỵ
3	3	213	0	0	0	547.250000	200.961230	28.969600	5.372400	-1	###FLOW###
4	3	213	0	0	0	547.250000	200.961230	28.969600	5.372400	-1	###LINE###
5	3	213	0	0	0	547.25	200.96	20.26	5.37	100	Amoeboma
5	3	213	0	0	1	568.70	200.96	7.52	5.37	100	NOS
3	3	214	0	0	0	591.250000	200.961230	35.574000	5.372400	-1	###FLOW###
4	3	214	0	0	0	591.250000	200.961230	35.574000	5.372400	-1	###LINE###
5	3	214	0	0	0	591.25	200.96	2.82	5.37	100	U
5	3	214	0	0	1	595.10	200.96	10.01	5.37	100	a-míp
5	3	214	0	0	2	606.10	200.96	11.97	5.37	100	đường
5	3	214	0	0	3	619.30	200.96	7.52	5.37	100	ruột
3	3	215	0	0	0	547.250000	213.061230	34.720400	5.372400	-1	###FLOW###
4	3	215	0	0	0	547.250000	213.061230	34.720400	5.372400	-1	###LINE###
5	3	215	0	0	0	547.25	213.06	13.96	5.37	100	Hepatic
5	3	215	0	0	1	562.10	213.06	19.87	5.37	100	amoebiasis
3	3	216	0	0	0	591.250000	213.061230	35.310000	17.472400	-1	###FLOW###
4	3	216	0	0	0	591.250000	213.061230	34.210000	5.372400	-1	###LINE###
5	3	216	0	0	0	591.25	213.06	5.06	5.37	100	Áp
5	3	216	0	0	1	597.30	213.06	3.84	5.37	100	xe
5	3	216	0	0	2	602.25	213.06	6.71	5.37	100	gan
5	3	216	0	0	3	609.95	213.06	4.52	5.37	100	do
5	3	216	0	0	4	615.45	213.06	10.01	5.37	100	a-míp
4	3	216	0	1	0	591.250000	219.111230	14.533200	5.372400	-1	###LINE###
5	3	216	0	1	0	591.25	219.11	14.53	5.37	100	(K77.0*)
4	3	216	0	2	0	591.250000	225.161230	35.310000	5.372400	-1	###LINE###
5	3	216	0	2	0	591.25	225.16	5.06	5.37	100	Áp
5	3	216	0	2	1	597.30	225.16	3.84	5.37	100	xe
5	3	216	0	2	2	602.25	225.16	7.61	5.37	100	phổi
5	3	216	0	2	3	611.05	225.16	4.52	5.37	100	do
5	3	216	0	2	4	616.55	225.16	10.01	5.37	100	a-míp
3	3	217	0	0	0	641.850000	200.961230	32.661200	17.472400	-1	###FLOW###
4	3	217	0	0	0	641.850000	200.961230	32.661200	5.372400	-1	###LINE###
5	3	217	0	0	0	641.85	200.96	2.82	5.37	100	U
5	3	217	0	0	1	645.70	200.96	10.01	5.37	100	a-míp
5	3	217	0	0	2	656.70	200.96	10.87	5.37	100	không
5	3	217	0	0	3	668.80	200.96	5.71	5.37	100	xác
4	3	217	0	1	0	641.850000	207.011230	17.261200	5.372400	-1	###LINE###
5	3	217	0	1	0	641.85	207.01	7.81	5.37	100	định
5	3	217	0	1	1	650.65	207.01	8.46	5.37	100	khác
4	3	217	0	2	0	641.850000	213.061230	31.460000	5.372400	-1	###LINE###
5	3	217	0	2	0	641.85	213.06	8.91	5.37	100	Bệnh
5	3	217	0	2	1	651.75	213.06	10.01	5.37	100	a-míp
5	3	217	0	2	2	662.75	213.06	2.54	5.37	100	ở
5	3	217	0	2	3	666.60	213.06	6.71	5.37	100	gan
3	3	218	0	0	0	547.250000	225.161230	90.983200	48.272400	-1	###FLOW###
4	3	218	0	0	0	547.250000	225.161230	34.342000	5.372400	-1	###LINE###
5	3	218	0	0	0	547.25	225.16	15.61	5.37	100	Amoebic
5	3	218	0	0	1	563.75	225.16	13.27	5.37	100	abscess
5	3	218	0	0	2	578.05	225.16	3.54	5.37	100	of
4	3	218	0	1	0	547.250000	231.211230	42.033200	5.372400	-1	###LINE###
5	3	218	0	1	0	547.25	231.21	7.57	5.37	100	lung
5	3	218	0	1	1	556.05	231.21	7.81	5.37	100	(and
5	3	218	0	1	2	564.85	231.21	9.58	5.37	100	liver)
5	3	218	0	1	3	575.30	231.21	13.98	5.37	100	(J99.8*)
4	3	218	0	2	0	547.250000	237.261230	34.342000	5.372400	-1	###LINE###
5	3	218	0	2	0	547.25	237.26	15.61	5.37	100	Amoebic
5	3	218	0	2	1	563.75	237.26	13.27	5.37	100	abscess
5	3	218	0	2	2	578.05	237.26	3.54	5.37	100	of
4	3	218	0	3	0	547.250000	243.311230	36.410000	5.372400	-1	###LINE###
5	3	218	0	3	0	547.25	243.31	7.57	5.37	100	lung
5	3	218	0	3	1	556.05	243.31	7.81	5.37	100	(and
5	3	218	0	3	2	564.85	243.31	9.58	5.37	100	liver)
5	3	218	0	3	3	575.30	243.31	8.36	5.37	100	with
4	3	218	0	4	0	547.250000	249.361230	34.883200	5.372400	-1	###LINE###
5	3	218	0	4	0	547.25	249.36	19.71	5.37	100	pneumonia
5	3	218	0	4	1	568.15	249.36	13.98	5.37	100	(J17.3*)
4	3	218	0	5	0	547.250000	255.961230	34.342000	5.372400	-1	###LINE###
5	3	218	0	5	0	547.25	255.96	15.61	5.37	100	Amoebic
5	3	218	0	5	1	563.75	255.96	13.27	5.37	100	abscess
5	3	218	0	5	2	578.05	255.96	3.54	5.37	100	of
4	3	218	0	6	0	591.250000	255.961230	46.983200	5.372400	-1	###LINE###
5	3	218	0	6	0	591.25	255.96	5.06	5.37	100	Áp
5	3	218	0	6	1	597.30	255.96	3.84	5.37	100	xe
5	3	218	0	6	2	602.25	255.96	6.72	5.37	100	não
5	3	218	0	6	3	609.95	255.96	4.52	5.37	100	do
5	3	218	0	6	4	615.45	255.96	10.01	5.37	100	a-míp
5	3	218	0	6	5	626.45	255.96	11.78	5.37	100	(G07*)
4	3	218	0	7	0	547.250000	262.011230	36.410000	5.372400	-1	###LINE###
5	3	218	0	7	0	547.25	262.01	9.46	5.37	100	brain
5	3	218	0	7	1	557.70	262.01	7.81	5.37	100	(and
5	3	218	0	7	2	566.50	262.01	17.16	5.37	100	liver)(and
4	3	218	0	8	0	591.250000	268.061230	31.807600	5.372400	-1	###LINE###
5	3	218	0	8	0	591.25	268.06	11.77	5.37	100	Nhiễm
5	3	218	0	8	1	603.90	268.06	10.01	5.37	100	a-míp
5	3	218	0	8	2	614.90	268.06	2.54	5.37	100	ở
5	3	218	0	8	3	618.75	268.06	4.31	5.37	100	da
3	3	219	0	0	0	641.850000	225.161230	33.215600	42.222400	-1	###FLOW###
4	3	219	0	0	0	641.850000	225.161230	31.807600	5.372400	-1	###LINE###
5	3	219	0	0	0	641.85	225.16	1.35	5.37	100	-
5	3	219	0	0	1	644.05	225.16	5.06	5.37	100	Áp
5	3	219	0	0	2	650.10	225.16	3.84	5.37	100	xe
5	3	219	0	0	3	655.05	225.16	10.01	5.37	100	a-míp
5	3	219	0	0	4	666.05	225.16	7.61	5.37	100	phổi
4	3	219	0	1	0	641.850000	231.211230	30.483200	5.372400	-1	###LINE###
5	3	219	0	1	0	641.85	231.21	5.41	5.37	100	(và
5	3	219	0	1	1	648.45	231.21	7.93	5.37	100	gan)
5	3	219	0	1	2	657.25	231.21	10.48	5.37	100	(J99.8
5	3	219	0	1	3	668.80	231.21	3.53	5.37	100	*)
4	3	219	0	2	0	641.850000	237.261230	27.407600	5.372400	-1	###LINE###
5	3	219	0	2	0	641.85	237.26	1.35	5.37	100	-
5	3	219	0	2	1	644.05	237.26	5.06	5.37	100	Áp
5	3	219	0	2	2	650.10	237.26	3.84	5.37	100	xe
5	3	219	0	2	3	655.05	237.26	7.61	5.37	100	phổi
5	3	219	0	2	4	663.85	237.26	5.41	5.37	100	(và
4	3	219	0	3	0	641.850000	243.311230	33.215600	5.372400	-1	###LINE###
5	3	219	0	3	0	641.85	243.31	7.93	5.37	100	gan)
5	3	219	0	3	1	650.65	243.31	4.52	5.37	100	do
5	3	219	0	3	2	656.15	243.31	10.01	5.37	100	a-míp
5	3	219	0	3	3	667.15	243.31	7.92	5.37	100	kèm
4	3	219	0	4	0	641.850000	249.361230	26.857600	5.372400	-1	###LINE###
5	3	219	0	4	0	641.85	249.36	8.37	5.37	100	theo
5	3	219	0	4	1	651.20	249.36	9.02	5.37	100	viêm
5	3	219	0	4	2	661.10	249.36	7.61	5.37	100	phổi
4	3	219	0	5	0	641.850000	255.411230	10.480800	5.372400	-1	###LINE###
5	3	219	0	5	0	641.85	255.41	10.48	5.37	100	(J17.3
4	3	219	0	6	0	653.400000	255.411230	3.533200	5.372400	-1	###LINE###
5	3	219	0	6	0	653.40	255.41	3.53	5.37	100	*)
4	3	219	0	7	0	641.850000	255.961230	21.010000	5.372400	-1	###LINE###
5	3	219	0	7	0	641.85	255.96	5.06	5.37	100	Áp
5	3	219	0	7	1	647.90	255.96	3.84	5.37	100	xe
5	3	219	0	7	2	652.85	255.96	10.01	5.37	100	a-míp
4	3	219	0	8	0	663.850000	255.961230	10.568800	5.372400	-1	###LINE###
5	3	219	0	8	0	663.85	255.96	2.54	5.37	100	ở
5	3	219	0	8	1	667.70	255.96	6.72	5.37	100	não
4	3	219	0	9	0	641.850000	262.011230	31.033200	5.372400	-1	###LINE###
5	3	219	0	9	0	641.85	262.01	5.41	5.37	100	(và
5	3	219	0	9	1	648.45	262.01	7.93	5.37	100	gan)
5	3	219	0	9	2	657.25	262.01	5.41	5.37	100	(và
5	3	219	0	9	3	663.85	262.01	9.03	5.37	100	phổi)
3	3	220	0	0	0	547.250000	280.161230	33.783200	17.472400	-1	###FLOW###
4	3	220	0	0	0	547.250000	280.161230	16.579200	5.372400	-1	###LINE###
5	3	220	0	0	0	547.25	280.16	16.58	5.37	100	Amoebic:
4	3	220	0	1	0	547.250000	286.211230	21.520400	5.372400	-1	###LINE###
5	3	220	0	1	0	547.25	286.21	21.52	5.37	100	appendicitis
4	3	220	0	2	0	547.250000	292.261230	33.783200	5.372400	-1	###LINE###
5	3	220	0	2	0	547.25	292.26	17.59	5.37	100	balanitis†
5	3	220	0	2	1	565.95	292.26	15.08	5.37	100	(N51.2*)
3	3	221	0	0	0	641.850000	280.161230	30.707600	23.522400	-1	###FLOW###
4	3	221	0	0	0	641.850000	280.161230	13.829200	5.372400	-1	###LINE###
5	3	221	0	0	0	641.85	280.16	1.35	5.37	100	-
5	3	221	0	0	1	644.05	280.16	11.63	5.37	100	A-míp:
4	3	221	0	1	0	641.850000	286.211230	30.707600	5.372400	-1	###LINE###
5	3	221	0	1	0	641.85	286.21	2.19	5.37	100	+
5	3	221	0	1	1	645.15	286.21	9.02	5.37	100	viêm
5	3	221	0	1	2	655.05	286.21	7.52	5.37	100	ruột
5	3	221	0	1	3	663.85	286.21	8.71	5.37	100	thừa
4	3	221	0	2	0	641.850000	292.261230	29.691200	5.372400	-1	###LINE###
5	3	221	0	2	0	641.85	292.26	2.19	5.37	100	+
5	3	221	0	2	1	645.15	292.26	9.02	5.37	100	viêm
5	3	221	0	2	2	655.05	292.26	6.39	5.37	100	quy
5	3	221	0	2	3	662.75	292.26	8.79	5.37	100	đầu†
4	3	221	0	3	0	641.850000	298.311230	16.183200	5.372400	-1	###LINE###
5	3	221	0	3	0	641.85	298.31	11.58	5.37	100	(N51.2
5	3	221	0	3	1	654.50	298.31	3.53	5.37	100	*)
3	3	222	0	0	0	509.850000	304.361230	33.070400	23.522400	-1	###FLOW###
4	3	222	0	0	0	509.850000	304.361230	21.450000	5.372400	-1	###LINE###
5	3	222	0	0	0	509.85	304.36	21.45	5.37	100	Amoebiasis,
4	3	222	0	1	0	509.850000	310.411230	19.910000	5.372400	-1	###LINE###
5	3	222	0	1	0	509.85	310.41	19.91	5.37	100	unspecified
4	3	222	0	2	0	509.850000	316.461230	28.507600	5.372400	-1	###LINE###
5	3	222	0	2	0	509.85	316.46	10.34	5.37	100	Other
5	3	222	0	2	1	521.40	316.46	16.96	5.37	100	protozoal
4	3	222	0	3	0	509.850000	322.511230	33.070400	5.372400	-1	###LINE###
5	3	222	0	3	0	509.85	322.51	16.96	5.37	100	intestinal
5	3	222	0	3	1	528.00	322.51	14.92	5.37	100	diseases
3	3	223	0	0	0	591.250000	280.161230	45.861200	5.372400	-1	###FLOW###
4	3	223	0	0	0	591.250000	280.161230	45.861200	5.372400	-1	###LINE###
5	3	223	0	0	0	591.25	280.16	11.77	5.37	100	Nhiễm
5	3	223	0	0	1	603.90	280.16	10.01	5.37	100	a-míp
5	3	223	0	0	2	614.90	280.16	2.54	5.37	100	ở
5	3	223	0	0	3	618.75	280.16	3.21	5.37	100	vị
5	3	223	0	0	4	623.15	280.16	4.31	5.37	100	trí
5	3	223	0	0	5	628.65	280.16	8.46	5.37	100	khác
3	3	224	0	0	0	591.250000	304.361230	45.311200	23.522400	-1	###FLOW###
4	3	224	0	0	0	591.250000	304.361230	45.311200	5.372400	-1	###LINE###
5	3	224	0	0	0	591.25	304.36	8.91	5.37	100	Bệnh
5	3	224	0	0	1	601.15	304.36	4.52	5.37	100	do
5	3	224	0	0	2	606.65	304.36	11.00	5.37	100	a-míp,
5	3	224	0	0	3	618.75	304.36	10.87	5.37	100	không
5	3	224	0	0	4	630.85	304.36	5.71	5.37	100	xác
4	3	224	0	1	0	591.250000	310.411230	7.810000	5.372400	-1	###LINE###
5	3	224	0	1	0	591.25	310.41	7.81	5.37	100	định
4	3	224	0	2	0	591.250000	316.461230	44.660000	5.372400	-1	###LINE###
5	3	224	0	2	0	591.25	316.46	8.91	5.37	100	Bệnh
5	3	224	0	2	1	601.15	316.46	11.97	5.37	100	đường
5	3	224	0	2	2	614.35	316.46	7.52	5.37	100	ruột
5	3	224	0	2	3	623.15	316.46	4.52	5.37	100	do
5	3	224	0	2	4	628.65	316.46	7.26	5.37	100	đơn
4	3	224	0	3	0	591.250000	322.511230	16.161200	5.372400	-1	###LINE###
5	3	224	0	3	0	591.25	322.51	6.72	5.37	100	bào
5	3	224	0	3	1	598.95	322.51	8.46	5.37	100	khác
3	3	224	1	0	0	547.250000	334.611230	38.293200	5.372400	-1	###FLOW###
4	3	224	1	0	0	547.250000	334.611230	38.293200	5.372400	-1	###LINE###
5	3	224	1	0	0	547.25	334.61	19.16	5.37	100	Balantidial
5	3	224	1	0	1	567.60	334.61	17.94	5.37	100	dysentery
3	3	225	0	0	0	547.250000	389.061230	36.370400	29.572400	-1	###FLOW###
4	3	225	0	0	0	547.250000	389.061230	28.168800	5.372400	-1	###LINE###
5	3	225	0	0	0	547.25	389.06	15.51	5.37	100	Infection
5	3	225	0	0	1	563.75	389.06	6.59	5.37	100	due
5	3	225	0	0	2	571.45	389.06	3.97	5.37	100	to
4	3	225	0	1	0	547.250000	395.111230	31.460000	5.372400	-1	###LINE###
5	3	225	0	1	0	547.25	395.11	14.76	5.37	100	Isospora
5	3	225	0	1	1	563.20	395.11	7.61	5.37	100	belli
5	3	225	0	1	2	572.00	395.11	6.71	5.37	100	and
4	3	225	0	2	0	547.250000	401.161230	29.770400	5.372400	-1	###LINE###
5	3	225	0	2	0	547.25	401.16	14.76	5.37	100	Isospora
5	3	225	0	2	1	563.20	401.16	13.82	5.37	100	hominis
4	3	225	0	3	0	547.250000	407.211230	36.370400	5.372400	-1	###LINE###
5	3	225	0	3	0	547.25	407.21	16.96	5.37	100	Intestinal
5	3	225	0	3	1	565.40	407.21	18.22	5.37	100	coccidiosis
4	3	225	0	4	0	547.250000	413.261230	19.320400	5.372400	-1	###LINE###
5	3	225	0	4	0	547.25	413.26	19.32	5.37	100	Isosporosis
3	3	226	0	0	0	547.250000	468.811230	36.757600	29.572400	-1	###FLOW###
4	3	226	0	0	0	547.250000	468.811230	36.757600	5.372400	-1	###LINE###
5	3	226	0	0	0	547.25	468.81	18.14	5.37	100	Flagellate
5	3	226	0	0	1	566.50	468.81	17.51	5.37	100	diarrhoea
4	3	226	0	1	0	547.250000	474.861230	18.229200	5.372400	-1	###LINE###
5	3	226	0	1	0	547.25	474.86	18.23	5.37	100	Protozoal:
4	3	226	0	2	0	547.250000	480.911230	10.520400	5.372400	-1	###LINE###
5	3	226	0	2	0	547.25	480.91	10.52	5.37	100	colitis
4	3	226	0	3	0	547.250000	486.961230	17.507600	5.372400	-1	###LINE###
5	3	226	0	3	0	547.25	486.96	17.51	5.37	100	diarrhoea
4	3	226	0	4	0	547.250000	493.011230	17.943200	5.372400	-1	###LINE###
5	3	226	0	4	0	547.25	493.01	17.94	5.37	100	dysentery
3	3	227	0	0	0	591.250000	334.611230	36.418800	11.422400	-1	###FLOW###
4	3	227	0	0	0	591.250000	334.611230	36.418800	5.372400	-1	###LINE###
5	3	227	0	0	0	591.25	334.61	8.91	5.37	100	Bệnh
5	3	227	0	0	1	601.15	334.61	11.97	5.37	100	đường
5	3	227	0	0	2	614.35	334.61	7.52	5.37	100	ruột
5	3	227	0	0	3	623.15	334.61	4.52	5.37	100	do
4	3	227	0	1	0	591.250000	340.661230	33.765600	5.372400	-1	###LINE###
5	3	227	0	1	0	591.25	340.66	11.22	5.37	100	nhiễm
5	3	227	0	1	1	603.35	340.66	21.67	5.37	100	balantidium
3	3	228	0	0	0	727.650000	316.461230	7.180800	5.372400	-1	###FLOW###
4	3	228	0	0	0	727.650000	316.461230	7.180800	5.372400	-1	###LINE###
5	3	228	0	0	0	727.65	316.46	7.18	5.37	100	A07
3	3	229	0	0	0	641.850000	334.611230	21.665600	11.422400	-1	###FLOW###
4	3	229	0	0	0	641.850000	334.611230	18.818800	5.372400	-1	###LINE###
5	3	229	0	0	0	641.85	334.61	8.91	5.37	100	Bệnh
5	3	229	0	0	1	651.75	334.61	3.09	5.37	100	lỵ
5	3	229	0	0	2	656.15	334.61	4.52	5.37	100	do
4	3	229	0	1	0	641.850000	340.661230	21.665600	5.372400	-1	###LINE###
5	3	229	0	1	0	641.85	340.66	21.67	5.37	100	Balantidium
3	3	230	0	0	0	591.250000	389.061230	36.418800	11.422400	-1	###FLOW###
4	3	230	0	0	0	591.250000	389.061230	36.418800	5.372400	-1	###LINE###
5	3	230	0	0	0	591.25	389.06	8.91	5.37	100	Bệnh
5	3	230	0	0	1	601.15	389.06	11.97	5.37	100	đường
5	3	230	0	0	2	614.35	389.06	7.52	5.37	100	ruột
5	3	230	0	0	3	623.15	389.06	4.52	5.37	100	do
4	3	230	0	1	0	591.250000	395.111230	26.857600	5.372400	-1	###LINE###
5	3	230	0	1	0	591.25	395.11	11.22	5.37	100	nhiễm
5	3	230	0	1	1	603.35	395.11	14.76	5.37	100	lsospora
3	3	231	0	0	0	591.250000	389.061230	84.260000	146.172400	-1	###FLOW###
4	3	231	0	0	0	641.850000	389.061230	29.607600	5.372400	-1	###LINE###
5	3	231	0	0	0	641.85	389.06	1.35	5.37	100	-
5	3	231	0	0	1	644.05	389.06	11.77	5.37	100	Nhiễm
5	3	231	0	0	2	656.70	389.06	14.76	5.37	100	Isospora
4	3	231	0	1	0	641.850000	395.111230	23.311200	5.372400	-1	###LINE###
5	3	231	0	1	0	641.85	395.11	7.61	5.37	100	belli
5	3	231	0	1	1	650.65	395.11	14.51	5.37	100	và/hoặc
4	3	231	0	2	0	641.850000	401.161230	29.770400	5.372400	-1	###LINE###
5	3	231	0	2	0	641.85	401.16	14.76	5.37	100	Isospora
5	3	231	0	2	1	657.80	401.16	13.82	5.37	100	hominis
4	3	231	0	3	0	641.850000	407.211230	28.507600	5.372400	-1	###LINE###
5	3	231	0	3	0	641.85	407.21	1.35	5.37	100	-
5	3	231	0	3	1	644.05	407.21	11.77	5.37	100	Nhiễm
5	3	231	0	3	2	656.70	407.21	13.66	5.37	100	coccidia
4	3	231	0	4	0	641.850000	413.261230	20.724000	5.372400	-1	###LINE###
5	3	231	0	4	0	641.85	413.26	11.97	5.37	100	đường
5	3	231	0	4	1	655.05	413.26	7.52	5.37	100	ruột
4	3	231	0	5	0	641.850000	419.311230	29.607600	5.372400	-1	###LINE###
5	3	231	0	5	0	641.85	419.31	1.35	5.37	100	-
5	3	231	0	5	1	644.05	419.31	11.77	5.37	100	Nhiễm
5	3	231	0	5	2	656.70	419.31	14.76	5.37	100	Isospora
4	3	231	0	6	0	591.250000	425.911230	79.415600	5.372400	-1	###LINE###
5	3	231	0	6	0	591.25	425.91	8.91	5.37	100	Bệnh
5	3	231	0	6	1	601.15	425.91	11.97	5.37	100	đường
5	3	231	0	6	2	614.35	425.91	7.52	5.37	100	ruột
5	3	231	0	6	3	623.15	425.91	4.52	5.37	100	do
5	3	231	0	6	4	628.65	425.91	7.26	5.37	100	đơn
5	3	231	0	6	5	641.85	425.91	1.35	5.37	100	-
5	3	231	0	6	6	644.05	425.91	8.91	5.37	100	Bệnh
5	3	231	0	6	7	653.95	425.91	4.52	5.37	100	do
5	3	231	0	6	8	659.45	425.91	11.22	5.37	100	nhiễm
4	3	231	0	7	0	591.250000	431.961230	31.561200	5.372400	-1	###LINE###
5	3	231	0	7	0	591.25	431.96	6.72	5.37	100	bào
5	3	231	0	7	1	598.95	431.96	5.71	5.37	100	xác
5	3	231	0	7	2	605.55	431.96	7.81	5.37	100	định
5	3	231	0	7	3	614.35	431.96	8.46	5.37	100	khác
4	3	231	0	8	0	641.850000	431.961230	22.070400	5.372400	-1	###LINE###
5	3	231	0	8	0	641.85	431.96	22.07	5.37	100	trichomonas
4	3	231	0	9	0	641.850000	438.011230	20.724000	5.372400	-1	###LINE###
5	3	231	0	9	0	641.85	438.01	11.97	5.37	100	đường
5	3	231	0	9	1	655.05	438.01	7.52	5.37	100	ruột
4	3	231	0	10	0	641.850000	444.061230	28.815600	5.372400	-1	###LINE###
5	3	231	0	10	0	641.85	444.06	1.35	5.37	100	-
5	3	231	0	10	1	644.05	444.06	8.91	5.37	100	Bệnh
5	3	231	0	10	2	653.95	444.06	4.52	5.37	100	do
5	3	231	0	10	3	659.45	444.06	11.22	5.37	100	nhiễm
4	3	231	0	11	0	641.850000	450.111230	23.720400	5.372400	-1	###LINE###
5	3	231	0	11	0	641.85	450.11	23.72	5.37	100	Sarcocystosis
4	3	231	0	12	0	641.850000	456.161230	28.815600	5.372400	-1	###LINE###
5	3	231	0	12	0	641.85	456.16	1.35	5.37	100	-
5	3	231	0	12	1	644.05	456.16	8.91	5.37	100	Bệnh
5	3	231	0	12	2	653.95	456.16	4.52	5.37	100	do
5	3	231	0	12	3	659.45	456.16	11.22	5.37	100	nhiễm
4	3	231	0	13	0	641.850000	462.211230	28.670400	5.372400	-1	###LINE###
5	3	231	0	13	0	641.85	462.21	28.67	5.37	100	Sarcosporidiosis
4	3	231	0	14	0	591.250000	468.811230	75.468800	5.372400	-1	###LINE###
5	3	231	0	14	0	591.25	468.81	8.91	5.37	100	Bệnh
5	3	231	0	14	1	601.15	468.81	11.97	5.37	100	đường
5	3	231	0	14	2	614.35	468.81	7.52	5.37	100	ruột
5	3	231	0	14	3	623.15	468.81	4.52	5.37	100	do
5	3	231	0	14	4	628.65	468.81	7.26	5.37	100	đơn
5	3	231	0	14	5	641.85	468.81	1.35	5.37	100	-
5	3	231	0	14	6	644.05	468.81	7.81	5.37	100	Tiêu
5	3	231	0	14	7	652.85	468.81	8.04	5.37	100	chảy
5	3	231	0	14	8	662.20	468.81	4.52	5.37	100	do
4	3	231	0	15	0	591.250000	474.861230	35.310000	5.372400	-1	###LINE###
5	3	231	0	15	0	591.25	474.86	7.70	5.37	100	bào,
5	3	231	0	15	1	600.05	474.86	10.87	5.37	100	không
5	3	231	0	15	2	612.15	474.86	5.71	5.37	100	xác
5	3	231	0	15	3	618.75	474.86	7.81	5.37	100	định
4	3	231	0	16	0	641.850000	474.861230	15.857600	5.372400	-1	###LINE###
5	3	231	0	16	0	641.85	474.86	9.77	5.37	100	trùng
5	3	231	0	16	1	652.85	474.86	4.86	5.37	100	roi
4	3	231	0	17	0	641.850000	480.911230	31.772400	5.372400	-1	###LINE###
5	3	231	0	17	0	641.85	480.91	1.35	5.37	100	-
5	3	231	0	17	1	644.05	480.91	5.07	5.37	100	Do
5	3	231	0	17	2	650.10	480.91	4.19	5.37	100	ký
5	3	231	0	17	3	655.60	480.91	7.26	5.37	100	sinh
5	3	231	0	17	4	663.85	480.91	9.77	5.37	100	trùng
4	3	231	0	18	0	641.850000	486.961230	16.029200	5.372400	-1	###LINE###
5	3	231	0	18	0	641.85	486.96	7.26	5.37	100	đơn
5	3	231	0	18	1	650.10	486.96	7.78	5.37	100	bào:
4	3	231	0	19	0	641.850000	493.011230	29.572400	5.372400	-1	###LINE###
5	3	231	0	19	0	641.85	493.01	2.19	5.37	100	+
5	3	231	0	19	1	645.15	493.01	9.02	5.37	100	viêm
5	3	231	0	19	2	655.05	493.01	5.41	5.37	100	đại
5	3	231	0	19	3	661.65	493.01	9.77	5.37	100	tràng
4	3	231	0	20	0	641.850000	499.061230	19.593200	5.372400	-1	###LINE###
5	3	231	0	20	0	641.85	499.06	2.19	5.37	100	+
5	3	231	0	20	1	645.15	499.06	7.26	5.37	100	tiêu
5	3	231	0	20	2	653.40	499.06	8.04	5.37	100	chảy
4	3	231	0	21	0	641.850000	505.111230	6.393200	5.372400	-1	###LINE###
5	3	231	0	21	0	641.85	505.11	2.19	5.37	100	+
5	3	231	0	21	1	645.15	505.11	3.09	5.37	100	lỵ
4	3	231	0	22	0	591.250000	511.711230	84.260000	5.372400	-1	###LINE###
5	3	231	0	22	0	591.25	511.71	11.77	5.37	100	Nhiễm
5	3	231	0	22	1	603.90	511.71	9.77	5.37	100	trùng
5	3	231	0	22	2	614.90	511.71	11.97	5.37	100	đường
5	3	231	0	22	3	628.10	511.71	7.52	5.37	100	ruột
5	3	231	0	22	4	641.85	511.71	1.35	5.37	100	-
5	3	231	0	22	5	644.05	511.71	7.06	5.37	100	Loại
5	3	231	0	22	6	652.30	511.71	7.23	5.37	100	trừ:
5	3	231	0	22	7	660.55	511.71	7.37	5.37	100	cúm
5	3	231	0	22	8	668.80	511.71	6.71	5.37	100	ảnh
4	3	231	0	23	0	591.250000	517.761230	84.260000	5.372400	-1	###LINE###
5	3	231	0	23	0	591.25	517.76	4.52	5.37	100	do
5	3	231	0	23	1	596.75	517.76	8.87	5.37	100	virus
5	3	231	0	23	2	606.65	517.76	14.51	5.37	100	và/hoặc
5	3	231	0	23	3	622.05	517.76	5.71	5.37	100	tác
5	3	231	0	23	4	628.65	517.76	8.91	5.37	100	nhân
5	3	231	0	23	5	641.85	517.76	11.97	5.37	100	hưởng
5	3	231	0	23	6	655.05	517.76	11.97	5.37	100	đường
5	3	231	0	23	7	668.25	517.76	7.26	5.37	100	tiêu
4	3	231	0	24	0	591.250000	523.811230	23.861200	5.372400	-1	###LINE###
5	3	231	0	24	0	591.25	523.81	5.71	5.37	100	xác
5	3	231	0	24	1	597.85	523.81	7.81	5.37	100	định
5	3	231	0	24	2	606.65	523.81	8.46	5.37	100	khác
4	3	231	0	25	0	641.850000	523.811230	27.500000	5.372400	-1	###LINE###
5	3	231	0	25	0	641.85	523.81	6.51	5.37	100	hóa
5	3	231	0	25	1	649.55	523.81	8.25	5.37	100	(J09,
5	3	231	0	25	2	658.90	523.81	10.45	5.37	100	J10.8,
4	3	231	0	26	0	641.850000	529.861230	10.683200	5.372400	-1	###LINE###
5	3	231	0	26	0	641.85	529.86	10.68	5.37	100	J11.8)
3	3	231	1	0	0	591.250000	542.511230	42.257600	5.372400	-1	###FLOW###
4	3	231	1	0	0	591.250000	542.511230	42.257600	5.372400	-1	###LINE###
5	3	231	1	0	0	591.25	542.51	9.57	5.37	100	Viêm
5	3	231	1	0	1	601.70	542.51	7.52	5.37	100	ruột
5	3	231	1	0	2	610.50	542.51	4.52	5.37	100	do
5	3	231	1	0	3	616.00	542.51	8.87	5.37	100	virus
5	3	231	1	0	4	625.90	542.51	7.61	5.37	100	rota
3	3	232	0	0	0	727.650000	511.711230	7.180800	5.372400	-1	###FLOW###
4	3	232	0	0	0	727.650000	511.711230	7.180800	5.372400	-1	###LINE###
5	3	232	0	0	0	727.65	511.71	7.18	5.37	100	A08
